time,avgFlowRate,eventLength,eventVolume,maxFlowRate,hour,day_of_week,is_weekend,part_of_day,time_since_last_event,burst_indicator,label
2025-01-28 03:20:36,0.0,13336.0,0.06,0.73,3,1,0,night,0.0,,
2025-01-28 03:21:59,0.87,3.0,0.04,0.52,3,1,0,night,83.0,kitchen_faucet,
2025-01-28 06:43:27,3.13,30.0,1.57,3.86,6,1,0,morning,12088.0,,
2025-01-28 07:55:35,1.39,6.0,0.14,1.36,7,1,0,morning,4328.0,kitchen_faucet,
2025-01-28 07:59:46,2.24,35.0,1.3,2.71,7,1,0,morning,251.0,,WC
2025-01-28 08:02:04,1.85,13.0,0.4,2.19,8,1,0,morning,138.0,,
2025-01-28 08:23:39,0.36,119.0,0.72,1.88,8,1,0,morning,1295.0,,
2025-01-28 08:57:46,1.12,401.0,7.45,3.55,8,1,0,morning,2047.0,,
2025-01-28 15:16:25,0.0,11793.0,0.04,0.52,15,1,0,afternoon,22719.0,,
2025-01-28 15:23:33,0.6,7.0,0.07,0.83,15,1,0,afternoon,428.0,kitchen_faucet,
2025-01-28 17:20:05,0.55,18.0,0.17,0.94,17,1,0,afternoon,6992.0,,
2025-01-28 17:25:16,0.55,18.0,0.17,0.94,17,1,0,afternoon,311.0,,
2025-01-28 18:45:39,3.13,1.0,0.05,0.63,18,1,0,evening,4823.0,kitchen_faucet,
2025-01-28 18:45:57,3.65,1.0,0.06,0.73,18,1,0,evening,18.0,kitchen_faucet,
2025-01-28 19:32:56,2.38,44.0,1.75,3.44,19,1,0,evening,2819.0,,WC
2025-01-28 19:46:36,4.28,5.0,0.36,4.28,19,1,0,evening,820.0,kitchen_faucet,
2025-01-28 19:47:57,4.96,66.0,5.45,6.16,19,1,0,evening,81.0,,
2025-01-28 19:54:22,0.02,201.0,0.06,0.73,19,1,0,evening,385.0,,
2025-01-28 20:08:42,0.04,94.0,0.06,0.73,20,1,0,evening,860.0,,
2025-01-28 20:12:15,0.65,8.0,0.09,0.94,20,1,0,evening,213.0,kitchen_faucet,
2025-01-28 20:14:00,0.87,12.0,0.17,1.36,20,1,0,evening,105.0,,
2025-01-28 20:36:29,1.54,37.0,0.95,1.98,20,1,0,evening,1349.0,,
2025-01-28 20:40:22,0.04,223.0,0.16,1.77,20,1,0,evening,233.0,,
2025-01-28 20:43:22,0.93,9.0,0.14,1.25,20,1,0,evening,180.0,kitchen_faucet,
2025-01-28 20:55:48,1.57,8.0,0.21,1.98,20,1,0,evening,746.0,kitchen_faucet,
2025-01-28 20:57:35,1.04,13.0,0.23,1.36,20,1,0,evening,107.0,,
2025-01-28 20:59:01,1.62,50.0,1.35,1.98,20,1,0,evening,86.0,,WC
2025-01-28 21:04:24,1.17,146.0,2.84,4.28,21,1,0,evening,323.0,,
2025-01-28 21:08:00,0.46,9.0,0.07,0.83,21,1,0,evening,216.0,kitchen_faucet,
2025-01-28 21:38:10,0.94,34.0,0.53,1.36,21,1,0,evening,1810.0,,
2025-01-28 21:44:29,0.91,93.0,1.42,1.36,21,1,0,evening,379.0,,
2025-01-28 21:45:05,1.43,4.0,0.1,1.15,21,1,0,evening,36.0,kitchen_faucet,
2025-01-28 21:53:51,0.01,441.0,0.04,0.52,21,1,0,evening,526.0,,
2025-01-28 22:25:33,1.83,2.0,0.06,0.73,22,1,0,evening,1902.0,kitchen_faucet,
2025-01-28 23:48:38,0.23,159.0,0.62,1.04,23,1,0,evening,4985.0,,
2025-01-29 00:00:05,0.2,89.0,0.3,1.67,0,2,0,night,687.0,,
2025-01-29 00:02:00,3.15,30.0,1.57,3.97,0,2,0,night,115.0,,
2025-01-29 08:24:11,2.38,32.0,1.27,2.71,8,2,0,morning,30131.0,,WC
2025-01-29 09:12:00,2.2,265.0,9.73,7.41,9,2,0,morning,2869.0,,shower
2025-01-29 11:08:16,0.0,1194.0,0.09,1.04,11,2,0,morning,6976.0,,
2025-01-29 11:09:35,1.14,16.0,0.3,1.57,11,2,0,morning,79.0,,
2025-01-29 11:09:52,1.57,9.0,0.23,2.09,11,2,0,morning,17.0,kitchen_faucet,
2025-01-29 11:19:16,0.01,405.0,0.04,0.52,11,2,0,morning,564.0,,
2025-01-29 12:02:18,3.49,35.0,2.03,4.49,12,2,0,afternoon,2582.0,,
2025-01-29 12:04:07,1.26,17.0,0.36,1.67,12,2,0,afternoon,109.0,,
2025-01-29 12:06:10,1.23,60.0,1.23,1.77,12,2,0,afternoon,123.0,,
2025-01-29 12:07:30,1.3,4.0,0.09,1.04,12,2,0,afternoon,80.0,kitchen_faucet,
2025-01-29 12:08:11,1.5,25.0,0.63,1.88,12,2,0,afternoon,41.0,,
2025-01-29 12:26:19,1.49,7.0,0.17,1.88,12,2,0,afternoon,1088.0,kitchen_faucet,
2025-01-29 12:56:06,1.22,3.0,0.06,0.73,12,2,0,afternoon,1787.0,kitchen_faucet,
2025-01-29 12:58:58,0.38,15.0,0.1,1.15,12,2,0,afternoon,172.0,,
2025-01-29 13:10:17,1.52,25.0,0.63,1.98,13,2,0,afternoon,679.0,,
2025-01-29 13:10:39,1.61,12.0,0.32,1.98,13,2,0,afternoon,22.0,,
2025-01-29 13:11:11,1.7,8.0,0.23,2.09,13,2,0,afternoon,32.0,kitchen_faucet,
2025-01-29 13:12:22,1.57,8.0,0.21,2.09,13,2,0,afternoon,71.0,kitchen_faucet,
2025-01-29 13:12:51,1.68,14.0,0.39,2.19,13,2,0,afternoon,29.0,,
2025-01-29 13:13:09,1.74,9.0,0.26,2.19,13,2,0,afternoon,18.0,kitchen_faucet,
2025-01-29 13:13:39,1.7,19.0,0.54,2.19,13,2,0,afternoon,30.0,,
2025-01-29 13:14:10,1.59,22.0,0.58,1.98,13,2,0,afternoon,31.0,,
2025-01-29 13:15:09,0.41,37.0,0.25,1.04,13,2,0,afternoon,59.0,,
2025-01-29 13:16:20,1.43,52.0,1.24,1.88,13,2,0,afternoon,71.0,,
2025-01-29 13:17:37,1.57,5.0,0.13,1.57,13,2,0,afternoon,77.0,kitchen_faucet,
2025-01-29 13:18:03,1.78,17.0,0.5,2.09,13,2,0,afternoon,26.0,,
2025-01-29 15:25:12,0.01,7493.0,1.39,2.19,15,2,0,afternoon,7629.0,,
2025-01-29 15:29:06,0.76,127.0,1.62,2.09,15,2,0,afternoon,234.0,,
2025-01-29 15:32:36,1.65,18.0,0.5,2.09,15,2,0,afternoon,210.0,,
2025-01-29 15:58:25,3.24,29.0,1.57,4.07,15,2,0,afternoon,1549.0,,WC
2025-01-29 16:19:42,0.7,6.0,0.07,0.83,16,2,0,afternoon,1277.0,kitchen_faucet,
2025-01-29 16:22:53,0.52,185.0,1.62,4.07,16,2,0,afternoon,191.0,,
2025-01-29 16:39:24,0.65,8.0,0.09,0.94,16,2,0,afternoon,991.0,kitchen_faucet,
2025-01-29 17:20:47,1.57,2.0,0.05,0.63,17,2,0,afternoon,2483.0,kitchen_faucet,
2025-01-29 17:22:22,1.88,5.0,0.16,1.88,17,2,0,afternoon,95.0,kitchen_faucet,
2025-01-29 17:24:18,0.87,3.0,0.04,0.52,17,2,0,afternoon,116.0,kitchen_faucet,
2025-01-29 23:26:43,0.0,21497.0,0.05,0.63,23,2,0,evening,21745.0,,
2025-01-30 05:28:12,0.0,21677.0,0.04,0.52,5,3,0,night,21689.0,,
2025-01-30 07:45:35,2.27,34.0,1.29,2.71,7,3,0,morning,8243.0,,WC
2025-01-30 07:54:09,0.55,19.0,0.17,0.94,7,3,0,morning,514.0,,
2025-01-30 07:54:17,0.6,7.0,0.07,0.83,7,3,0,morning,8.0,kitchen_faucet,
2025-01-30 07:59:04,1.57,39.0,1.02,2.09,7,3,0,morning,287.0,,
2025-01-30 08:16:37,2.54,175.0,7.42,7.3,8,3,0,morning,1053.0,,shower
2025-01-30 08:21:48,1.42,7.0,0.17,1.77,8,3,0,morning,311.0,kitchen_faucet,
2025-01-30 08:23:53,0.04,127.0,0.08,0.94,8,3,0,morning,125.0,,
2025-01-30 08:28:36,1.04,4.0,0.07,0.83,8,3,0,morning,283.0,kitchen_faucet,
2025-01-30 08:29:01,1.91,3.0,0.1,1.15,8,3,0,morning,25.0,kitchen_faucet,
2025-01-30 08:30:29,1.57,6.0,0.16,1.77,8,3,0,morning,88.0,kitchen_faucet,
2025-01-30 08:34:46,1.61,23.0,0.62,2.09,8,3,0,morning,257.0,,
2025-01-30 08:38:35,0.78,4.0,0.05,0.63,8,3,0,morning,229.0,kitchen_faucet,
2025-01-30 08:42:47,1.66,54.0,1.5,2.09,8,3,0,morning,252.0,,
2025-01-30 08:43:18,1.54,18.0,0.46,2.09,8,3,0,morning,31.0,,
2025-01-30 08:47:18,0.9,99.0,1.49,1.36,8,3,0,morning,240.0,,
2025-01-30 09:03:52,1.38,883.0,20.37,6.68,9,3,0,morning,994.0,,
2025-01-30 09:18:15,0.0,738.0,0.04,0.52,9,3,0,morning,863.0,,
2025-01-30 09:18:52,0.95,33.0,0.52,1.36,9,3,0,morning,37.0,,
2025-01-30 09:25:14,0.92,94.0,1.43,1.36,9,3,0,morning,382.0,,
2025-01-30 09:29:18,0.05,137.0,0.1,0.94,9,3,0,morning,244.0,,
2025-01-30 13:12:38,0.0,12263.0,0.04,0.52,13,3,0,afternoon,13400.0,,
2025-01-30 15:14:59,1.23,40.0,0.82,2.09,15,3,0,afternoon,7341.0,,
2025-01-30 15:18:46,1.57,6.0,0.16,1.77,15,3,0,afternoon,227.0,kitchen_faucet,
2025-01-30 15:23:32,1.88,5.0,0.16,1.88,15,3,0,afternoon,286.0,kitchen_faucet,
2025-01-30 15:25:59,1.96,4.0,0.13,1.57,15,3,0,afternoon,147.0,kitchen_faucet,
2025-01-30 16:17:17,1.62,19.0,0.51,2.09,16,3,0,afternoon,3078.0,,
2025-01-30 16:20:03,1.79,7.0,0.21,2.09,16,3,0,afternoon,166.0,kitchen_faucet,
2025-01-30 16:21:36,1.59,23.0,0.61,2.09,16,3,0,afternoon,93.0,,
2025-01-30 16:33:09,3.79,11.0,0.7,4.49,16,3,0,afternoon,693.0,,
2025-01-30 16:59:39,1.53,30.0,0.77,1.98,16,3,0,afternoon,1590.0,,
2025-01-30 17:06:50,2.16,35.0,1.26,2.71,17,3,0,afternoon,431.0,,WC
2025-01-30 17:09:04,2.22,4.0,0.15,1.77,17,3,0,afternoon,134.0,kitchen_faucet,
2025-01-30 18:34:48,1.57,5.0,0.13,1.57,18,3,0,evening,5144.0,kitchen_faucet,
2025-01-30 21:06:32,0.0,6192.0,0.1,1.15,21,3,0,evening,9104.0,,
2025-01-30 21:09:37,2.09,3.0,0.1,1.25,21,3,0,evening,185.0,kitchen_faucet,
2025-01-30 23:28:47,1.19,7.0,0.14,1.57,23,3,0,evening,8350.0,kitchen_faucet,
2025-01-31 06:37:31,1.99,45.0,1.5,2.71,6,4,0,morning,25724.0,,WC
2025-01-31 07:47:01,1.58,45.0,1.18,1.98,7,4,0,morning,4170.0,,
2025-01-31 07:47:47,1.57,13.0,0.34,2.09,7,4,0,morning,46.0,,
2025-01-31 07:47:58,1.7,4.0,0.11,1.36,7,4,0,morning,11.0,kitchen_faucet,
2025-01-31 07:57:07,0.55,329.0,2.99,2.09,7,4,0,morning,549.0,,
2025-01-31 07:58:09,1.57,26.0,0.68,2.09,7,4,0,morning,62.0,,
2025-01-31 08:00:08,1.57,4.0,0.1,1.25,8,4,0,morning,119.0,kitchen_faucet,
2025-01-31 08:14:12,0.01,466.0,0.05,0.63,8,4,0,morning,844.0,,
2025-01-31 08:26:45,1.57,73.0,1.9,1.98,8,4,0,morning,753.0,,
2025-01-31 08:34:46,0.02,332.0,0.1,1.04,8,4,0,morning,481.0,,
2025-01-31 08:42:36,1.73,453.0,13.06,6.05,8,4,0,morning,470.0,,
2025-01-31 08:43:22,1.66,11.0,0.3,1.98,8,4,0,morning,46.0,,
2025-01-31 08:43:58,1.53,14.0,0.36,1.98,8,4,0,morning,36.0,,
2025-01-31 08:47:14,0.07,91.0,0.11,1.36,8,4,0,morning,196.0,,
2025-01-31 08:50:13,1.22,3.0,0.06,0.73,8,4,0,morning,179.0,kitchen_faucet,
2025-01-31 08:55:31,1.8,275.0,8.25,3.55,8,4,0,morning,318.0,,shower
2025-01-31 08:56:28,1.36,44.0,1.0,1.77,8,4,0,morning,57.0,,
2025-01-31 09:08:17,0.06,586.0,0.59,1.98,9,4,0,morning,709.0,,
2025-01-31 09:09:46,0.17,75.0,0.21,1.46,9,4,0,morning,89.0,,
2025-01-31 09:10:02,1.22,3.0,0.06,0.73,9,4,0,morning,16.0,kitchen_faucet,
2025-01-31 09:13:03,1.57,11.0,0.29,1.98,9,4,0,morning,181.0,,
2025-01-31 09:13:03,2.09,2.0,0.07,0.83,9,4,0,morning,0.0,kitchen_faucet,
2025-01-31 09:16:45,0.65,8.0,0.09,0.94,9,4,0,morning,222.0,kitchen_faucet,
2025-01-31 14:08:44,1.57,8.0,0.21,1.98,14,4,0,afternoon,17519.0,kitchen_faucet,
2025-01-31 14:14:41,0.87,3.0,0.04,0.52,14,4,0,afternoon,357.0,kitchen_faucet,
2025-01-31 14:24:02,2.09,2.0,0.07,0.83,14,4,0,afternoon,561.0,kitchen_faucet,
2025-01-31 18:40:03,1.66,11.0,0.3,2.09,18,4,0,evening,15361.0,,
2025-01-31 21:25:59,1.49,14.0,0.35,1.98,21,4,0,evening,9956.0,,
2025-01-31 21:31:22,2.29,34.0,1.3,2.71,21,4,0,evening,323.0,,WC
2025-01-31 22:07:26,1.17,4.0,0.08,0.94,22,4,0,evening,2164.0,kitchen_faucet,
2025-02-01 08:15:32,0.0,34054.0,0.1,1.15,8,5,1,morning,36486.0,,
2025-02-01 08:16:18,0.58,18.0,0.17,0.94,8,5,1,morning,46.0,,
2025-02-01 08:20:42,1.5,34.0,0.85,1.67,8,5,1,morning,264.0,,
2025-02-01 08:21:33,1.72,10.0,0.29,1.98,8,5,1,morning,51.0,,
2025-02-01 08:26:37,2.34,33.0,1.29,2.71,8,5,1,morning,304.0,,WC
2025-02-01 08:26:53,1.68,9.0,0.25,2.09,8,5,1,morning,16.0,kitchen_faucet,
2025-02-01 08:29:35,3.65,1.0,0.06,0.73,8,5,1,morning,162.0,kitchen_faucet,
2025-02-01 08:36:19,1.35,179.0,4.03,1.88,8,5,1,morning,404.0,,
2025-02-01 08:36:42,2.09,3.0,0.1,1.25,8,5,1,morning,23.0,kitchen_faucet,
2025-02-01 08:37:50,2.36,32.0,1.26,2.71,8,5,1,morning,68.0,,WC
2025-02-01 08:38:49,1.48,19.0,0.47,1.98,8,5,1,morning,59.0,,
2025-02-01 08:52:59,2.25,58.0,2.17,2.71,8,5,1,morning,850.0,,
2025-02-01 08:54:56,0.68,26.0,0.3,1.15,8,5,1,morning,117.0,,
2025-02-01 08:55:46,1.7,8.0,0.23,1.98,8,5,1,morning,50.0,kitchen_faucet,
2025-02-01 08:56:53,2.84,45.0,2.13,3.76,8,5,1,morning,67.0,,
2025-02-01 08:59:17,0.02,133.0,0.05,0.63,8,5,1,morning,144.0,,
2025-02-01 08:59:33,2.61,1.0,0.04,0.52,8,5,1,morning,16.0,kitchen_faucet,
2025-02-01 09:02:22,1.3,8.0,0.17,1.57,9,5,1,morning,169.0,kitchen_faucet,
2025-02-01 09:10:28,0.02,159.0,0.04,0.52,9,5,1,morning,486.0,,
2025-02-01 10:03:30,2.26,60.0,2.26,2.71,10,5,1,morning,3182.0,,
2025-02-01 10:45:40,1.04,7.0,0.12,1.25,10,5,1,morning,2530.0,kitchen_faucet,
2025-02-01 11:23:14,0.01,1323.0,0.17,1.36,11,5,1,morning,2254.0,,
2025-02-01 11:23:34,1.57,13.0,0.34,2.09,11,5,1,morning,20.0,,
2025-02-01 11:23:49,1.57,2.0,0.05,0.63,11,5,1,morning,15.0,kitchen_faucet,
2025-02-01 11:23:57,3.65,1.0,0.06,0.73,11,5,1,morning,8.0,kitchen_faucet,
2025-02-01 11:26:16,1.62,10.0,0.27,1.88,11,5,1,morning,139.0,,
2025-02-01 11:32:41,2.21,58.0,2.14,2.71,11,5,1,morning,385.0,,
2025-02-01 11:33:49,4.79,55.0,4.39,6.16,11,5,1,morning,68.0,,
2025-02-01 11:38:16,3.72,176.0,10.92,6.68,11,5,1,morning,267.0,,shower
2025-02-01 11:39:43,3.06,46.0,2.35,4.38,11,5,1,morning,87.0,,
2025-02-01 11:47:18,1.73,400.0,11.52,5.74,11,5,1,morning,455.0,,
2025-02-01 11:52:07,0.77,94.0,1.2,4.49,11,5,1,morning,289.0,,
2025-02-01 11:52:47,4.17,8.0,0.56,5.22,11,5,1,morning,40.0,,
2025-02-01 11:55:24,4.17,6.0,0.42,4.7,11,5,1,morning,157.0,,
2025-02-01 11:56:43,2.98,7.0,0.35,3.86,11,5,1,morning,79.0,kitchen_faucet,
2025-02-01 11:57:46,3.02,24.0,1.21,3.65,11,5,1,morning,63.0,,
2025-02-01 11:58:05,3.88,7.0,0.45,5.01,11,5,1,morning,19.0,,
2025-02-01 12:00:57,4.17,8.0,0.56,5.63,12,5,1,afternoon,172.0,,
2025-02-01 12:01:32,5.18,14.0,1.21,6.26,12,5,1,afternoon,35.0,,
2025-02-01 14:45:16,0.1,1330.0,2.26,3.65,14,5,1,afternoon,9824.0,,
2025-02-01 14:49:04,1.82,199.0,6.04,5.95,14,5,1,afternoon,228.0,,shower
2025-02-01 14:58:13,6.16,5.0,0.51,6.05,14,5,1,afternoon,549.0,,
2025-02-01 15:02:41,1.85,29.0,0.9,1.98,15,5,1,afternoon,268.0,,
2025-02-01 15:04:28,1.98,79.0,2.61,2.5,15,5,1,afternoon,107.0,,
2025-02-01 15:05:24,1.9,17.0,0.54,2.3,15,5,1,afternoon,56.0,,
2025-02-01 15:06:34,2.04,12.0,0.41,2.3,15,5,1,afternoon,70.0,,
2025-02-01 15:07:19,2.14,10.0,0.36,2.5,15,5,1,afternoon,45.0,,
2025-02-01 15:41:33,1.06,274.0,4.85,1.57,15,5,1,afternoon,2054.0,,
2025-02-01 15:52:17,1.91,6.0,0.19,2.19,15,5,1,afternoon,644.0,kitchen_faucet,
2025-02-01 15:53:54,1.82,92.0,2.79,2.3,15,5,1,afternoon,97.0,,
2025-02-01 15:54:10,1.19,7.0,0.14,1.57,15,5,1,afternoon,16.0,kitchen_faucet,
2025-02-01 15:55:29,1.85,20.0,0.62,2.4,15,5,1,afternoon,79.0,,
2025-02-01 16:01:12,1.1,59.0,1.08,1.57,16,5,1,afternoon,343.0,,
2025-02-01 17:22:22,2.21,51.0,1.88,2.71,17,5,1,afternoon,4870.0,,
2025-02-01 18:14:57,0.73,5.0,0.06,0.73,18,5,1,evening,3155.0,kitchen_faucet,
2025-02-01 18:24:24,0.72,16.0,0.19,1.15,18,5,1,evening,567.0,,
2025-02-01 20:35:30,1.15,5.0,0.1,1.15,20,5,1,evening,7866.0,kitchen_faucet,
2025-02-01 21:11:05,0.01,2083.0,0.36,1.77,21,5,1,evening,2135.0,,
2025-02-01 21:20:44,1.83,4.0,0.12,1.46,21,5,1,evening,579.0,kitchen_faucet,
2025-02-02 07:34:34,0.0,7630.0,0.3,1.98,7,6,1,morning,36830.0,,
2025-02-02 07:35:22,2.28,40.0,1.52,2.82,7,6,1,morning,48.0,,WC
2025-02-02 07:40:19,0.84,56.0,0.78,1.25,7,6,1,morning,297.0,,
2025-02-02 07:45:10,1.59,73.0,1.93,1.98,7,6,1,morning,291.0,,
2025-02-02 07:48:13,0.9,100.0,1.5,1.36,7,6,1,morning,183.0,,
2025-02-02 07:51:04,0.73,5.0,0.06,0.73,7,6,1,morning,171.0,kitchen_faucet,
2025-02-02 08:05:24,1.88,5.0,0.16,1.88,8,6,1,morning,860.0,kitchen_faucet,
2025-02-02 08:09:12,1.74,3.0,0.09,1.04,8,6,1,morning,228.0,kitchen_faucet,
2025-02-02 08:13:05,1.57,19.0,0.5,2.09,8,6,1,morning,233.0,,
2025-02-02 08:13:21,1.51,9.0,0.23,1.77,8,6,1,morning,16.0,kitchen_faucet,
2025-02-02 08:13:56,1.46,15.0,0.37,1.88,8,6,1,morning,35.0,,
2025-02-02 08:19:28,0.95,34.0,0.54,1.36,8,6,1,morning,332.0,,
2025-02-02 08:20:43,1.39,58.0,1.35,2.82,8,6,1,morning,75.0,,
2025-02-02 08:22:14,1.54,24.0,0.62,1.98,8,6,1,morning,91.0,,
2025-02-02 08:25:47,0.93,93.0,1.43,1.36,8,6,1,morning,213.0,,
2025-02-02 08:36:36,2.31,40.0,1.54,2.71,8,6,1,morning,649.0,,WC
2025-02-02 08:38:30,1.91,3.0,0.1,1.15,8,6,1,morning,114.0,kitchen_faucet,
2025-02-02 08:38:43,3.13,1.0,0.05,0.63,8,6,1,morning,13.0,kitchen_faucet,
2025-02-02 08:39:06,1.14,11.0,0.21,1.57,8,6,1,morning,23.0,,
2025-02-02 08:39:43,1.15,10.0,0.19,1.25,8,6,1,morning,37.0,,
2025-02-02 08:40:31,0.87,6.0,0.09,0.94,8,6,1,morning,48.0,kitchen_faucet,
2025-02-02 08:42:02,0.11,64.0,0.12,1.46,8,6,1,morning,91.0,,
2025-02-02 08:42:31,1.28,18.0,0.38,1.67,8,6,1,morning,29.0,,
2025-02-02 09:24:46,0.0,2520.0,0.04,0.52,9,6,1,morning,2535.0,,
2025-02-02 09:26:00,0.58,18.0,0.17,0.94,9,6,1,morning,74.0,,
2025-02-02 09:49:28,0.0,1395.0,0.09,0.94,9,6,1,morning,1408.0,,
2025-02-02 10:47:47,2.26,58.0,2.18,2.71,10,6,1,morning,3499.0,,
2025-02-02 10:52:46,0.63,10.0,0.1,0.94,10,6,1,morning,299.0,,
2025-02-02 10:58:31,3.62,48.0,2.9,5.01,10,6,1,morning,345.0,,
2025-02-02 10:59:15,3.13,30.0,1.57,3.86,10,6,1,morning,44.0,,
2025-02-02 11:00:25,1.48,12.0,0.3,1.98,11,6,1,morning,70.0,,
2025-02-02 11:09:42,1.34,529.0,11.83,6.57,11,6,1,morning,557.0,,
2025-02-02 11:31:27,1.21,292.0,5.89,6.16,11,6,1,morning,1305.0,,
2025-02-02 11:37:11,1.63,8.0,0.22,1.88,11,6,1,morning,344.0,kitchen_faucet,
2025-02-02 14:48:41,2.25,57.0,2.14,2.71,14,6,1,afternoon,11490.0,,
2025-02-02 15:03:03,1.7,204.0,5.77,6.57,15,6,1,afternoon,862.0,,
2025-02-02 15:10:12,3.15,30.0,1.57,3.86,15,6,1,afternoon,429.0,,
2025-02-02 15:32:05,1.71,7.0,0.2,1.98,15,6,1,afternoon,1313.0,kitchen_faucet,
2025-02-02 15:33:26,1.21,35.0,0.7,1.77,15,6,1,afternoon,81.0,,
2025-02-02 15:37:29,1.04,3.0,0.05,0.63,15,6,1,afternoon,243.0,kitchen_faucet,
2025-02-02 15:38:52,1.61,13.0,0.35,1.98,15,6,1,afternoon,83.0,,
2025-02-02 15:43:31,1.57,3.0,0.08,0.94,15,6,1,afternoon,279.0,kitchen_faucet,
2025-02-02 15:44:02,1.48,6.0,0.15,1.77,15,6,1,afternoon,31.0,kitchen_faucet,
2025-02-02 15:51:26,1.55,199.0,5.15,6.05,15,6,1,afternoon,444.0,,
2025-02-02 15:56:17,2.7,12.0,0.54,3.55,15,6,1,afternoon,291.0,,
2025-02-02 15:56:29,2.7,6.0,0.27,3.13,15,6,1,afternoon,12.0,kitchen_faucet,
2025-02-02 15:57:31,1.43,4.0,0.1,1.15,15,6,1,afternoon,62.0,kitchen_faucet,
2025-02-02 15:57:50,1.04,6.0,0.1,1.25,15,6,1,afternoon,19.0,kitchen_faucet,
2025-02-02 16:54:48,1.62,10.0,0.27,1.98,16,6,1,afternoon,3418.0,,
2025-02-02 17:05:50,0.98,577.0,9.38,6.68,17,6,1,afternoon,662.0,,
2025-02-02 19:50:31,0.0,4669.0,0.08,0.94,19,6,1,evening,9881.0,,
2025-02-02 21:20:56,0.03,3836.0,1.79,2.82,21,6,1,evening,5425.0,,
2025-02-02 21:21:22,0.83,5.0,0.07,0.83,21,6,1,evening,26.0,kitchen_faucet,
2025-02-02 21:22:49,0.78,35.0,0.45,1.25,21,6,1,evening,87.0,,
2025-02-02 21:24:56,0.75,7.0,0.09,1.04,21,6,1,evening,127.0,kitchen_faucet,
2025-02-02 22:49:31,0.87,3.0,0.04,0.52,22,6,1,evening,5075.0,kitchen_faucet,
2025-02-02 23:09:23,3.1,30.0,1.55,3.86,23,6,1,evening,1192.0,,
2025-02-02 23:35:39,0.28,11.0,0.05,0.63,23,6,1,evening,1576.0,,
2025-02-03 07:03:53,0.01,26050.0,3.01,1.98,7,0,0,morning,26894.0,,
2025-02-03 07:04:46,1.48,37.0,0.91,1.88,7,0,0,morning,53.0,,
2025-02-03 07:06:17,0.5,26.0,0.22,0.83,7,0,0,morning,91.0,,
2025-02-03 07:06:56,0.7,6.0,0.07,0.83,7,0,0,morning,39.0,kitchen_faucet,
2025-02-03 07:09:17,0.13,58.0,0.12,0.94,7,0,0,morning,141.0,,
2025-02-03 07:13:32,1.57,3.0,0.08,0.94,7,0,0,morning,255.0,kitchen_faucet,
2025-02-03 07:20:42,1.68,9.0,0.25,1.98,7,0,0,morning,430.0,kitchen_faucet,
2025-02-03 07:21:10,1.0,13.0,0.22,1.36,7,0,0,morning,28.0,,
2025-02-03 07:22:11,1.45,28.0,0.68,1.98,7,0,0,morning,61.0,,
2025-02-03 07:29:19,1.66,21.0,0.58,1.98,7,0,0,morning,428.0,,
2025-02-03 07:30:10,1.91,3.0,0.1,1.15,7,0,0,morning,51.0,kitchen_faucet,
2025-02-03 07:31:18,1.48,47.0,1.16,1.98,7,0,0,morning,68.0,,
2025-02-03 07:31:39,1.51,10.0,0.25,1.88,7,0,0,morning,21.0,,
2025-02-03 07:32:38,2.22,35.0,1.3,2.71,7,0,0,morning,59.0,,WC
2025-02-03 07:34:38,1.15,20.0,0.38,1.46,7,0,0,morning,120.0,,
2025-02-03 07:35:32,1.6,29.0,0.77,1.98,7,0,0,morning,54.0,,
2025-02-03 07:36:02,1.12,20.0,0.37,1.88,7,0,0,morning,30.0,,
2025-02-03 07:36:36,1.22,6.0,0.12,1.46,7,0,0,morning,34.0,kitchen_faucet,
2025-02-03 07:47:15,0.72,493.0,5.92,5.63,7,0,0,morning,639.0,,
2025-02-03 07:53:50,0.01,206.0,0.04,0.52,7,0,0,morning,395.0,,
2025-02-03 07:56:22,0.04,60.0,0.04,0.52,7,0,0,morning,152.0,,
2025-02-03 07:57:36,1.57,10.0,0.26,1.88,7,0,0,morning,74.0,,
2025-02-03 08:08:06,0.37,587.0,3.64,6.16,8,0,0,morning,630.0,,
2025-02-03 08:09:07,0.91,4.0,0.06,0.73,8,0,0,morning,61.0,kitchen_faucet,
2025-02-03 08:10:31,1.25,5.0,0.1,1.25,8,0,0,morning,84.0,kitchen_faucet,
2025-02-03 08:11:58,1.3,2.0,0.04,0.52,8,0,0,morning,87.0,kitchen_faucet,
2025-02-03 08:15:16,1.3,2.0,0.04,0.52,8,0,0,morning,198.0,kitchen_faucet,
2025-02-03 08:23:14,2.23,49.0,1.82,2.71,8,0,0,morning,478.0,,WC
2025-02-03 09:27:53,0.0,860.0,0.04,0.52,9,0,0,morning,3879.0,,
2025-02-03 12:09:04,0.0,9386.0,0.04,0.52,12,0,0,afternoon,9671.0,,
2025-02-03 13:36:53,1.84,62.0,1.9,3.55,13,0,0,afternoon,5269.0,,
2025-02-03 14:36:37,0.64,9.0,0.1,0.94,14,0,0,afternoon,3584.0,kitchen_faucet,
2025-02-03 14:37:51,0.52,13.0,0.11,0.94,14,0,0,afternoon,74.0,,
2025-02-03 14:39:48,1.31,53.0,1.16,1.67,14,0,0,afternoon,117.0,,
2025-02-03 14:41:20,1.67,10.0,0.28,1.98,14,0,0,afternoon,92.0,,
2025-02-03 14:42:22,1.48,6.0,0.15,1.67,14,0,0,afternoon,62.0,kitchen_faucet,
2025-02-03 14:42:49,1.47,16.0,0.39,1.88,14,0,0,afternoon,27.0,,
2025-02-03 14:44:54,1.35,34.0,0.77,1.98,14,0,0,afternoon,125.0,,
2025-02-03 14:47:07,1.36,20.0,0.45,1.88,14,0,0,afternoon,133.0,,
2025-02-03 14:55:49,2.26,3.0,0.11,1.36,14,0,0,afternoon,522.0,kitchen_faucet,
2025-02-03 14:57:21,1.69,17.0,0.48,1.98,14,0,0,afternoon,92.0,,
2025-02-03 15:03:09,1.49,42.0,1.04,1.98,15,0,0,afternoon,348.0,,
2025-02-03 15:07:43,1.49,20.0,0.5,1.88,15,0,0,afternoon,274.0,,
2025-02-03 15:12:01,1.45,22.0,0.53,1.98,15,0,0,afternoon,258.0,,
2025-02-03 15:13:00,1.89,8.0,0.25,1.98,15,0,0,afternoon,59.0,kitchen_faucet,
2025-02-03 15:13:30,2.09,4.0,0.14,1.67,15,0,0,afternoon,30.0,kitchen_faucet,
2025-02-03 15:14:24,0.85,16.0,0.23,1.25,15,0,0,afternoon,54.0,,
2025-02-03 15:25:10,1.45,9.0,0.22,1.67,15,0,0,afternoon,646.0,kitchen_faucet,
2025-02-03 15:25:53,1.3,2.0,0.04,0.52,15,0,0,afternoon,43.0,kitchen_faucet,
2025-02-03 15:29:22,0.73,5.0,0.06,0.73,15,0,0,afternoon,209.0,kitchen_faucet,
2025-02-03 15:32:57,1.57,5.0,0.13,1.57,15,0,0,afternoon,215.0,kitchen_faucet,
2025-02-03 15:48:38,1.63,8.0,0.22,1.98,15,0,0,afternoon,941.0,kitchen_faucet,
2025-02-03 15:52:24,1.45,35.0,0.84,1.98,15,0,0,afternoon,226.0,,
2025-02-03 15:53:25,1.17,44.0,0.86,1.67,15,0,0,afternoon,61.0,,
2025-02-03 15:53:57,2.09,2.0,0.07,0.83,15,0,0,afternoon,32.0,kitchen_faucet,
2025-02-03 15:56:32,3.13,1.0,0.05,0.63,15,0,0,afternoon,155.0,kitchen_faucet,
2025-02-03 15:57:20,0.89,21.0,0.31,1.67,15,0,0,afternoon,48.0,,
2025-02-03 16:07:14,1.45,9.0,0.22,1.98,16,0,0,afternoon,594.0,kitchen_faucet,
2025-02-03 16:09:18,0.59,16.0,0.16,0.94,16,0,0,afternoon,124.0,,
2025-02-03 16:10:42,2.26,34.0,1.28,2.71,16,0,0,afternoon,84.0,,WC
2025-02-03 16:15:13,2.26,57.0,2.15,2.71,16,0,0,afternoon,271.0,,
2025-02-03 19:31:32,1.76,8.0,0.23,2.09,19,0,0,evening,11779.0,kitchen_faucet,
2025-02-03 23:54:47,0.0,1057.0,0.04,0.52,23,0,0,evening,15795.0,,
2025-02-04 00:28:37,0.19,73.0,0.23,1.57,0,1,0,night,2030.0,,
2025-02-04 07:51:24,0.0,21737.0,1.31,2.82,7,1,0,morning,26567.0,,
2025-02-04 08:05:32,1.5,23.0,0.57,1.88,8,1,0,morning,848.0,,
2025-02-04 08:12:32,2.26,45.0,1.7,2.71,8,1,0,morning,420.0,,WC
2025-02-04 08:14:36,1.43,16.0,0.38,1.77,8,1,0,morning,124.0,,
2025-02-04 08:15:27,0.78,4.0,0.05,0.63,8,1,0,morning,51.0,kitchen_faucet,
2025-02-04 08:22:04,2.26,3.0,0.11,1.36,8,1,0,morning,397.0,kitchen_faucet,
2025-02-04 08:22:54,1.39,6.0,0.14,1.57,8,1,0,morning,50.0,kitchen_faucet,
2025-02-04 08:23:03,1.22,3.0,0.06,0.73,8,1,0,morning,9.0,kitchen_faucet,
2025-02-04 08:25:33,0.19,59.0,0.18,0.94,8,1,0,morning,150.0,,
2025-02-04 08:29:40,1.07,136.0,2.42,3.65,8,1,0,morning,247.0,,
2025-02-04 08:33:07,0.77,23.0,0.3,1.88,8,1,0,morning,207.0,,
2025-02-04 08:34:13,1.48,6.0,0.15,1.67,8,1,0,morning,66.0,kitchen_faucet,
2025-02-04 08:37:53,1.57,5.0,0.13,1.57,8,1,0,morning,220.0,kitchen_faucet,
2025-02-04 08:42:09,0.06,176.0,0.18,1.88,8,1,0,morning,256.0,,
2025-02-04 08:47:08,2.21,176.0,6.47,6.16,8,1,0,morning,299.0,,shower
2025-02-04 08:58:20,0.1,110.0,0.18,1.36,8,1,0,morning,672.0,,
2025-02-04 09:47:23,0.28,508.0,2.35,2.82,9,1,0,morning,2943.0,,
2025-02-04 11:49:00,0.0,3119.0,0.05,0.63,11,1,0,morning,7297.0,,
2025-02-04 11:49:51,3.13,1.0,0.05,0.63,11,1,0,morning,51.0,kitchen_faucet,
2025-02-04 11:50:39,1.61,33.0,0.89,2.61,11,1,0,morning,48.0,,
2025-02-04 11:51:01,1.36,15.0,0.34,2.19,11,1,0,morning,22.0,,
2025-02-04 11:51:11,2.09,5.0,0.17,2.09,11,1,0,morning,10.0,kitchen_faucet,
2025-02-04 11:52:26,0.99,60.0,0.99,1.98,11,1,0,morning,75.0,,
2025-02-04 11:53:56,1.1,69.0,1.27,2.3,11,1,0,morning,90.0,,
2025-02-04 11:54:30,2.26,6.0,0.23,2.09,11,1,0,morning,34.0,kitchen_faucet,
2025-02-04 12:00:13,0.04,74.0,0.04,0.52,12,1,0,afternoon,343.0,,
2025-02-04 12:02:54,0.03,97.0,0.04,0.52,12,1,0,afternoon,161.0,,
2025-02-04 12:04:16,0.54,65.0,0.58,1.36,12,1,0,afternoon,82.0,,
2025-02-04 12:04:42,0.55,17.0,0.16,0.73,12,1,0,afternoon,26.0,,
2025-02-04 12:05:37,0.61,45.0,0.46,0.83,12,1,0,afternoon,55.0,,
2025-02-04 12:08:11,1.28,149.0,3.17,1.98,12,1,0,afternoon,154.0,,
2025-02-04 12:09:22,1.69,56.0,1.57,2.4,12,1,0,afternoon,71.0,,
2025-02-04 12:09:38,0.37,7.0,0.04,0.52,12,1,0,afternoon,16.0,kitchen_faucet,
2025-02-04 12:10:18,0.49,16.0,0.13,0.73,12,1,0,afternoon,40.0,,
2025-02-04 12:11:04,0.09,29.0,0.04,0.52,12,1,0,afternoon,46.0,,
2025-02-04 12:11:25,0.52,13.0,0.11,0.94,12,1,0,afternoon,21.0,,
2025-02-04 12:11:34,1.3,2.0,0.04,0.52,12,1,0,afternoon,9.0,kitchen_faucet,
2025-02-04 12:11:56,0.49,15.0,0.12,1.04,12,1,0,afternoon,22.0,,
2025-02-04 12:12:25,0.47,19.0,0.15,0.94,12,1,0,afternoon,29.0,,
2025-02-04 12:13:11,0.85,37.0,0.52,1.36,12,1,0,afternoon,46.0,,
2025-02-04 12:18:34,0.89,310.0,4.57,1.57,12,1,0,afternoon,323.0,,
2025-02-04 12:18:50,0.45,7.0,0.05,0.63,12,1,0,afternoon,16.0,kitchen_faucet,
2025-02-04 12:19:24,0.3,14.0,0.07,0.73,12,1,0,afternoon,34.0,,
2025-02-04 12:19:53,0.32,13.0,0.07,0.73,12,1,0,afternoon,29.0,,
2025-02-04 12:20:09,0.46,8.0,0.06,0.73,12,1,0,afternoon,16.0,kitchen_faucet,
2025-02-04 12:20:17,1.57,2.0,0.05,0.63,12,1,0,afternoon,8.0,kitchen_faucet,
2025-02-04 12:20:54,0.21,17.0,0.06,0.63,12,1,0,afternoon,37.0,,
2025-02-04 12:21:28,0.28,15.0,0.07,0.63,12,1,0,afternoon,34.0,,
2025-02-04 12:21:45,0.46,8.0,0.06,0.73,12,1,0,afternoon,17.0,kitchen_faucet,
2025-02-04 12:22:05,0.87,3.0,0.04,0.52,12,1,0,afternoon,20.0,kitchen_faucet,
2025-02-04 12:22:19,0.37,7.0,0.04,0.52,12,1,0,afternoon,14.0,kitchen_faucet,
2025-02-04 12:25:14,0.81,160.0,2.16,1.36,12,1,0,afternoon,175.0,,
2025-02-04 12:25:26,0.78,6.0,0.08,0.83,12,1,0,afternoon,12.0,kitchen_faucet,
2025-02-04 12:26:42,1.39,6.0,0.14,1.57,12,1,0,afternoon,76.0,kitchen_faucet,
2025-02-04 12:42:12,1.27,904.0,19.1,2.5,12,1,0,afternoon,930.0,,
2025-02-04 12:45:02,0.17,15.0,0.04,0.52,12,1,0,afternoon,170.0,,
2025-02-04 12:46:42,0.05,69.0,0.05,0.52,12,1,0,afternoon,100.0,,
2025-02-04 12:47:39,0.1,36.0,0.06,0.63,12,1,0,afternoon,57.0,,
2025-02-04 12:58:47,1.45,631.0,15.22,2.5,12,1,0,afternoon,668.0,,
2025-02-04 13:00:04,0.4,40.0,0.27,0.94,13,1,0,afternoon,77.0,,
2025-02-04 13:00:29,0.43,12.0,0.09,0.83,13,1,0,afternoon,25.0,,
2025-02-04 13:04:54,1.53,256.0,6.55,2.5,13,1,0,afternoon,265.0,,
2025-02-04 13:35:12,0.55,150.0,1.37,1.25,13,1,0,afternoon,1818.0,,
2025-02-04 13:38:06,0.15,21.0,0.05,0.63,13,1,0,afternoon,174.0,,
2025-02-04 13:38:56,0.11,34.0,0.06,0.63,13,1,0,afternoon,50.0,,
2025-02-04 13:39:48,0.08,37.0,0.05,0.63,13,1,0,afternoon,52.0,,
2025-02-04 13:40:10,0.34,14.0,0.08,0.73,13,1,0,afternoon,22.0,,
2025-02-04 13:40:26,0.43,6.0,0.04,0.52,13,1,0,afternoon,16.0,kitchen_faucet,
2025-02-04 13:40:49,0.44,13.0,0.1,0.83,13,1,0,afternoon,23.0,,
2025-02-04 13:41:32,0.1,31.0,0.05,0.63,13,1,0,afternoon,43.0,,
2025-02-04 13:42:12,0.09,28.0,0.04,0.52,13,1,0,afternoon,40.0,,
2025-02-04 13:44:33,0.08,99.0,0.13,0.73,13,1,0,afternoon,141.0,,
2025-02-04 13:44:44,0.87,3.0,0.04,0.52,13,1,0,afternoon,11.0,kitchen_faucet,
2025-02-04 13:45:12,0.32,13.0,0.07,0.73,13,1,0,afternoon,28.0,,
2025-02-04 13:45:42,0.27,21.0,0.1,0.63,13,1,0,afternoon,30.0,,
2025-02-04 13:45:54,0.52,5.0,0.04,0.52,13,1,0,afternoon,12.0,kitchen_faucet,
2025-02-04 13:46:10,0.37,10.0,0.06,0.73,13,1,0,afternoon,16.0,,
2025-02-04 13:46:48,0.12,26.0,0.05,0.63,13,1,0,afternoon,38.0,,
2025-02-04 13:47:17,0.17,15.0,0.04,0.52,13,1,0,afternoon,29.0,,
2025-02-04 13:47:49,0.15,17.0,0.04,0.52,13,1,0,afternoon,32.0,,
2025-02-04 13:48:18,0.26,22.0,0.1,0.83,13,1,0,afternoon,29.0,,
2025-02-04 13:48:58,0.31,20.0,0.1,0.83,13,1,0,afternoon,40.0,,
2025-02-04 13:49:29,0.37,10.0,0.06,0.63,13,1,0,afternoon,31.0,,
2025-02-04 13:50:04,0.28,26.0,0.12,0.73,13,1,0,afternoon,35.0,,
2025-02-04 13:50:38,0.11,23.0,0.04,0.52,13,1,0,afternoon,34.0,,
2025-02-04 13:51:53,0.11,55.0,0.1,0.73,13,1,0,afternoon,75.0,,
2025-02-04 13:52:26,0.17,22.0,0.06,0.73,13,1,0,afternoon,33.0,,
2025-02-04 13:53:18,0.07,37.0,0.04,0.52,13,1,0,afternoon,52.0,,
2025-02-04 13:53:40,0.52,5.0,0.04,0.52,13,1,0,afternoon,22.0,kitchen_faucet,
2025-02-04 13:58:16,0.01,254.0,0.04,0.52,13,1,0,afternoon,276.0,,
2025-02-04 14:02:45,0.01,204.0,0.04,0.52,14,1,0,afternoon,269.0,,
2025-02-04 14:19:24,0.02,838.0,0.32,1.46,14,1,0,afternoon,999.0,,
2025-02-04 14:20:51,3.18,30.0,1.59,3.97,14,1,0,afternoon,87.0,,
2025-02-04 14:24:24,1.78,32.0,0.95,1.88,14,1,0,afternoon,213.0,,
2025-02-04 14:26:11,1.99,79.0,2.62,2.5,14,1,0,afternoon,107.0,,
2025-02-04 14:27:09,1.83,16.0,0.49,2.3,14,1,0,afternoon,58.0,,
2025-02-04 14:28:29,1.9,17.0,0.54,2.3,14,1,0,afternoon,80.0,,
2025-02-04 14:29:05,1.9,11.0,0.35,2.3,14,1,0,afternoon,36.0,,
2025-02-04 14:30:39,1.57,6.0,0.16,1.77,14,1,0,afternoon,94.0,kitchen_faucet,
2025-02-04 14:32:19,1.96,12.0,0.39,2.3,14,1,0,afternoon,100.0,,
2025-02-04 14:39:52,0.58,9.0,0.09,0.94,14,1,0,afternoon,453.0,kitchen_faucet,
2025-02-04 14:43:53,0.91,8.0,0.12,1.15,14,1,0,afternoon,241.0,kitchen_faucet,
2025-02-04 14:45:41,1.77,5.0,0.15,1.77,14,1,0,afternoon,108.0,kitchen_faucet,
2025-02-04 14:49:28,1.51,9.0,0.23,1.77,14,1,0,afternoon,227.0,kitchen_faucet,
2025-02-04 15:03:59,0.81,379.0,5.11,1.67,15,1,0,afternoon,871.0,,
2025-02-04 15:18:13,2.09,5.0,0.17,1.98,15,1,0,afternoon,854.0,kitchen_faucet,
2025-02-04 15:19:49,1.85,86.0,2.65,2.4,15,1,0,afternoon,96.0,,
2025-02-04 15:20:06,1.39,6.0,0.14,1.57,15,1,0,afternoon,17.0,kitchen_faucet,
2025-02-04 15:29:48,1.1,59.0,1.08,1.57,15,1,0,afternoon,582.0,,
2025-02-04 15:50:00,1.91,3.0,0.1,1.15,15,1,0,afternoon,1212.0,kitchen_faucet,
2025-02-04 15:56:26,1.45,14.0,0.34,1.88,15,1,0,afternoon,386.0,,
2025-02-04 16:04:16,1.46,5.0,0.12,1.46,16,1,0,afternoon,470.0,kitchen_faucet,
2025-02-04 16:39:50,1.45,18.0,0.43,1.88,16,1,0,afternoon,2134.0,,
2025-02-04 19:21:00,3.69,60.0,3.69,4.9,19,1,0,evening,9670.0,,
2025-02-04 19:59:40,2.61,4.0,0.17,2.09,19,1,0,evening,2320.0,kitchen_faucet,
2025-02-04 20:17:57,1.17,12.0,0.23,1.77,20,1,0,evening,1097.0,,
2025-02-04 22:36:56,0.91,95.0,1.44,1.36,22,1,0,evening,8339.0,,
2025-02-05 07:00:15,2.37,200.0,7.91,7.93,7,2,0,morning,30199.0,,shower
2025-02-05 07:05:23,0.14,138.0,0.31,1.88,7,2,0,morning,308.0,,
2025-02-05 07:23:42,1.33,9.0,0.2,1.77,7,2,0,morning,1099.0,kitchen_faucet,
2025-02-05 07:25:39,1.53,62.0,1.58,1.98,7,2,0,morning,117.0,,
2025-02-05 07:34:25,2.26,34.0,1.28,2.71,7,2,0,morning,526.0,,WC
2025-02-05 07:57:27,0.39,8.0,0.05,0.63,7,2,0,morning,1382.0,kitchen_faucet,
2025-02-05 08:00:18,0.64,9.0,0.1,0.94,8,2,0,morning,171.0,kitchen_faucet,
2025-02-05 16:31:44,0.01,19523.0,4.04,3.86,16,2,0,afternoon,30686.0,,
2025-02-05 16:32:23,3.22,29.0,1.56,3.97,16,2,0,afternoon,39.0,,WC
2025-02-05 17:00:22,1.74,6.0,0.17,1.98,17,2,0,afternoon,1679.0,kitchen_faucet,
2025-02-05 18:20:10,0.0,3000.0,0.08,0.94,18,2,0,evening,4788.0,,
2025-02-05 18:20:53,1.57,9.0,0.23,1.98,18,2,0,evening,43.0,kitchen_faucet,
2025-02-05 18:21:23,1.45,14.0,0.34,1.98,18,2,0,evening,30.0,,
2025-02-05 20:47:54,0.0,8497.0,0.14,1.36,20,2,0,evening,8791.0,,
2025-02-05 22:23:18,0.14,108.0,0.25,1.15,22,2,0,evening,5724.0,,
2025-02-05 22:24:09,0.71,22.0,0.26,1.15,22,2,0,evening,51.0,,
2025-02-05 22:40:42,0.73,5.0,0.06,0.73,22,2,0,evening,993.0,kitchen_faucet,
2025-02-05 22:41:25,0.83,12.0,0.17,1.25,22,2,0,evening,43.0,,
2025-02-06 07:03:36,0.01,10893.0,1.3,2.82,7,3,0,morning,30131.0,,
2025-02-06 07:25:32,1.19,22.0,0.43,1.88,7,3,0,morning,1316.0,,
2025-02-06 07:35:56,1.96,4.0,0.13,1.57,7,3,0,morning,624.0,kitchen_faucet,
2025-02-06 07:37:20,1.48,24.0,0.59,1.98,7,3,0,morning,84.0,,
2025-02-06 07:37:33,1.57,2.0,0.05,0.63,7,3,0,morning,13.0,kitchen_faucet,
2025-02-06 07:41:42,1.54,25.0,0.64,1.98,7,3,0,morning,249.0,,
2025-02-06 07:42:14,1.83,4.0,0.12,1.46,7,3,0,morning,32.0,kitchen_faucet,
2025-02-06 07:44:07,1.16,22.0,0.43,1.98,7,3,0,morning,113.0,,
2025-02-06 07:45:04,1.48,31.0,0.77,1.88,7,3,0,morning,57.0,,
2025-02-06 07:46:35,0.54,25.0,0.23,0.94,7,3,0,morning,91.0,,
2025-02-06 07:51:18,0.04,75.0,0.05,0.63,7,3,0,morning,283.0,,
2025-02-06 07:52:48,1.37,34.0,0.77,1.88,7,3,0,morning,90.0,,
2025-02-06 07:55:17,1.57,7.0,0.18,1.98,7,3,0,morning,149.0,kitchen_faucet,
2025-02-06 08:06:28,2.09,2.0,0.07,0.83,8,3,0,morning,671.0,kitchen_faucet,
2025-02-06 08:08:21,0.09,85.0,0.13,1.57,8,3,0,morning,113.0,,
2025-02-06 08:11:40,2.61,1.0,0.04,0.52,8,3,0,morning,199.0,kitchen_faucet,
2025-02-06 08:21:32,3.16,116.0,6.1,3.86,8,3,0,morning,592.0,,
2025-02-06 08:26:49,3.15,29.0,1.52,3.86,8,3,0,morning,317.0,,
2025-02-06 08:30:35,2.23,135.0,5.03,6.57,8,3,0,morning,226.0,,shower
2025-02-06 08:33:00,0.05,54.0,0.04,0.52,8,3,0,morning,145.0,,
2025-02-06 08:34:11,0.61,6.0,0.06,0.73,8,3,0,morning,71.0,kitchen_faucet,
2025-02-06 08:34:38,0.78,14.0,0.18,1.15,8,3,0,morning,27.0,,
2025-02-06 08:35:55,0.09,49.0,0.07,0.83,8,3,0,morning,77.0,,
2025-02-06 08:37:13,1.83,2.0,0.06,0.73,8,3,0,morning,78.0,kitchen_faucet,
2025-02-06 08:38:55,1.68,9.0,0.25,1.88,8,3,0,morning,102.0,kitchen_faucet,
2025-02-06 08:42:15,1.57,12.0,0.31,1.98,8,3,0,morning,200.0,,
2025-02-06 08:42:40,1.42,14.0,0.33,1.98,8,3,0,morning,25.0,,
2025-02-06 08:51:30,1.7,4.0,0.11,1.36,8,3,0,morning,530.0,kitchen_faucet,
2025-02-06 08:53:48,2.3,34.0,1.3,2.71,8,3,0,morning,138.0,,WC
2025-02-06 08:56:31,2.2,148.0,5.43,5.53,8,3,0,morning,163.0,,shower
2025-02-06 08:59:39,0.03,123.0,0.07,0.83,8,3,0,morning,188.0,,
2025-02-06 09:07:52,1.57,5.0,0.13,1.57,9,3,0,morning,493.0,kitchen_faucet,
2025-02-06 09:11:00,1.04,8.0,0.14,1.36,9,3,0,morning,188.0,kitchen_faucet,
2025-02-06 10:44:12,0.0,3885.0,0.04,0.52,10,3,0,morning,5592.0,,
2025-02-06 12:31:13,0.0,4330.0,0.04,0.52,12,3,0,afternoon,6421.0,,
2025-02-06 15:33:39,3.32,30.0,1.66,3.86,15,3,0,afternoon,10946.0,,WC
2025-02-06 15:37:11,1.46,5.0,0.12,1.46,15,3,0,afternoon,212.0,kitchen_faucet,
2025-02-06 15:38:04,1.52,12.0,0.3,1.88,15,3,0,afternoon,53.0,,
2025-02-06 15:39:08,1.48,6.0,0.15,1.67,15,3,0,afternoon,64.0,kitchen_faucet,
2025-02-06 15:39:52,1.39,6.0,0.14,1.57,15,3,0,afternoon,44.0,kitchen_faucet,
2025-02-06 15:48:27,0.7,12.0,0.14,0.94,15,3,0,afternoon,515.0,,
2025-02-06 15:53:16,1.13,6.0,0.11,1.36,15,3,0,afternoon,289.0,kitchen_faucet,
2025-02-06 15:58:06,1.5,16.0,0.4,1.98,15,3,0,afternoon,290.0,,
2025-02-06 16:03:31,0.09,143.0,0.21,2.09,16,3,0,afternoon,325.0,,
2025-02-06 16:10:49,1.04,6.0,0.1,1.25,16,3,0,afternoon,438.0,kitchen_faucet,
2025-02-06 16:24:11,1.55,28.0,0.72,1.98,16,3,0,afternoon,802.0,,
2025-02-06 16:26:11,1.55,68.0,1.76,1.98,16,3,0,afternoon,120.0,,
2025-02-06 16:27:04,1.57,27.0,0.7,1.98,16,3,0,afternoon,53.0,,
2025-02-06 16:28:25,1.65,12.0,0.33,2.09,16,3,0,afternoon,81.0,,
2025-02-06 16:29:29,1.49,29.0,0.72,1.88,16,3,0,afternoon,64.0,,
2025-02-06 16:31:04,0.08,34.0,0.04,0.52,16,3,0,afternoon,95.0,,
2025-02-06 16:31:28,1.45,14.0,0.34,1.98,16,3,0,afternoon,24.0,,
2025-02-06 16:36:04,1.54,61.0,1.57,1.98,16,3,0,afternoon,276.0,,
2025-02-06 16:38:48,0.13,44.0,0.1,1.15,16,3,0,afternoon,164.0,,
2025-02-06 18:20:27,1.48,18.0,0.44,1.88,18,3,0,evening,6099.0,,
2025-02-06 20:06:00,1.25,25.0,0.52,1.57,20,3,0,evening,6333.0,,
2025-02-06 20:21:03,0.01,416.0,0.08,0.94,20,3,0,evening,903.0,,
2025-02-06 20:29:31,2.35,2.0,0.08,0.94,20,3,0,evening,508.0,kitchen_faucet,
2025-02-06 20:31:05,1.67,5.0,0.14,1.67,20,3,0,evening,94.0,kitchen_faucet,
2025-02-06 20:49:38,0.91,36.0,0.55,1.25,20,3,0,evening,1113.0,,
2025-02-06 20:50:41,2.09,2.0,0.07,0.83,20,3,0,evening,63.0,kitchen_faucet,
2025-02-06 20:54:16,0.78,4.0,0.05,0.63,20,3,0,evening,215.0,kitchen_faucet,
2025-02-06 20:54:51,0.57,22.0,0.21,0.94,20,3,0,evening,35.0,,
2025-02-06 20:55:25,0.58,18.0,0.17,0.94,20,3,0,evening,34.0,,
2025-02-06 21:06:22,1.64,7.0,0.19,1.88,21,3,0,evening,657.0,kitchen_faucet,
2025-02-06 21:07:09,1.48,6.0,0.15,1.67,21,3,0,evening,47.0,kitchen_faucet,
2025-02-06 21:45:42,1.43,4.0,0.1,1.15,21,3,0,evening,2313.0,kitchen_faucet,
2025-02-06 23:54:25,0.04,73.0,0.05,0.63,23,3,0,evening,7723.0,,
2025-02-07 07:14:35,0.55,22.0,0.2,0.94,7,4,0,morning,26410.0,,
2025-02-07 07:15:14,0.6,14.0,0.14,0.94,7,4,0,morning,39.0,,
2025-02-07 07:18:44,1.3,2.0,0.04,0.52,7,4,0,morning,210.0,kitchen_faucet,
2025-02-07 07:19:08,1.91,6.0,0.19,1.98,7,4,0,morning,24.0,kitchen_faucet,
2025-02-07 07:35:22,1.5,42.0,1.05,1.98,7,4,0,morning,974.0,,
2025-02-07 07:37:36,1.57,15.0,0.39,1.88,7,4,0,morning,134.0,,
2025-02-07 07:45:47,0.14,186.0,0.43,1.88,7,4,0,morning,491.0,,
2025-02-07 07:46:43,1.68,9.0,0.25,1.98,7,4,0,morning,56.0,kitchen_faucet,
2025-02-07 07:48:26,0.99,19.0,0.31,1.36,7,4,0,morning,103.0,,
2025-02-07 07:50:23,0.91,79.0,1.2,1.36,7,4,0,morning,117.0,,
2025-02-07 07:52:11,2.3,37.0,1.42,2.71,7,4,0,morning,108.0,,WC
2025-02-07 07:58:05,0.01,258.0,0.04,0.52,7,4,0,morning,354.0,,
2025-02-07 07:58:45,0.4,25.0,0.17,0.94,7,4,0,morning,40.0,,
2025-02-07 07:59:54,0.99,27.0,0.44,1.36,7,4,0,morning,69.0,,
2025-02-07 08:12:25,1.39,694.0,16.13,7.93,8,4,0,morning,751.0,,
2025-02-07 08:13:00,0.22,12.0,0.04,0.52,8,4,0,morning,35.0,,
2025-02-07 08:16:16,2.25,42.0,1.57,2.71,8,4,0,morning,196.0,,WC
2025-02-07 08:24:11,2.22,35.0,1.3,2.71,8,4,0,morning,475.0,,WC
2025-02-07 08:26:00,0.95,34.0,0.54,1.36,8,4,0,morning,109.0,,
2025-02-07 08:32:20,0.92,94.0,1.43,1.36,8,4,0,morning,380.0,,
2025-02-07 08:34:47,0.44,63.0,0.46,1.98,8,4,0,morning,147.0,,
2025-02-07 08:36:40,0.31,22.0,0.11,1.36,8,4,0,morning,113.0,,
2025-02-07 08:38:35,1.17,4.0,0.08,0.94,8,4,0,morning,115.0,kitchen_faucet,
2025-02-07 08:38:50,1.71,7.0,0.2,2.09,8,4,0,morning,15.0,kitchen_faucet,
2025-02-07 08:43:49,1.22,21.0,0.43,1.46,8,4,0,morning,299.0,,
2025-02-07 08:46:43,3.65,1.0,0.06,0.73,8,4,0,morning,174.0,kitchen_faucet,
2025-02-07 08:46:58,1.57,5.0,0.13,1.57,8,4,0,morning,15.0,kitchen_faucet,
2025-02-07 08:57:29,0.95,11.0,0.17,1.25,8,4,0,morning,631.0,,
2025-02-07 08:57:50,1.13,6.0,0.11,1.36,8,4,0,morning,21.0,kitchen_faucet,
2025-02-07 12:11:30,0.0,7497.0,0.04,0.52,12,4,0,afternoon,11620.0,,
2025-02-07 12:41:40,0.0,605.0,0.04,0.52,12,4,0,afternoon,1810.0,,
2025-02-07 13:11:39,0.01,458.0,0.11,0.94,13,4,0,afternoon,1799.0,,
2025-02-07 13:57:48,0.61,12.0,0.12,0.94,13,4,0,afternoon,2769.0,,
2025-02-07 14:07:30,0.52,11.0,0.1,0.94,14,4,0,afternoon,582.0,,
2025-02-07 14:09:37,2.61,1.0,0.04,0.52,14,4,0,afternoon,127.0,kitchen_faucet,
2025-02-07 15:47:24,1.16,14.0,0.27,1.67,15,4,0,afternoon,5867.0,,
2025-02-07 15:56:08,0.35,24.0,0.14,0.94,15,4,0,afternoon,524.0,,
2025-02-07 15:57:55,0.78,4.0,0.05,0.63,15,4,0,afternoon,107.0,kitchen_faucet,
2025-02-07 16:01:15,1.25,36.0,0.75,1.67,16,4,0,afternoon,200.0,,
2025-02-07 16:02:53,1.48,6.0,0.15,1.67,16,4,0,afternoon,98.0,kitchen_faucet,
2025-02-07 16:07:43,2.09,3.0,0.1,1.25,16,4,0,afternoon,290.0,kitchen_faucet,
2025-02-07 16:10:18,1.52,11.0,0.28,1.77,16,4,0,afternoon,155.0,,
2025-02-07 16:42:31,2.18,35.0,1.27,2.71,16,4,0,afternoon,1933.0,,WC
2025-02-07 16:46:55,0.55,17.0,0.16,0.94,16,4,0,afternoon,264.0,,
2025-02-07 16:47:14,0.73,5.0,0.06,0.73,16,4,0,afternoon,19.0,kitchen_faucet,
2025-02-07 16:55:43,2.61,1.0,0.04,0.52,16,4,0,afternoon,509.0,kitchen_faucet,
2025-02-07 16:56:08,1.99,17.0,0.57,3.86,16,4,0,afternoon,25.0,,
2025-02-07 16:56:32,2.61,8.0,0.35,3.76,16,4,0,afternoon,24.0,kitchen_faucet,
2025-02-07 18:45:22,0.59,16.0,0.16,0.94,18,4,0,evening,6530.0,,
2025-02-07 18:51:51,0.01,377.0,0.09,1.04,18,4,0,evening,389.0,,
2025-02-07 18:52:06,2.09,2.0,0.07,0.83,18,4,0,evening,15.0,kitchen_faucet,
2025-02-07 18:55:03,3.13,1.0,0.05,0.63,18,4,0,evening,177.0,kitchen_faucet,
2025-02-07 19:34:29,2.54,186.0,7.89,7.3,19,4,0,evening,2366.0,,shower
2025-02-07 19:36:11,1.57,9.0,0.23,1.88,19,4,0,evening,102.0,kitchen_faucet,
2025-02-07 19:39:27,1.57,19.0,0.5,1.98,19,4,0,evening,196.0,,
2025-02-07 19:44:06,1.64,7.0,0.19,1.98,19,4,0,evening,279.0,kitchen_faucet,
2025-02-07 19:45:31,1.91,3.0,0.1,1.15,19,4,0,evening,85.0,kitchen_faucet,
2025-02-07 19:54:53,1.65,6.0,0.17,1.77,19,4,0,evening,562.0,kitchen_faucet,
2025-02-07 20:07:28,1.91,3.0,0.1,1.15,20,4,0,evening,755.0,kitchen_faucet,
2025-02-07 20:10:53,0.1,158.0,0.25,1.98,20,4,0,evening,205.0,,
2025-02-07 20:13:37,1.91,110.0,3.5,6.57,20,4,0,evening,164.0,,
2025-02-08 07:41:27,0.0,35537.0,1.33,2.82,7,5,1,morning,41270.0,,
2025-02-08 07:46:31,0.78,4.0,0.05,0.63,7,5,1,morning,304.0,kitchen_faucet,
2025-02-08 07:57:16,1.46,112.0,2.72,1.88,7,5,1,morning,645.0,,
2025-02-08 08:00:17,0.17,15.0,0.04,0.52,8,5,1,morning,181.0,,
2025-02-08 08:00:42,1.7,4.0,0.11,1.36,8,5,1,morning,25.0,kitchen_faucet,
2025-02-08 08:04:33,1.42,51.0,1.21,1.88,8,5,1,morning,231.0,,
2025-02-08 08:06:04,1.6,71.0,1.9,2.09,8,5,1,morning,91.0,,
2025-02-08 08:06:16,1.3,4.0,0.09,1.04,8,5,1,morning,12.0,kitchen_faucet,
2025-02-08 08:06:29,1.13,6.0,0.11,1.36,8,5,1,morning,13.0,kitchen_faucet,
2025-02-08 08:15:23,0.03,388.0,0.19,1.88,8,5,1,morning,534.0,,
2025-02-08 08:17:09,1.59,43.0,1.14,1.98,8,5,1,morning,106.0,,
2025-02-08 08:22:56,1.91,3.0,0.1,1.15,8,5,1,morning,347.0,kitchen_faucet,
2025-02-08 08:23:07,2.61,1.0,0.04,0.52,8,5,1,morning,11.0,kitchen_faucet,
2025-02-08 08:26:31,1.76,19.0,0.56,2.19,8,5,1,morning,204.0,,
2025-02-08 08:28:49,0.94,15.0,0.23,1.36,8,5,1,morning,138.0,,
2025-02-08 08:29:21,1.62,9.0,0.24,1.98,8,5,1,morning,32.0,kitchen_faucet,
2025-02-08 08:40:35,2.86,49.0,2.34,3.76,8,5,1,morning,674.0,,
2025-02-08 09:28:08,1.57,12.0,0.31,1.88,9,5,1,morning,2853.0,,
2025-02-08 11:36:58,0.01,7300.0,1.59,3.97,11,5,1,morning,7730.0,,
2025-02-08 11:37:52,2.09,2.0,0.07,0.83,11,5,1,morning,54.0,kitchen_faucet,
2025-02-08 11:39:05,0.55,18.0,0.17,0.94,11,5,1,morning,73.0,,
2025-02-08 11:41:35,1.28,9.0,0.19,1.88,11,5,1,morning,150.0,kitchen_faucet,
2025-02-08 11:44:08,0.87,3.0,0.04,0.52,11,5,1,morning,153.0,kitchen_faucet,
2025-02-08 11:45:41,1.36,5.0,0.11,1.36,11,5,1,morning,93.0,kitchen_faucet,
2025-02-08 12:07:43,1.83,6.0,0.18,1.98,12,5,1,afternoon,1322.0,kitchen_faucet,
2025-02-08 12:21:42,0.68,10.0,0.11,1.04,12,5,1,afternoon,839.0,,
2025-02-08 12:31:30,1.13,6.0,0.11,1.25,12,5,1,afternoon,588.0,kitchen_faucet,
2025-02-08 13:08:14,3.17,29.0,1.53,3.86,13,5,1,afternoon,2204.0,,
2025-02-08 13:33:43,1.73,31.0,0.9,1.98,13,5,1,afternoon,1529.0,,
2025-02-08 13:36:13,2.1,90.0,3.16,3.13,13,5,1,afternoon,150.0,,
2025-02-08 13:37:05,2.15,17.0,0.61,3.23,13,5,1,afternoon,52.0,,
2025-02-08 13:41:00,2.31,33.0,1.27,2.71,13,5,1,afternoon,235.0,,WC
2025-02-08 13:51:39,0.02,530.0,0.2,2.19,13,5,1,afternoon,639.0,,
2025-02-08 13:53:24,1.83,96.0,2.93,2.3,13,5,1,afternoon,105.0,,
2025-02-08 13:53:40,1.39,6.0,0.14,1.57,13,5,1,afternoon,16.0,kitchen_faucet,
2025-02-08 13:54:41,1.81,21.0,0.63,2.3,13,5,1,afternoon,61.0,,
2025-02-08 14:03:07,1.12,58.0,1.08,1.57,14,5,1,afternoon,506.0,,
2025-02-08 14:44:17,1.71,7.0,0.2,1.88,14,5,1,afternoon,2470.0,kitchen_faucet,
2025-02-08 14:59:03,1.83,4.0,0.12,1.46,14,5,1,afternoon,886.0,kitchen_faucet,
2025-02-08 15:00:18,1.43,4.0,0.1,1.15,15,5,1,afternoon,75.0,kitchen_faucet,
2025-02-08 15:01:42,0.63,5.0,0.05,0.63,15,5,1,afternoon,84.0,kitchen_faucet,
2025-02-08 15:07:49,0.6,14.0,0.14,0.94,15,5,1,afternoon,367.0,,
2025-02-08 15:08:11,1.91,3.0,0.1,1.15,15,5,1,afternoon,22.0,kitchen_faucet,
2025-02-08 16:46:05,1.61,12.0,0.32,1.88,16,5,1,afternoon,5874.0,,
2025-02-08 16:47:21,2.09,3.0,0.1,1.25,16,5,1,afternoon,76.0,kitchen_faucet,
2025-02-08 16:47:54,1.57,12.0,0.31,1.98,16,5,1,afternoon,33.0,,
2025-02-08 16:49:23,1.04,8.0,0.14,1.36,16,5,1,afternoon,89.0,kitchen_faucet,
2025-02-08 16:57:58,1.67,5.0,0.14,1.67,16,5,1,afternoon,515.0,kitchen_faucet,
2025-02-08 16:59:10,1.39,52.0,1.21,1.98,16,5,1,afternoon,72.0,,
2025-02-08 17:03:42,0.99,218.0,3.58,1.88,17,5,1,afternoon,272.0,,
2025-02-08 17:12:08,1.27,413.0,8.73,1.36,17,5,1,afternoon,506.0,,
2025-02-08 17:15:54,1.83,2.0,0.06,0.73,17,5,1,afternoon,226.0,kitchen_faucet,
2025-02-08 17:16:47,3.13,1.0,0.05,0.63,17,5,1,afternoon,53.0,kitchen_faucet,
2025-02-08 17:17:05,1.46,5.0,0.12,1.46,17,5,1,afternoon,18.0,kitchen_faucet,
2025-02-08 17:32:58,2.01,45.0,1.5,2.71,17,5,1,afternoon,953.0,,WC
2025-02-08 18:35:09,1.46,64.0,1.56,1.88,18,5,1,evening,3731.0,,
2025-02-08 18:36:26,1.83,4.0,0.12,1.46,18,5,1,evening,77.0,kitchen_faucet,
2025-02-08 18:46:19,1.44,21.0,0.5,1.98,18,5,1,evening,593.0,,
2025-02-08 18:49:14,1.44,30.0,0.72,1.88,18,5,1,evening,175.0,,
2025-02-08 18:57:39,1.67,5.0,0.14,1.67,18,5,1,evening,505.0,kitchen_faucet,
2025-02-08 18:59:03,2.89,47.0,2.26,4.7,18,5,1,evening,84.0,,
2025-02-08 18:59:17,3.65,1.0,0.06,0.73,18,5,1,evening,14.0,kitchen_faucet,
2025-02-08 19:04:07,2.03,169.0,5.72,2.61,19,5,1,evening,290.0,,shower
2025-02-08 19:06:54,1.52,22.0,0.56,1.88,19,5,1,evening,167.0,,
2025-02-08 19:08:28,1.04,7.0,0.12,1.36,19,5,1,evening,94.0,kitchen_faucet,
2025-02-08 19:10:25,1.57,8.0,0.21,1.77,19,5,1,evening,117.0,kitchen_faucet,
2025-02-08 19:18:16,1.23,50.0,1.03,1.98,19,5,1,evening,471.0,,
2025-02-08 19:26:02,1.37,24.0,0.55,1.88,19,5,1,evening,466.0,,
2025-02-08 19:27:00,0.55,18.0,0.17,0.94,19,5,1,evening,58.0,,
2025-02-08 19:27:14,0.78,4.0,0.05,0.63,19,5,1,evening,14.0,kitchen_faucet,
2025-02-08 19:27:50,0.56,15.0,0.14,0.94,19,5,1,evening,36.0,,
2025-02-08 19:31:11,1.39,6.0,0.14,1.67,19,5,1,evening,201.0,kitchen_faucet,
2025-02-08 20:02:02,0.52,7.0,0.06,0.73,20,5,1,evening,1851.0,kitchen_faucet,
2025-02-08 20:31:05,0.65,8.0,0.09,0.94,20,5,1,evening,1743.0,kitchen_faucet,
2025-02-08 20:31:19,0.87,3.0,0.04,0.52,20,5,1,evening,14.0,kitchen_faucet,
2025-02-08 20:32:09,1.67,5.0,0.14,1.67,20,5,1,evening,50.0,kitchen_faucet,
2025-02-08 22:36:04,0.73,5.0,0.06,0.73,22,5,1,evening,7435.0,kitchen_faucet,
2025-02-08 22:42:08,0.91,98.0,1.49,1.36,22,5,1,evening,364.0,,
2025-02-08 23:19:07,0.94,34.0,0.53,1.36,23,5,1,evening,2219.0,,
2025-02-08 23:25:27,0.92,94.0,1.43,1.36,23,5,1,evening,380.0,,
2025-02-09 08:10:16,0.0,29123.0,1.61,3.97,8,6,1,morning,31489.0,,
2025-02-09 08:11:38,1.04,4.0,0.07,0.83,8,6,1,morning,82.0,kitchen_faucet,
2025-02-09 08:15:04,1.67,10.0,0.28,1.98,8,6,1,morning,206.0,,
2025-02-09 08:15:48,1.49,21.0,0.52,1.88,8,6,1,morning,44.0,,
2025-02-09 08:28:29,1.57,41.0,1.07,1.77,8,6,1,morning,761.0,,
2025-02-09 08:33:30,1.68,9.0,0.25,1.98,8,6,1,morning,301.0,kitchen_faucet,
2025-02-09 08:36:37,0.63,5.0,0.05,0.63,8,6,1,morning,187.0,kitchen_faucet,
2025-02-09 08:38:39,0.72,8.0,0.1,1.04,8,6,1,morning,122.0,kitchen_faucet,
2025-02-09 08:39:07,0.87,18.0,0.26,2.19,8,6,1,morning,28.0,,
2025-02-09 08:41:53,0.64,121.0,1.3,2.82,8,6,1,morning,166.0,,
2025-02-09 08:43:30,1.65,6.0,0.17,1.88,8,6,1,morning,97.0,kitchen_faucet,
2025-02-09 08:50:51,1.3,10.0,0.22,1.67,8,6,1,morning,441.0,,
2025-02-09 09:00:58,0.17,25.0,0.07,0.83,9,6,1,morning,607.0,,
2025-02-09 09:06:53,1.46,10.0,0.24,1.98,9,6,1,morning,355.0,,
2025-02-09 09:09:50,1.48,13.0,0.32,1.98,9,6,1,morning,177.0,,
2025-02-09 09:18:00,2.25,117.0,4.38,2.71,9,6,1,morning,490.0,,
2025-02-09 09:31:02,3.12,57.0,2.97,3.76,9,6,1,morning,782.0,,
2025-02-09 09:52:55,1.75,31.0,0.9,1.98,9,6,1,morning,1313.0,,
2025-02-09 09:55:21,2.07,87.0,3.0,2.5,9,6,1,morning,146.0,,
2025-02-09 09:56:06,2.02,16.0,0.54,2.5,9,6,1,morning,45.0,,
2025-02-09 09:59:05,1.48,42.0,1.03,1.98,9,6,1,morning,179.0,,
2025-02-09 10:01:33,1.88,136.0,4.26,7.1,10,6,1,morning,148.0,,shower
2025-02-09 10:10:48,0.03,395.0,0.21,2.4,10,6,1,morning,555.0,,
2025-02-09 10:12:25,1.85,88.0,2.71,2.4,10,6,1,morning,97.0,,
2025-02-09 10:13:06,1.3,31.0,0.67,1.57,10,6,1,morning,41.0,,
2025-02-09 10:13:52,2.0,30.0,1.0,2.4,10,6,1,morning,46.0,,
2025-02-09 10:19:34,1.1,59.0,1.08,1.57,10,6,1,morning,342.0,,
2025-02-09 10:22:31,0.54,24.0,0.22,0.94,10,6,1,morning,177.0,,
2025-02-09 10:25:52,1.57,2.0,0.05,0.63,10,6,1,morning,201.0,kitchen_faucet,
2025-02-09 10:26:28,0.65,8.0,0.09,0.94,10,6,1,morning,36.0,kitchen_faucet,
2025-02-09 11:03:03,1.25,5.0,0.1,1.25,11,6,1,morning,2195.0,kitchen_faucet,
2025-02-09 11:03:12,1.39,3.0,0.07,0.83,11,6,1,morning,9.0,kitchen_faucet,
2025-02-09 11:08:50,1.72,31.0,0.89,1.98,11,6,1,morning,338.0,,
2025-02-09 11:11:17,2.03,88.0,2.97,2.5,11,6,1,morning,147.0,,
2025-02-09 11:12:01,2.12,17.0,0.6,2.5,11,6,1,morning,44.0,,
2025-02-09 11:27:06,0.02,776.0,0.21,2.4,11,6,1,morning,905.0,,
2025-02-09 11:28:45,1.81,90.0,2.71,2.3,11,6,1,morning,99.0,,
2025-02-09 11:29:02,1.19,7.0,0.14,1.57,11,6,1,morning,17.0,kitchen_faucet,
2025-02-09 11:29:43,1.9,22.0,0.7,2.4,11,6,1,morning,41.0,,
2025-02-09 11:35:40,1.1,58.0,1.06,1.57,11,6,1,morning,357.0,,
2025-02-09 12:22:51,1.23,17.0,0.35,1.67,12,6,1,afternoon,2831.0,,
2025-02-09 12:37:14,3.53,30.0,1.77,5.01,12,6,1,afternoon,863.0,,WC
2025-02-09 12:38:50,1.77,30.0,0.89,1.88,12,6,1,afternoon,96.0,,
2025-02-09 12:41:06,2.07,77.0,2.66,2.5,12,6,1,afternoon,136.0,,
2025-02-09 12:42:05,1.98,19.0,0.63,2.5,12,6,1,afternoon,59.0,,
2025-02-09 12:43:17,2.09,15.0,0.52,2.5,12,6,1,afternoon,72.0,,
2025-02-09 12:59:13,1.74,6.0,0.17,1.98,12,6,1,afternoon,956.0,kitchen_faucet,
2025-02-09 13:00:49,1.82,87.0,2.63,2.3,13,6,1,afternoon,96.0,,
2025-02-09 13:01:05,1.3,6.0,0.13,1.57,13,6,1,afternoon,16.0,kitchen_faucet,
2025-02-09 13:02:11,1.89,26.0,0.82,2.3,13,6,1,afternoon,66.0,,
2025-02-09 13:08:37,1.1,59.0,1.08,1.57,13,6,1,afternoon,386.0,,
2025-02-09 13:33:03,0.88,13.0,0.19,1.25,13,6,1,afternoon,1466.0,,
2025-02-09 14:22:12,3.51,29.0,1.7,4.07,14,6,1,afternoon,2949.0,,WC
2025-02-09 15:15:46,3.13,30.0,1.57,3.86,15,6,1,afternoon,3214.0,,
2025-02-09 15:24:16,3.14,46.0,2.41,4.38,15,6,1,afternoon,510.0,,
2025-02-09 15:25:54,2.0,38.0,1.27,2.5,15,6,1,afternoon,98.0,,WC
2025-02-09 15:26:07,2.35,4.0,0.16,1.88,15,6,1,afternoon,13.0,kitchen_faucet,
2025-02-09 15:27:22,2.06,63.0,2.17,2.5,15,6,1,afternoon,75.0,,
2025-02-09 15:28:17,2.02,16.0,0.54,2.5,15,6,1,afternoon,55.0,,
2025-02-09 15:42:47,2.61,4.0,0.17,2.09,15,6,1,afternoon,870.0,kitchen_faucet,
2025-02-09 15:44:32,1.81,94.0,2.83,2.4,15,6,1,afternoon,105.0,,
2025-02-09 15:44:47,1.39,6.0,0.14,1.57,15,6,1,afternoon,15.0,kitchen_faucet,
2025-02-09 15:45:56,1.82,29.0,0.88,2.4,15,6,1,afternoon,69.0,,
2025-02-09 15:47:15,1.57,10.0,0.26,1.88,15,6,1,afternoon,79.0,,
2025-02-09 15:49:20,1.22,15.0,0.3,1.57,15,6,1,afternoon,125.0,,
2025-02-09 15:50:31,1.57,5.0,0.13,1.57,15,6,1,afternoon,71.0,kitchen_faucet,
2025-02-09 15:53:46,1.09,59.0,1.07,1.57,15,6,1,afternoon,195.0,,
2025-02-09 15:56:24,0.7,6.0,0.07,0.83,15,6,1,afternoon,158.0,kitchen_faucet,
2025-02-09 15:58:59,1.57,7.0,0.18,1.98,15,6,1,afternoon,155.0,kitchen_faucet,
2025-02-09 16:01:48,0.67,96.0,1.07,0.94,16,6,1,afternoon,169.0,,
2025-02-09 16:02:33,1.07,36.0,0.64,1.46,16,6,1,afternoon,45.0,,
2025-02-09 16:10:54,0.85,8.0,0.11,1.15,16,6,1,afternoon,501.0,kitchen_faucet,
2025-02-09 16:18:40,1.88,5.0,0.16,1.88,16,6,1,afternoon,466.0,kitchen_faucet,
2025-02-09 16:26:31,1.52,21.0,0.53,1.98,16,6,1,afternoon,471.0,,
2025-02-09 16:27:08,0.32,29.0,0.16,1.88,16,6,1,afternoon,37.0,,
2025-02-09 16:28:10,1.51,10.0,0.25,1.88,16,6,1,afternoon,62.0,,
2025-02-09 16:28:59,1.53,15.0,0.38,1.88,16,6,1,afternoon,49.0,,
2025-02-09 16:32:15,1.46,38.0,0.92,1.88,16,6,1,afternoon,196.0,,
2025-02-09 16:32:30,1.91,3.0,0.1,1.15,16,6,1,afternoon,15.0,kitchen_faucet,
2025-02-09 16:33:10,1.63,25.0,0.68,2.09,16,6,1,afternoon,40.0,,
2025-02-09 16:33:44,0.8,15.0,0.2,1.15,16,6,1,afternoon,34.0,,
2025-02-09 16:40:57,1.6,80.0,2.14,1.98,16,6,1,afternoon,433.0,,
2025-02-09 16:41:07,1.74,3.0,0.09,1.04,16,6,1,afternoon,10.0,kitchen_faucet,
2025-02-09 16:41:22,1.57,4.0,0.1,1.25,16,6,1,afternoon,15.0,kitchen_faucet,
2025-02-09 17:01:02,3.11,30.0,1.56,3.97,17,6,1,afternoon,1180.0,,
2025-02-09 17:16:50,2.02,446.0,15.0,2.61,17,6,1,afternoon,948.0,,shower
2025-02-09 17:21:12,1.53,13.0,0.33,1.88,17,6,1,afternoon,262.0,,
2025-02-09 17:40:28,1.43,4.0,0.1,1.15,17,6,1,afternoon,1156.0,kitchen_faucet,
2025-02-09 17:41:58,0.65,8.0,0.09,0.94,17,6,1,afternoon,90.0,kitchen_faucet,
2025-02-09 17:43:57,0.64,9.0,0.1,0.94,17,6,1,afternoon,119.0,kitchen_faucet,
2025-02-09 18:27:00,0.58,17.0,0.17,0.94,18,6,1,evening,2583.0,,
2025-02-09 18:49:46,2.2,36.0,1.32,2.71,18,6,1,evening,1366.0,,WC
2025-02-09 19:46:53,0.34,20.0,0.11,0.94,19,6,1,evening,3427.0,,
2025-02-09 19:51:53,1.22,12.0,0.24,1.46,19,6,1,evening,300.0,,
2025-02-09 20:02:04,1.11,8.0,0.15,1.36,20,6,1,evening,611.0,kitchen_faucet,
2025-02-09 21:56:09,2.25,48.0,1.8,2.71,21,6,1,evening,6845.0,,WC
2025-02-09 22:02:25,1.17,4.0,0.08,0.94,22,6,1,evening,376.0,kitchen_faucet,
2025-02-09 22:05:03,1.36,5.0,0.11,1.36,22,6,1,evening,158.0,kitchen_faucet,
2025-02-10 00:02:24,1.74,6.0,0.17,1.88,0,0,0,night,7041.0,kitchen_faucet,
2025-02-10 00:02:51,0.55,20.0,0.18,0.94,0,0,0,night,27.0,,
2025-02-10 00:04:14,3.15,30.0,1.57,3.97,0,0,0,night,83.0,,
2025-02-10 00:04:50,0.68,13.0,0.15,0.94,0,0,0,night,36.0,,
2025-02-10 06:54:05,0.78,8.0,0.1,1.04,6,0,0,morning,24555.0,kitchen_faucet,
2025-02-10 07:17:35,1.44,45.0,1.08,1.88,7,0,0,morning,1410.0,,
2025-02-10 07:19:49,1.48,29.0,0.71,1.98,7,0,0,morning,134.0,,
2025-02-10 07:20:19,1.64,7.0,0.19,1.98,7,0,0,morning,30.0,kitchen_faucet,
2025-02-10 07:22:47,1.74,3.0,0.09,1.04,7,0,0,morning,148.0,kitchen_faucet,
2025-02-10 07:28:09,0.91,42.0,0.63,1.88,7,0,0,morning,322.0,,
2025-02-10 07:29:14,0.58,18.0,0.17,0.94,7,0,0,morning,65.0,,
2025-02-10 07:30:07,0.63,5.0,0.05,0.63,7,0,0,morning,53.0,kitchen_faucet,
2025-02-10 07:30:59,1.48,29.0,0.71,1.88,7,0,0,morning,52.0,,
2025-02-10 07:31:42,0.78,4.0,0.05,0.63,7,0,0,morning,43.0,kitchen_faucet,
2025-02-10 07:33:03,1.47,28.0,0.69,1.88,7,0,0,morning,81.0,,
2025-02-10 07:45:25,2.61,1.0,0.04,0.52,7,0,0,morning,742.0,kitchen_faucet,
2025-02-10 07:45:49,1.39,12.0,0.28,1.88,7,0,0,morning,24.0,,
2025-02-10 07:47:08,1.46,38.0,0.92,1.88,7,0,0,morning,79.0,,
2025-02-10 07:48:07,1.74,3.0,0.09,1.04,7,0,0,morning,59.0,kitchen_faucet,
2025-02-10 07:49:35,1.6,16.0,0.43,1.98,7,0,0,morning,88.0,,
2025-02-10 07:53:56,2.19,191.0,6.97,7.93,7,0,0,morning,261.0,,shower
2025-02-10 08:07:46,1.47,21.0,0.51,1.98,8,0,0,morning,830.0,,
2025-02-10 08:09:20,0.63,10.0,0.1,0.94,8,0,0,morning,94.0,,
2025-02-10 08:10:13,1.74,3.0,0.09,1.04,8,0,0,morning,53.0,kitchen_faucet,
2025-02-10 08:31:52,2.24,34.0,1.27,2.71,8,0,0,morning,1299.0,,WC
2025-02-10 08:44:34,0.02,116.0,0.04,0.52,8,0,0,morning,762.0,,
2025-02-10 08:47:16,0.83,25.0,0.35,1.25,8,0,0,morning,162.0,,
2025-02-10 08:47:39,1.13,6.0,0.11,1.25,8,0,0,morning,23.0,kitchen_faucet,
2025-02-10 08:58:26,0.0,560.0,0.04,0.52,8,0,0,morning,647.0,,
2025-02-10 10:04:48,2.45,61.0,2.5,3.34,10,0,0,morning,3982.0,,
2025-02-10 10:38:10,0.78,4.0,0.05,0.63,10,0,0,morning,2002.0,kitchen_faucet,
2025-02-10 13:03:56,2.05,250.0,8.54,2.71,13,0,0,afternoon,8746.0,,shower
2025-02-10 13:53:05,1.51,20.0,0.5,1.88,13,0,0,afternoon,2949.0,,
2025-02-10 13:53:21,1.57,2.0,0.05,0.63,13,0,0,afternoon,16.0,kitchen_faucet,
2025-02-10 13:56:08,1.36,5.0,0.11,1.36,13,0,0,afternoon,167.0,kitchen_faucet,
2025-02-10 14:02:30,1.57,7.0,0.18,1.88,14,0,0,afternoon,382.0,kitchen_faucet,
2025-02-10 14:02:47,0.78,4.0,0.05,0.63,14,0,0,afternoon,17.0,kitchen_faucet,
2025-02-10 14:03:00,0.78,4.0,0.05,0.63,14,0,0,afternoon,13.0,kitchen_faucet,
2025-02-10 14:05:22,1.52,65.0,1.64,1.98,14,0,0,afternoon,142.0,,
2025-02-10 14:05:41,1.67,5.0,0.14,1.67,14,0,0,afternoon,19.0,kitchen_faucet,
2025-02-10 14:08:41,1.53,39.0,0.99,1.98,14,0,0,afternoon,180.0,,
2025-02-10 14:09:32,1.48,35.0,0.86,1.98,14,0,0,afternoon,51.0,,
2025-02-10 14:09:59,1.52,11.0,0.28,1.98,14,0,0,afternoon,27.0,,
2025-02-10 14:11:26,1.83,4.0,0.12,1.46,14,0,0,afternoon,87.0,kitchen_faucet,
2025-02-10 14:11:41,1.7,4.0,0.11,1.36,14,0,0,afternoon,15.0,kitchen_faucet,
2025-02-10 14:13:04,1.27,7.0,0.15,1.67,14,0,0,afternoon,83.0,kitchen_faucet,
2025-02-10 14:14:47,0.87,3.0,0.04,0.52,14,0,0,afternoon,103.0,kitchen_faucet,
2025-02-10 14:19:42,1.74,9.0,0.26,1.98,14,0,0,afternoon,295.0,kitchen_faucet,
2025-02-10 14:24:31,1.49,14.0,0.35,1.88,14,0,0,afternoon,289.0,,
2025-02-10 14:38:17,0.01,770.0,0.16,1.66,14,0,0,afternoon,826.0,,
2025-02-10 14:39:42,1.24,13.0,0.27,1.46,14,0,0,afternoon,85.0,,
2025-02-10 14:51:05,1.61,21.0,0.57,1.98,14,0,0,afternoon,683.0,,
2025-02-10 14:52:13,3.13,1.0,0.05,0.63,14,0,0,afternoon,68.0,kitchen_faucet,
2025-02-10 14:53:43,1.66,11.0,0.3,1.98,14,0,0,afternoon,90.0,,
2025-02-10 14:54:11,1.83,4.0,0.12,1.46,14,0,0,afternoon,28.0,kitchen_faucet,
2025-02-10 14:55:23,1.42,54.0,1.28,1.88,14,0,0,afternoon,72.0,,
2025-02-10 15:00:05,1.46,10.0,0.24,1.88,15,0,0,afternoon,282.0,,
2025-02-10 15:01:13,1.83,4.0,0.12,1.46,15,0,0,afternoon,68.0,kitchen_faucet,
2025-02-10 15:04:36,1.52,23.0,0.58,1.98,15,0,0,afternoon,203.0,,
2025-02-10 15:15:57,0.62,11.0,0.11,0.94,15,0,0,afternoon,681.0,,
2025-02-10 15:20:16,1.54,25.0,0.64,2.09,15,0,0,afternoon,259.0,,
2025-02-10 15:20:52,1.28,22.0,0.47,2.09,15,0,0,afternoon,36.0,,
2025-02-10 15:21:48,0.55,21.0,0.19,0.94,15,0,0,afternoon,56.0,,
2025-02-10 15:23:47,0.92,42.0,0.64,1.36,15,0,0,afternoon,119.0,,
2025-02-10 15:25:00,0.9,56.0,0.84,1.36,15,0,0,afternoon,73.0,,
2025-02-10 15:28:53,2.28,33.0,1.25,2.71,15,0,0,afternoon,233.0,,WC
2025-02-10 15:44:52,1.57,8.0,0.21,1.88,15,0,0,afternoon,959.0,kitchen_faucet,
2025-02-10 16:03:31,0.07,463.0,0.54,1.36,16,0,0,afternoon,1119.0,,
2025-02-10 16:09:52,0.89,94.0,1.4,1.36,16,0,0,afternoon,381.0,,
2025-02-10 16:20:39,0.01,350.0,0.04,0.52,16,0,0,afternoon,647.0,,
2025-02-10 16:28:57,0.01,271.0,0.04,0.52,16,0,0,afternoon,498.0,,
2025-02-10 18:38:34,0.0,7646.0,0.17,0.94,18,0,0,evening,7777.0,,
2025-02-10 18:48:14,0.01,443.0,0.04,0.52,18,0,0,evening,580.0,,
2025-02-10 18:51:56,0.87,3.0,0.04,0.52,18,0,0,evening,222.0,kitchen_faucet,
2025-02-10 18:55:21,1.49,29.0,0.72,1.98,18,0,0,evening,205.0,,
2025-02-10 18:57:03,5.3,51.0,4.5,6.47,18,0,0,evening,102.0,,
2025-02-10 18:57:32,4.2,23.0,1.61,4.7,18,0,0,evening,29.0,,
2025-02-10 19:04:44,0.02,272.0,0.09,1.04,19,0,0,evening,432.0,,
2025-02-10 19:05:31,1.22,3.0,0.06,0.73,19,0,0,evening,47.0,kitchen_faucet,
2025-02-10 19:24:23,2.35,2.0,0.08,0.94,19,0,0,evening,1132.0,kitchen_faucet,
2025-02-10 19:30:10,1.04,7.0,0.12,1.04,19,0,0,evening,347.0,kitchen_faucet,
2025-02-10 19:36:24,3.9,27.0,1.76,5.63,19,0,0,evening,374.0,,WC
2025-02-10 19:36:48,2.23,15.0,0.56,3.23,19,0,0,evening,24.0,,
2025-02-10 19:37:00,4.3,4.0,0.29,3.44,19,0,0,evening,12.0,kitchen_faucet,
2025-02-10 19:37:40,2.87,2.0,0.1,1.15,19,0,0,evening,40.0,kitchen_faucet,
2025-02-10 19:39:53,5.3,54.0,4.77,6.37,19,0,0,evening,133.0,,
2025-02-10 20:29:29,0.03,2817.0,1.61,2.82,20,0,0,evening,2976.0,,
2025-02-10 20:37:52,1.53,13.0,0.33,1.98,20,0,0,evening,503.0,,
2025-02-10 20:52:38,1.04,5.0,0.09,1.04,20,0,0,evening,886.0,kitchen_faucet,
2025-02-10 21:46:49,1.15,5.0,0.1,1.15,21,0,0,evening,3251.0,kitchen_faucet,
2025-02-10 22:43:24,1.57,11.0,0.29,1.88,22,0,0,evening,3395.0,,
2025-02-10 22:56:05,2.09,2.0,0.07,0.83,22,0,0,evening,761.0,kitchen_faucet,
2025-02-10 22:59:53,1.51,9.0,0.23,1.88,22,0,0,evening,228.0,kitchen_faucet,
2025-02-10 23:00:33,0.6,14.0,0.14,0.94,23,0,0,evening,40.0,,
2025-02-11 07:21:49,0.0,26334.0,0.17,1.88,7,1,0,morning,30076.0,,
2025-02-11 07:24:02,2.26,34.0,1.28,2.71,7,1,0,morning,133.0,,WC
2025-02-11 07:25:16,1.79,7.0,0.21,1.98,7,1,0,morning,74.0,kitchen_faucet,
2025-02-11 07:29:22,0.51,222.0,1.9,1.98,7,1,0,morning,246.0,,
2025-02-11 07:31:10,1.33,43.0,0.96,1.57,7,1,0,morning,108.0,,
2025-02-11 07:45:58,0.01,627.0,0.1,1.15,7,1,0,morning,888.0,,
2025-02-11 07:51:28,3.24,29.0,1.57,3.97,7,1,0,morning,330.0,,WC
2025-02-11 08:00:09,3.11,30.0,1.56,3.86,8,1,0,morning,521.0,,
2025-02-11 08:03:57,1.92,202.0,6.48,6.68,8,1,0,morning,228.0,,shower
2025-02-11 08:07:29,2.2,36.0,1.32,2.71,8,1,0,morning,212.0,,WC
2025-02-11 08:09:26,1.15,5.0,0.1,1.15,8,1,0,morning,117.0,kitchen_faucet,
2025-02-11 08:13:42,0.16,244.0,0.65,1.98,8,1,0,morning,256.0,,
2025-02-11 08:15:20,2.22,39.0,1.44,2.71,8,1,0,morning,98.0,,WC
2025-02-11 08:17:04,1.57,9.0,0.23,1.77,8,1,0,morning,104.0,kitchen_faucet,
2025-02-11 08:20:34,1.44,21.0,0.5,1.88,8,1,0,morning,210.0,,
2025-02-11 08:24:32,1.59,19.0,0.5,2.09,8,1,0,morning,238.0,,
2025-02-11 08:27:28,0.54,24.0,0.22,0.94,8,1,0,morning,176.0,,
2025-02-11 08:30:40,2.61,1.0,0.04,0.52,8,1,0,morning,192.0,kitchen_faucet,
2025-02-11 08:32:30,0.73,5.0,0.06,0.73,8,1,0,morning,110.0,kitchen_faucet,
2025-02-11 08:57:20,0.17,713.0,1.99,2.71,8,1,0,morning,1490.0,,
2025-02-11 09:37:24,0.59,15.0,0.15,0.94,9,1,0,morning,2404.0,,
2025-02-11 10:28:33,0.55,21.0,0.19,0.94,10,1,0,morning,3069.0,,
2025-02-11 10:41:08,2.64,33.0,1.45,3.86,10,1,0,morning,755.0,,WC
2025-02-11 10:47:46,2.04,314.0,10.66,2.61,10,1,0,morning,398.0,,shower
2025-02-11 10:57:25,0.01,432.0,0.04,0.52,10,1,0,morning,579.0,,
2025-02-11 12:02:56,2.3,36.0,1.38,2.71,12,1,0,afternoon,3931.0,,WC
2025-02-11 14:01:41,2.19,36.0,1.31,2.71,14,1,0,afternoon,7125.0,,WC
2025-02-11 14:02:39,0.59,16.0,0.16,0.94,14,1,0,afternoon,58.0,,
2025-02-11 14:47:46,2.7,34.0,1.53,3.65,14,1,0,afternoon,2707.0,,WC
2025-02-11 15:02:41,1.61,13.0,0.35,2.09,15,1,0,afternoon,895.0,,
2025-02-11 15:13:44,0.78,4.0,0.05,0.63,15,1,0,afternoon,663.0,kitchen_faucet,
2025-02-11 16:25:44,0.95,11.0,0.17,1.25,16,1,0,afternoon,4320.0,,
2025-02-11 18:46:16,0.0,8405.0,0.47,1.98,18,1,0,evening,8432.0,,
2025-02-11 18:46:55,1.57,4.0,0.1,1.25,18,1,0,evening,39.0,kitchen_faucet,
2025-02-11 18:48:17,0.64,27.0,0.29,1.57,18,1,0,evening,82.0,,
2025-02-11 18:49:22,1.57,8.0,0.21,1.88,18,1,0,evening,65.0,kitchen_faucet,
2025-02-11 19:16:43,1.7,4.0,0.11,1.36,19,1,0,evening,1641.0,kitchen_faucet,
2025-02-11 19:19:01,1.64,7.0,0.19,1.98,19,1,0,evening,138.0,kitchen_faucet,
2025-02-11 19:19:38,2.09,3.0,0.1,1.25,19,1,0,evening,37.0,kitchen_faucet,
2025-02-11 19:25:02,1.39,3.0,0.07,0.83,19,1,0,evening,324.0,kitchen_faucet,
2025-02-11 19:38:40,3.11,30.0,1.56,3.86,19,1,0,evening,818.0,,
2025-02-11 21:25:46,1.3,4.0,0.09,1.04,21,1,0,evening,6426.0,kitchen_faucet,
2025-02-11 22:10:28,2.18,38.0,1.38,2.61,22,1,0,evening,2682.0,,WC
2025-02-12 06:37:16,0.0,2645.0,0.04,0.52,6,2,0,morning,30408.0,,
2025-02-12 07:13:35,2.06,38.0,1.3,2.71,7,2,0,morning,2179.0,,WC
2025-02-12 07:15:41,1.62,10.0,0.27,1.98,7,2,0,morning,126.0,,
2025-02-12 07:16:10,1.57,5.0,0.13,1.57,7,2,0,morning,29.0,kitchen_faucet,
2025-02-12 07:16:33,1.44,13.0,0.31,1.77,7,2,0,morning,23.0,,
2025-02-12 07:20:33,1.65,215.0,5.9,6.57,7,2,0,morning,240.0,,
2025-02-12 07:31:44,1.41,40.0,0.94,1.88,7,2,0,morning,671.0,,
2025-02-12 07:32:47,1.47,22.0,0.54,1.88,7,2,0,morning,63.0,,
2025-02-12 07:34:18,3.65,1.0,0.06,0.73,7,2,0,morning,91.0,kitchen_faucet,
2025-02-12 07:41:12,0.87,3.0,0.04,0.52,7,2,0,morning,414.0,kitchen_faucet,
2025-02-12 07:42:47,1.5,24.0,0.6,1.98,7,2,0,morning,95.0,,
2025-02-12 07:43:35,1.49,27.0,0.67,1.88,7,2,0,morning,48.0,,
2025-02-12 07:52:07,1.3,4.0,0.09,1.04,7,2,0,morning,512.0,kitchen_faucet,
2025-02-12 07:52:28,1.43,4.0,0.1,1.15,7,2,0,morning,21.0,kitchen_faucet,
2025-02-12 07:54:12,0.91,4.0,0.06,0.73,7,2,0,morning,104.0,kitchen_faucet,
2025-02-12 07:54:28,1.3,4.0,0.09,1.04,7,2,0,morning,16.0,kitchen_faucet,
2025-02-12 08:23:56,0.17,1759.0,5.01,6.05,8,2,0,morning,1768.0,,
2025-02-12 08:25:41,2.23,34.0,1.26,2.71,8,2,0,morning,105.0,,WC
2025-02-12 11:03:25,0.0,9001.0,0.1,0.94,11,2,0,morning,9464.0,,
2025-02-12 11:46:31,2.22,54.0,2.0,2.71,11,2,0,morning,2586.0,,
2025-02-12 13:49:04,0.4,17.0,0.11,0.83,13,2,0,afternoon,7353.0,,
2025-02-12 13:49:30,1.77,5.0,0.15,1.77,13,2,0,afternoon,26.0,kitchen_faucet,
2025-02-12 13:49:57,1.74,3.0,0.09,1.04,13,2,0,afternoon,27.0,kitchen_faucet,
2025-02-12 14:07:10,1.46,10.0,0.24,1.88,14,2,0,afternoon,1033.0,,
2025-02-12 14:08:12,0.27,44.0,0.2,1.67,14,2,0,afternoon,62.0,,
2025-02-12 14:09:45,3.11,30.0,1.56,3.86,14,2,0,afternoon,93.0,,
2025-02-12 14:47:57,0.48,36.0,0.29,0.94,14,2,0,afternoon,2292.0,,
2025-02-12 15:30:31,0.75,16.0,0.2,1.04,15,2,0,afternoon,2554.0,,
2025-02-12 15:31:37,2.65,43.0,1.9,3.86,15,2,0,afternoon,66.0,,WC
2025-02-12 15:45:08,1.45,32.0,0.77,1.88,15,2,0,afternoon,811.0,,
2025-02-12 15:45:55,1.46,24.0,0.58,1.98,15,2,0,afternoon,47.0,,
2025-02-12 15:48:58,1.52,11.0,0.28,1.88,15,2,0,afternoon,183.0,,
2025-02-12 15:52:38,0.98,24.0,0.39,1.46,15,2,0,afternoon,220.0,,
2025-02-12 18:54:01,5.75,56.0,5.37,6.47,18,2,0,evening,10883.0,,
2025-02-12 19:07:03,0.56,13.0,0.12,1.04,19,2,0,evening,782.0,,
2025-02-12 19:10:33,1.48,6.0,0.15,1.67,19,2,0,evening,210.0,kitchen_faucet,
2025-02-12 19:10:53,2.94,14.0,0.69,3.55,19,2,0,evening,20.0,,
2025-02-12 19:29:34,4.73,42.0,3.31,6.05,19,2,0,evening,1121.0,,
2025-02-12 19:30:31,0.62,51.0,0.53,1.04,19,2,0,evening,57.0,,
2025-02-12 20:19:23,0.0,2627.0,0.06,0.73,20,2,0,evening,2932.0,,
2025-02-12 20:54:31,1.83,2.0,0.06,0.73,20,2,0,evening,2108.0,kitchen_faucet,
2025-02-12 20:56:19,1.83,2.0,0.06,0.73,20,2,0,evening,108.0,kitchen_faucet,
2025-02-12 22:28:12,3.65,1.0,0.06,0.73,22,2,0,evening,5513.0,kitchen_faucet,
2025-02-12 22:31:10,1.4,78.0,1.82,1.77,22,2,0,evening,178.0,,
2025-02-12 22:31:31,1.09,11.0,0.2,1.46,22,2,0,evening,21.0,,
2025-02-12 22:32:04,1.54,20.0,0.51,1.98,22,2,0,evening,33.0,,
2025-02-12 22:33:16,1.43,15.0,0.36,1.77,22,2,0,evening,72.0,,
2025-02-12 22:33:53,1.64,7.0,0.19,2.09,22,2,0,evening,37.0,kitchen_faucet,
2025-02-12 22:34:32,1.57,4.0,0.1,1.25,22,2,0,evening,39.0,kitchen_faucet,
2025-02-12 22:35:05,1.91,3.0,0.1,1.15,22,2,0,evening,33.0,kitchen_faucet,
2025-02-12 22:37:39,1.32,99.0,2.18,1.77,22,2,0,evening,154.0,,
2025-02-12 22:38:39,0.87,6.0,0.09,1.04,22,2,0,evening,60.0,kitchen_faucet,
2025-02-12 22:43:43,0.55,17.0,0.16,0.94,22,2,0,evening,304.0,,
2025-02-12 22:44:11,0.58,9.0,0.09,0.94,22,2,0,evening,28.0,kitchen_faucet,
2025-02-12 22:47:03,0.55,16.0,0.15,0.94,22,2,0,evening,172.0,,
2025-02-12 23:09:46,0.94,34.0,0.53,1.36,23,2,0,evening,1363.0,,
2025-02-12 23:16:06,0.9,94.0,1.42,1.36,23,2,0,evening,380.0,,
2025-02-13 07:02:49,0.0,26536.0,0.04,0.52,7,3,0,morning,28003.0,,
2025-02-13 07:16:06,2.29,33.0,1.26,2.61,7,3,0,morning,797.0,,WC
2025-02-13 07:21:55,1.43,16.0,0.38,1.88,7,3,0,morning,349.0,,
2025-02-13 07:23:48,2.61,1.0,0.04,0.52,7,3,0,morning,113.0,kitchen_faucet,
2025-02-13 07:27:16,1.59,20.0,0.53,1.98,7,3,0,morning,208.0,,
2025-02-13 07:27:37,1.11,8.0,0.15,1.46,7,3,0,morning,21.0,kitchen_faucet,
2025-02-13 07:30:17,2.61,2.0,0.09,1.04,7,3,0,morning,160.0,kitchen_faucet,
2025-02-13 07:37:07,1.47,17.0,0.42,1.98,7,3,0,morning,410.0,,
2025-02-13 07:39:07,1.62,40.0,1.08,2.09,7,3,0,morning,120.0,,
2025-02-13 07:39:40,1.73,13.0,0.37,2.19,7,3,0,morning,33.0,,
2025-02-13 07:41:05,1.61,11.0,0.3,1.98,7,3,0,morning,85.0,,
2025-02-13 07:44:19,1.59,18.0,0.48,1.98,7,3,0,morning,194.0,,
2025-02-13 07:48:07,1.76,8.0,0.23,2.09,7,3,0,morning,228.0,kitchen_faucet,
2025-02-13 07:48:21,1.96,4.0,0.13,1.57,7,3,0,morning,14.0,kitchen_faucet,
2025-02-13 07:50:16,2.61,2.0,0.09,1.04,7,3,0,morning,115.0,kitchen_faucet,
2025-02-13 07:51:07,1.28,13.0,0.28,1.67,7,3,0,morning,51.0,,
2025-02-13 07:52:54,1.57,7.0,0.18,1.88,7,3,0,morning,107.0,kitchen_faucet,
2025-02-13 07:57:05,1.53,34.0,0.87,1.98,7,3,0,morning,251.0,,
2025-02-13 08:18:31,2.82,95.0,4.46,3.76,8,3,0,morning,1286.0,,
2025-02-13 08:21:41,5.86,42.0,4.1,6.47,8,3,0,morning,190.0,,
2025-02-13 08:24:30,1.31,160.0,3.5,1.88,8,3,0,morning,169.0,,
2025-02-13 08:25:26,1.74,3.0,0.09,1.04,8,3,0,morning,56.0,kitchen_faucet,
2025-02-13 08:28:10,0.25,119.0,0.5,1.77,8,3,0,morning,164.0,,
2025-02-13 08:31:07,0.18,132.0,0.4,1.57,8,3,0,morning,177.0,,
2025-02-13 08:31:46,0.95,23.0,0.37,1.36,8,3,0,morning,39.0,,
2025-02-13 08:35:51,1.37,183.0,4.17,3.86,8,3,0,morning,245.0,,
2025-02-13 08:36:36,0.78,4.0,0.05,0.63,8,3,0,morning,45.0,kitchen_faucet,
2025-02-13 08:38:33,2.09,3.0,0.1,1.25,8,3,0,morning,117.0,kitchen_faucet,
2025-02-13 08:40:59,0.64,9.0,0.1,0.94,8,3,0,morning,146.0,kitchen_faucet,
2025-02-13 10:06:54,0.0,1827.0,0.04,0.52,10,3,0,morning,5155.0,,
2025-02-13 15:24:34,0.01,18771.0,1.57,3.86,15,3,0,afternoon,19060.0,,
2025-02-13 16:38:38,1.1,10.0,0.18,1.57,16,3,0,afternoon,4444.0,,
2025-02-13 16:44:04,3.13,1.0,0.05,0.63,16,3,0,afternoon,326.0,kitchen_faucet,
2025-02-13 16:54:49,1.63,8.0,0.22,1.88,16,3,0,afternoon,645.0,kitchen_faucet,
2025-02-13 16:55:13,1.57,4.0,0.1,1.25,16,3,0,afternoon,24.0,kitchen_faucet,
2025-02-13 16:59:34,2.61,1.0,0.04,0.52,16,3,0,afternoon,261.0,kitchen_faucet,
2025-02-13 17:04:41,0.64,9.0,0.1,0.94,17,3,0,afternoon,307.0,kitchen_faucet,
2025-02-13 19:55:53,2.21,35.0,1.29,2.61,19,3,0,evening,10272.0,,WC
2025-02-13 21:31:26,0.73,5.0,0.06,0.73,21,3,0,evening,5733.0,kitchen_faucet,
2025-02-13 21:33:15,0.93,9.0,0.14,1.25,21,3,0,evening,109.0,kitchen_faucet,
2025-02-13 21:38:24,1.04,4.0,0.07,0.83,21,3,0,evening,309.0,kitchen_faucet,
2025-02-13 21:39:00,1.74,6.0,0.17,1.88,21,3,0,evening,36.0,kitchen_faucet,
2025-02-14 00:03:00,0.01,647.0,0.1,0.94,0,4,0,night,8640.0,,
2025-02-14 00:03:10,0.73,5.0,0.06,0.73,0,4,0,night,10.0,kitchen_faucet,
2025-02-14 06:49:45,0.89,7.0,0.1,1.15,6,4,0,morning,24395.0,kitchen_faucet,
2025-02-14 06:51:27,0.45,70.0,0.52,1.46,6,4,0,morning,102.0,,
2025-02-14 06:54:29,2.27,34.0,1.29,2.71,6,4,0,morning,182.0,,WC
2025-02-14 07:09:46,1.4,25.0,0.58,1.88,7,4,0,morning,917.0,,
2025-02-14 07:15:25,1.74,3.0,0.09,1.04,7,4,0,morning,339.0,kitchen_faucet,
2025-02-14 07:19:34,0.87,3.0,0.04,0.52,7,4,0,morning,249.0,kitchen_faucet,
2025-02-14 07:20:47,1.63,16.0,0.43,1.98,7,4,0,morning,73.0,,
2025-02-14 07:21:26,1.46,10.0,0.24,1.98,7,4,0,morning,39.0,,
2025-02-14 07:22:00,1.7,8.0,0.23,1.98,7,4,0,morning,34.0,kitchen_faucet,
2025-02-14 07:22:50,1.52,32.0,0.81,1.98,7,4,0,morning,50.0,,
2025-02-14 07:23:04,1.91,3.0,0.1,1.15,7,4,0,morning,14.0,kitchen_faucet,
2025-02-14 07:23:27,0.4,17.0,0.11,1.25,7,4,0,morning,23.0,,
2025-02-14 07:23:55,1.57,14.0,0.37,1.98,7,4,0,morning,28.0,,
2025-02-14 07:29:13,0.55,143.0,1.3,2.71,7,4,0,morning,318.0,,
2025-02-14 07:31:20,0.55,19.0,0.17,0.94,7,4,0,morning,127.0,,
2025-02-14 08:02:39,2.52,150.0,6.3,5.32,8,4,0,morning,1879.0,,shower
2025-02-14 08:13:32,0.01,495.0,0.04,0.52,8,4,0,morning,653.0,,
2025-02-14 08:15:11,1.52,24.0,0.61,1.88,8,4,0,morning,99.0,,
2025-02-14 08:17:56,2.0,6.0,0.2,2.09,8,4,0,morning,165.0,kitchen_faucet,
2025-02-14 08:41:42,2.19,58.0,2.12,2.71,8,4,0,morning,1426.0,,
2025-02-14 08:45:46,0.99,10.0,0.17,1.25,8,4,0,morning,244.0,,
2025-02-14 08:50:22,1.47,214.0,5.23,6.16,8,4,0,morning,276.0,,
2025-02-14 14:10:02,2.09,2.0,0.07,0.83,14,4,0,afternoon,19180.0,kitchen_faucet,
2025-02-14 14:15:09,1.25,18.0,0.37,1.57,14,4,0,afternoon,307.0,,
2025-02-14 14:19:11,1.35,24.0,0.54,1.77,14,4,0,afternoon,242.0,,
2025-02-14 14:21:35,1.57,3.0,0.08,0.94,14,4,0,afternoon,144.0,kitchen_faucet,
2025-02-14 14:26:42,1.57,13.0,0.34,1.88,14,4,0,afternoon,307.0,,
2025-02-14 14:26:54,2.09,2.0,0.07,0.83,14,4,0,afternoon,12.0,kitchen_faucet,
2025-02-14 14:29:00,0.85,11.0,0.16,1.15,14,4,0,afternoon,126.0,,
2025-02-14 14:30:33,1.3,8.0,0.17,1.88,14,4,0,afternoon,93.0,kitchen_faucet,
2025-02-14 14:31:07,1.53,14.0,0.36,1.88,14,4,0,afternoon,34.0,,
2025-02-14 14:45:41,1.42,7.0,0.17,1.88,14,4,0,afternoon,874.0,kitchen_faucet,
2025-02-14 17:36:27,1.43,4.0,0.1,1.15,17,4,0,afternoon,10246.0,kitchen_faucet,
2025-02-14 17:39:38,2.58,35.0,1.5,3.13,17,4,0,afternoon,191.0,,WC
2025-02-14 17:41:26,1.27,21.0,0.44,1.67,17,4,0,afternoon,108.0,,
2025-02-14 18:02:56,1.62,10.0,0.27,1.88,18,4,0,evening,1290.0,,
2025-02-14 18:04:45,0.65,8.0,0.09,0.94,18,4,0,evening,109.0,kitchen_faucet,
2025-02-14 20:35:19,2.13,50.0,1.77,2.92,20,4,0,evening,9034.0,,WC
2025-02-14 22:17:47,1.25,5.0,0.1,1.25,22,4,0,evening,6148.0,kitchen_faucet,
2025-02-14 23:14:51,0.09,28.0,0.04,0.52,23,4,0,evening,3424.0,,
2025-02-14 23:51:30,1.97,41.0,1.35,2.71,23,4,0,evening,2199.0,,WC
2025-02-14 23:52:06,0.56,13.0,0.12,0.94,23,4,0,evening,36.0,,
2025-02-15 06:47:35,0.16,16.0,0.04,0.52,6,5,1,morning,24929.0,,
2025-02-15 08:10:18,0.54,34.0,0.3,0.94,8,5,1,morning,4963.0,,
2025-02-15 08:22:59,1.67,5.0,0.14,1.67,8,5,1,morning,761.0,kitchen_faucet,
2025-02-15 08:23:36,1.46,5.0,0.12,1.46,8,5,1,morning,37.0,kitchen_faucet,
2025-02-15 08:39:54,1.52,25.0,0.63,1.98,8,5,1,morning,978.0,,
2025-02-15 08:45:58,1.46,36.0,0.88,1.88,8,5,1,morning,364.0,,
2025-02-15 08:47:04,1.57,12.0,0.31,1.88,8,5,1,morning,66.0,,
2025-02-15 09:11:58,0.01,1486.0,0.23,1.57,9,5,1,morning,1494.0,,
2025-02-15 09:16:42,1.86,222.0,6.89,6.68,9,5,1,morning,284.0,,shower
2025-02-15 09:18:39,1.82,43.0,1.3,6.68,9,5,1,morning,117.0,,WC
2025-02-15 09:21:45,1.36,63.0,1.43,1.88,9,5,1,morning,186.0,,
2025-02-15 09:25:43,1.61,12.0,0.32,1.98,9,5,1,morning,238.0,,
2025-02-15 09:30:05,2.2,48.0,1.76,2.71,9,5,1,morning,262.0,,WC
2025-02-15 09:31:35,0.09,73.0,0.11,1.36,9,5,1,morning,90.0,,
2025-02-15 09:33:13,1.01,31.0,0.52,1.46,9,5,1,morning,98.0,,
2025-02-15 09:52:35,2.24,56.0,2.09,2.71,9,5,1,morning,1162.0,,
2025-02-15 09:52:57,2.09,2.0,0.07,0.83,9,5,1,morning,22.0,kitchen_faucet,
2025-02-15 09:57:44,1.9,287.0,9.1,6.05,9,5,1,morning,287.0,,shower
2025-02-15 10:14:33,0.01,884.0,0.1,1.25,10,5,1,morning,1009.0,,
2025-02-15 10:15:19,1.67,5.0,0.14,1.67,10,5,1,morning,46.0,kitchen_faucet,
2025-02-15 10:17:59,1.65,6.0,0.17,1.88,10,5,1,morning,160.0,kitchen_faucet,
2025-02-15 10:19:26,1.6,17.0,0.45,1.98,10,5,1,morning,87.0,,
2025-02-15 10:21:47,3.13,30.0,1.57,3.86,10,5,1,morning,141.0,,
2025-02-15 10:43:32,0.61,12.0,0.12,0.94,10,5,1,morning,1305.0,,
2025-02-15 12:28:13,0.0,6263.0,0.04,0.52,12,5,1,afternoon,6281.0,,
2025-02-15 14:10:25,0.07,1378.0,1.58,3.86,14,5,1,afternoon,6132.0,,
2025-02-15 19:05:34,3.18,45.0,2.38,3.86,19,5,1,evening,17709.0,,
2025-02-15 19:05:56,0.87,3.0,0.04,0.52,19,5,1,evening,22.0,kitchen_faucet,
2025-02-15 19:07:28,2.22,52.0,1.92,2.71,19,5,1,evening,92.0,,
2025-02-15 19:42:56,0.65,8.0,0.09,0.94,19,5,1,evening,2128.0,kitchen_faucet,
2025-02-15 20:13:32,2.09,2.0,0.07,0.83,20,5,1,evening,1836.0,kitchen_faucet,
2025-02-15 21:09:58,0.41,9.0,0.06,0.73,21,5,1,evening,3386.0,kitchen_faucet,
2025-02-15 21:10:07,2.09,2.0,0.07,0.83,21,5,1,evening,9.0,kitchen_faucet,
2025-02-16 08:28:38,1.6,16.0,0.43,1.88,8,6,1,morning,40711.0,,
2025-02-16 08:29:06,1.57,8.0,0.21,1.98,8,6,1,morning,28.0,kitchen_faucet,
2025-02-16 08:35:55,1.57,6.0,0.16,1.77,8,6,1,morning,409.0,kitchen_faucet,
2025-02-16 08:36:12,1.83,4.0,0.12,1.46,8,6,1,morning,17.0,kitchen_faucet,
2025-02-16 08:37:34,1.28,9.0,0.19,1.67,8,6,1,morning,82.0,kitchen_faucet,
2025-02-16 08:39:58,2.19,35.0,1.28,2.71,8,6,1,morning,144.0,,WC
2025-02-16 08:53:12,1.45,28.0,0.68,1.88,8,6,1,morning,794.0,,
2025-02-16 09:02:32,1.65,78.0,2.15,2.82,9,6,1,morning,560.0,,
2025-02-16 09:03:49,0.88,16.0,0.23,1.25,9,6,1,morning,77.0,,
2025-02-16 09:05:16,0.78,8.0,0.1,1.25,9,6,1,morning,87.0,kitchen_faucet,
2025-02-16 09:19:48,4.03,30.0,2.02,4.9,9,6,1,morning,872.0,,
2025-02-16 09:25:39,0.59,16.0,0.16,0.94,9,6,1,morning,351.0,,
2025-02-16 09:31:39,0.87,3.0,0.04,0.52,9,6,1,morning,360.0,kitchen_faucet,
2025-02-16 10:01:23,2.27,56.0,2.12,2.71,10,6,1,morning,1784.0,,
2025-02-16 12:41:50,0.55,17.0,0.16,0.94,12,6,1,afternoon,9627.0,,
2025-02-16 14:49:58,1.28,977.0,20.82,6.05,14,6,1,afternoon,7688.0,,
2025-02-16 14:55:11,2.26,34.0,1.28,2.61,14,6,1,afternoon,313.0,,WC
2025-02-16 15:05:51,1.3,609.0,13.21,5.01,15,6,1,afternoon,640.0,,
2025-02-16 15:15:56,0.01,528.0,0.07,0.83,15,6,1,afternoon,605.0,,
2025-02-16 15:16:21,0.52,15.0,0.13,0.83,15,6,1,afternoon,25.0,,
2025-02-16 18:46:41,0.0,9590.0,0.68,1.15,18,6,1,evening,12620.0,,
2025-02-16 19:13:12,0.87,15.0,0.22,1.25,19,6,1,evening,1591.0,,
2025-02-16 19:14:11,3.65,30.0,1.83,4.7,19,6,1,evening,59.0,,WC
2025-02-16 19:15:14,0.52,24.0,0.21,0.94,19,6,1,evening,63.0,,
2025-02-16 19:30:43,0.34,20.0,0.11,0.73,19,6,1,evening,929.0,,
2025-02-16 19:33:38,1.39,3.0,0.07,0.83,19,6,1,evening,175.0,kitchen_faucet,
2025-02-16 19:37:40,1.57,3.0,0.08,0.94,19,6,1,evening,242.0,kitchen_faucet,
2025-02-16 19:39:02,1.88,5.0,0.16,1.88,19,6,1,evening,82.0,kitchen_faucet,
2025-02-16 19:39:17,2.61,1.0,0.04,0.52,19,6,1,evening,15.0,kitchen_faucet,
2025-02-16 19:40:04,1.71,7.0,0.2,1.88,19,6,1,evening,47.0,kitchen_faucet,
2025-02-16 19:41:43,0.87,3.0,0.04,0.52,19,6,1,evening,99.0,kitchen_faucet,
2025-02-16 19:43:02,0.52,20.0,0.17,0.94,19,6,1,evening,79.0,,
2025-02-16 19:44:39,2.09,3.0,0.1,1.25,19,6,1,evening,97.0,kitchen_faucet,
2025-02-16 19:45:02,1.62,10.0,0.27,1.98,19,6,1,evening,23.0,,
2025-02-16 19:45:57,1.43,8.0,0.19,1.88,19,6,1,evening,55.0,kitchen_faucet,
2025-02-16 19:47:10,1.5,15.0,0.37,1.88,19,6,1,evening,73.0,,
2025-02-16 19:47:59,1.74,3.0,0.09,1.04,19,6,1,evening,49.0,kitchen_faucet,
2025-02-16 19:49:49,1.91,3.0,0.1,1.15,19,6,1,evening,110.0,kitchen_faucet,
2025-02-16 19:50:11,2.09,2.0,0.07,0.83,19,6,1,evening,22.0,kitchen_faucet,
2025-02-16 20:33:04,1.43,4.0,0.1,1.15,20,6,1,evening,2573.0,kitchen_faucet,
2025-02-16 22:06:18,0.55,20.0,0.18,0.94,22,6,1,evening,5594.0,,
2025-02-16 23:04:01,0.05,370.0,0.3,1.67,23,6,1,evening,3463.0,,
2025-02-16 23:21:39,0.93,98.0,1.52,1.36,23,6,1,evening,1058.0,,
2025-02-16 23:23:24,0.11,60.0,0.11,1.36,23,6,1,evening,105.0,,
2025-02-16 23:58:25,0.95,34.0,0.54,1.36,23,6,1,evening,2101.0,,
2025-02-17 00:04:44,0.9,94.0,1.42,1.36,0,0,0,night,379.0,,
2025-02-17 01:43:32,0.73,40.0,0.49,1.15,1,0,0,night,5928.0,,
2025-02-17 08:05:22,0.0,17756.0,0.14,1.57,8,0,0,morning,22910.0,,
2025-02-17 08:14:11,2.19,35.0,1.28,2.71,8,0,0,morning,529.0,,WC
2025-02-17 08:20:35,0.03,340.0,0.17,1.57,8,0,0,morning,384.0,,
2025-02-17 08:21:17,1.32,28.0,0.62,1.98,8,0,0,morning,42.0,,
2025-02-17 08:35:33,0.03,490.0,0.24,2.09,8,0,0,morning,856.0,,
2025-02-17 08:40:37,1.39,3.0,0.07,0.83,8,0,0,morning,304.0,kitchen_faucet,
2025-02-17 08:44:43,0.55,21.0,0.19,0.94,8,0,0,morning,246.0,,
2025-02-17 08:45:04,0.78,4.0,0.05,0.63,8,0,0,morning,21.0,kitchen_faucet,
2025-02-17 08:49:57,2.09,3.0,0.1,1.25,8,0,0,morning,293.0,kitchen_faucet,
2025-02-17 08:51:07,3.1,30.0,1.55,3.86,8,0,0,morning,70.0,,
2025-02-17 09:05:40,3.1,30.0,1.55,3.86,9,0,0,morning,873.0,,
2025-02-17 09:11:25,1.94,121.0,3.92,6.68,9,0,0,morning,345.0,,
2025-02-17 09:18:02,0.15,262.0,0.63,2.09,9,0,0,morning,397.0,,
2025-02-17 09:34:16,0.54,28.0,0.25,0.94,9,0,0,morning,974.0,,
2025-02-17 09:40:30,1.49,28.0,0.7,1.98,9,0,0,morning,374.0,,
2025-02-17 09:45:49,2.21,57.0,2.1,2.71,9,0,0,morning,319.0,,
2025-02-17 09:48:46,1.77,167.0,4.93,6.05,9,0,0,morning,177.0,,
2025-02-17 09:56:01,0.01,181.0,0.04,0.52,9,0,0,morning,435.0,,
2025-02-17 15:04:56,1.91,6.0,0.19,1.98,15,0,0,afternoon,18535.0,kitchen_faucet,
2025-02-17 15:06:21,3.11,30.0,1.56,3.86,15,0,0,afternoon,85.0,,
2025-02-17 15:17:30,2.61,1.0,0.04,0.52,15,0,0,afternoon,669.0,kitchen_faucet,
2025-02-17 15:33:19,0.61,12.0,0.12,0.94,15,0,0,afternoon,949.0,,
2025-02-17 16:00:12,2.27,34.0,1.29,2.61,16,0,0,afternoon,1613.0,,WC
2025-02-17 17:36:59,2.16,36.0,1.3,2.61,17,0,0,afternoon,5807.0,,WC
2025-02-17 18:42:30,0.24,1869.0,7.49,7.41,18,0,0,evening,3931.0,,
2025-02-17 19:14:41,4.72,234.0,18.41,6.05,19,0,0,evening,1931.0,,shower
2025-02-17 19:39:14,0.0,1132.0,0.08,0.83,19,0,0,evening,1473.0,,
2025-02-17 19:51:24,1.35,12.0,0.27,1.77,19,0,0,evening,730.0,,
2025-02-17 20:53:56,1.17,4.0,0.08,0.94,20,0,0,evening,3752.0,kitchen_faucet,
2025-02-18 07:44:58,1.43,4.0,0.1,1.15,7,1,0,morning,39062.0,kitchen_faucet,
2025-02-18 07:49:13,0.73,5.0,0.06,0.73,7,1,0,morning,255.0,kitchen_faucet,
2025-02-18 07:50:23,0.54,27.0,0.24,0.94,7,1,0,morning,70.0,,
2025-02-18 07:50:55,0.64,9.0,0.1,0.94,7,1,0,morning,32.0,kitchen_faucet,
2025-02-18 07:53:10,1.45,46.0,1.11,1.88,7,1,0,morning,135.0,,
2025-02-18 07:56:09,1.7,4.0,0.11,1.36,7,1,0,morning,179.0,kitchen_faucet,
2025-02-18 07:58:07,1.45,40.0,0.97,1.88,7,1,0,morning,118.0,,
2025-02-18 08:04:25,2.24,35.0,1.3,2.71,8,1,0,morning,378.0,,WC
2025-02-18 08:06:58,2.25,46.0,1.72,2.71,8,1,0,morning,153.0,,WC
2025-02-18 08:13:02,0.07,182.0,0.22,1.36,8,1,0,morning,364.0,,
2025-02-18 08:13:17,1.25,5.0,0.1,1.25,8,1,0,morning,15.0,kitchen_faucet,
2025-02-18 08:15:45,1.76,8.0,0.23,1.98,8,1,0,morning,148.0,kitchen_faucet,
2025-02-18 08:21:41,1.04,7.0,0.12,1.36,8,1,0,morning,356.0,kitchen_faucet,
2025-02-18 08:24:46,1.8,163.0,4.89,6.57,8,1,0,morning,185.0,,shower
2025-02-18 08:27:24,1.67,5.0,0.14,1.67,8,1,0,morning,158.0,kitchen_faucet,
2025-02-18 08:34:51,0.4,109.0,0.72,1.98,8,1,0,morning,447.0,,
2025-02-18 08:41:55,2.19,50.0,1.83,2.71,8,1,0,morning,424.0,,WC
2025-02-18 08:53:14,2.01,198.0,6.64,6.16,8,1,0,morning,679.0,,shower
2025-02-18 15:59:28,0.0,25417.0,0.94,1.88,15,1,0,afternoon,25574.0,,
2025-02-18 15:59:48,1.36,13.0,0.3,1.88,15,1,0,afternoon,20.0,,
2025-02-18 16:00:39,3.13,1.0,0.05,0.63,16,1,0,afternoon,51.0,kitchen_faucet,
2025-02-18 16:02:01,1.52,34.0,0.86,1.98,16,1,0,afternoon,82.0,,
2025-02-18 16:02:29,1.77,5.0,0.15,1.77,16,1,0,afternoon,28.0,kitchen_faucet,
2025-02-18 16:09:15,1.47,11.0,0.27,1.98,16,1,0,afternoon,406.0,,
2025-02-18 16:09:31,0.87,9.0,0.13,0.83,16,1,0,afternoon,16.0,kitchen_faucet,
2025-02-18 16:10:25,1.53,43.0,1.1,1.98,16,1,0,afternoon,54.0,,
2025-02-18 16:10:58,1.74,6.0,0.17,1.88,16,1,0,afternoon,33.0,kitchen_faucet,
2025-02-18 16:11:47,2.35,2.0,0.08,0.94,16,1,0,afternoon,49.0,kitchen_faucet,
2025-02-18 16:13:43,1.61,13.0,0.35,1.98,16,1,0,afternoon,116.0,,
2025-02-18 16:17:52,1.45,45.0,1.09,1.98,16,1,0,afternoon,249.0,,
2025-02-18 16:30:49,1.76,8.0,0.23,1.98,16,1,0,afternoon,777.0,kitchen_faucet,
2025-02-18 16:33:16,1.51,20.0,0.5,1.88,16,1,0,afternoon,147.0,,
2025-02-18 16:47:39,2.09,2.0,0.07,0.83,16,1,0,afternoon,863.0,kitchen_faucet,
2025-02-18 16:53:10,1.54,74.0,1.9,1.98,16,1,0,afternoon,331.0,,
2025-02-18 16:53:25,1.57,7.0,0.18,1.98,16,1,0,afternoon,15.0,kitchen_faucet,
2025-02-18 16:58:52,1.74,3.0,0.09,1.04,16,1,0,afternoon,327.0,kitchen_faucet,
2025-02-18 17:40:13,0.75,7.0,0.09,1.04,17,1,0,afternoon,2481.0,kitchen_faucet,
2025-02-18 17:49:00,2.14,36.0,1.29,2.71,17,1,0,afternoon,527.0,,WC
2025-02-18 17:54:40,1.48,13.0,0.32,1.88,17,1,0,afternoon,340.0,,
2025-02-18 17:56:29,1.42,49.0,1.16,1.88,17,1,0,afternoon,109.0,,
2025-02-18 17:58:17,1.33,9.0,0.2,1.67,17,1,0,afternoon,108.0,kitchen_faucet,
2025-02-18 17:59:37,2.09,2.0,0.07,0.83,17,1,0,afternoon,80.0,kitchen_faucet,
2025-02-18 18:00:30,1.61,13.0,0.35,2.09,18,1,0,evening,53.0,,
2025-02-18 18:01:02,1.6,15.0,0.4,2.09,18,1,0,evening,32.0,,
2025-02-18 18:07:43,0.01,228.0,0.04,0.52,18,1,0,evening,401.0,,
2025-02-18 19:43:20,1.13,6.0,0.11,1.36,19,1,0,evening,5737.0,kitchen_faucet,
2025-02-18 19:48:05,1.04,4.0,0.07,0.83,19,1,0,evening,285.0,kitchen_faucet,
2025-02-18 19:53:34,5.47,66.0,6.02,6.05,19,1,0,evening,329.0,,
2025-02-18 19:54:20,3.72,29.0,1.8,4.9,19,1,0,evening,46.0,,WC
2025-02-18 20:03:18,0.03,406.0,0.22,0.94,20,1,0,evening,538.0,,
2025-02-18 20:04:05,4.7,1.0,0.08,0.94,20,1,0,evening,47.0,kitchen_faucet,
2025-02-18 20:07:35,0.96,19.0,0.3,1.36,20,1,0,evening,210.0,,
2025-02-18 20:24:29,4.52,24.0,1.81,6.05,20,1,0,evening,1014.0,,
2025-02-18 20:26:10,5.02,64.0,5.36,5.95,20,1,0,evening,101.0,,
2025-02-18 20:30:25,1.51,223.0,5.63,5.01,20,1,0,evening,255.0,,
2025-02-18 20:34:21,0.13,160.0,0.34,1.88,20,1,0,evening,236.0,,
2025-02-18 20:49:11,2.87,2.0,0.1,1.15,20,1,0,evening,890.0,kitchen_faucet,
2025-02-18 20:50:46,1.75,31.0,0.9,1.98,20,1,0,evening,95.0,,
2025-02-18 20:53:32,2.05,106.0,3.62,2.4,20,1,0,evening,166.0,,
2025-02-18 21:08:42,1.83,6.0,0.18,2.09,21,1,0,evening,910.0,kitchen_faucet,
2025-02-18 21:10:30,1.8,98.0,2.95,2.3,21,1,0,evening,108.0,,
2025-02-18 21:10:46,1.19,7.0,0.14,1.57,21,1,0,evening,16.0,kitchen_faucet,
2025-02-18 21:11:44,1.87,19.0,0.59,2.3,21,1,0,evening,58.0,,
2025-02-18 21:17:25,1.12,58.0,1.08,1.57,21,1,0,evening,341.0,,
2025-02-18 21:27:14,1.27,7.0,0.15,1.25,21,1,0,evening,589.0,kitchen_faucet,
2025-02-18 21:32:39,0.6,7.0,0.07,0.83,21,1,0,evening,325.0,kitchen_faucet,
2025-02-18 21:40:26,1.74,12.0,0.35,2.09,21,1,0,evening,467.0,,
2025-02-18 21:40:55,0.83,10.0,0.14,1.15,21,1,0,evening,29.0,,
2025-02-18 21:41:47,1.36,5.0,0.11,1.36,21,1,0,evening,52.0,kitchen_faucet,
2025-02-18 21:42:08,1.57,3.0,0.08,0.94,21,1,0,evening,21.0,kitchen_faucet,
2025-02-18 21:42:27,0.99,9.0,0.15,1.25,21,1,0,evening,19.0,kitchen_faucet,
2025-02-18 21:47:38,0.91,99.0,1.5,1.36,21,1,0,evening,311.0,,
2025-02-18 22:23:07,0.94,34.0,0.53,1.36,22,1,0,evening,2129.0,,
2025-02-18 22:29:27,0.91,93.0,1.42,1.36,22,1,0,evening,380.0,,
2025-02-18 22:37:33,0.55,22.0,0.2,0.94,22,1,0,evening,486.0,,
2025-02-19 07:36:15,0.01,28190.0,2.67,1.88,7,2,0,morning,32322.0,,
2025-02-19 07:39:17,0.41,71.0,0.49,1.98,7,2,0,morning,182.0,,
2025-02-19 07:40:37,1.3,2.0,0.04,0.52,7,2,0,morning,80.0,kitchen_faucet,
2025-02-19 07:41:09,1.57,15.0,0.39,1.98,7,2,0,morning,32.0,,
2025-02-19 07:43:18,0.25,37.0,0.16,1.25,7,2,0,morning,129.0,,
2025-02-19 07:44:03,2.23,34.0,1.26,2.61,7,2,0,morning,45.0,,WC
2025-02-19 07:45:02,1.74,6.0,0.17,1.77,7,2,0,morning,59.0,kitchen_faucet,
2025-02-19 07:58:49,1.34,168.0,3.74,1.98,7,2,0,morning,827.0,,
2025-02-19 08:04:10,1.43,4.0,0.1,1.15,8,2,0,morning,321.0,kitchen_faucet,
2025-02-19 08:06:32,0.68,10.0,0.11,1.04,8,2,0,morning,142.0,,
2025-02-19 08:07:37,1.5,25.0,0.63,1.88,8,2,0,morning,65.0,,
2025-02-19 08:16:12,1.92,193.0,6.17,5.95,8,2,0,morning,515.0,,shower
2025-02-19 08:28:36,0.06,45.0,0.04,0.52,8,2,0,morning,744.0,,
2025-02-19 13:16:04,0.0,14976.0,0.92,1.88,13,2,0,afternoon,17248.0,,
2025-02-19 13:16:26,2.35,4.0,0.16,1.88,13,2,0,afternoon,22.0,kitchen_faucet,
2025-02-19 13:19:03,2.03,96.0,3.24,2.5,13,2,0,afternoon,157.0,,
2025-02-19 13:36:50,0.01,932.0,0.21,2.4,13,2,0,afternoon,1067.0,,
2025-02-19 13:38:37,1.83,96.0,2.92,2.4,13,2,0,afternoon,107.0,,
2025-02-19 13:38:53,1.39,6.0,0.14,1.57,13,2,0,afternoon,16.0,kitchen_faucet,
2025-02-19 13:40:09,1.99,16.0,0.53,2.4,13,2,0,afternoon,76.0,,
2025-02-19 13:45:29,1.11,59.0,1.1,1.57,13,2,0,afternoon,320.0,,
2025-02-19 14:21:23,0.06,875.0,0.9,1.88,14,2,0,afternoon,2154.0,,
2025-02-19 14:22:51,2.0,58.0,1.93,2.5,14,2,0,afternoon,88.0,,
2025-02-19 14:24:05,1.84,15.0,0.46,2.3,14,2,0,afternoon,74.0,,
2025-02-19 14:24:57,1.98,14.0,0.46,2.3,14,2,0,afternoon,52.0,,
2025-02-19 14:26:24,2.01,13.0,0.43,2.3,14,2,0,afternoon,87.0,,
2025-02-19 14:32:38,1.86,14.0,0.43,2.3,14,2,0,afternoon,374.0,,
2025-02-19 14:57:19,1.06,230.0,4.06,1.57,14,2,0,afternoon,1481.0,,
2025-02-19 15:07:10,1.83,6.0,0.18,2.09,15,2,0,afternoon,591.0,kitchen_faucet,
2025-02-19 15:08:48,1.83,89.0,2.71,2.3,15,2,0,afternoon,98.0,,
2025-02-19 15:09:05,1.39,6.0,0.14,1.57,15,2,0,afternoon,17.0,kitchen_faucet,
2025-02-19 15:15:33,1.54,18.0,0.46,1.98,15,2,0,afternoon,388.0,,
2025-02-19 15:18:51,1.17,85.0,1.65,1.88,15,2,0,afternoon,198.0,,
2025-02-19 15:29:50,1.57,8.0,0.21,1.98,15,2,0,afternoon,659.0,kitchen_faucet,
2025-02-19 15:35:11,1.3,4.0,0.09,1.04,15,2,0,afternoon,321.0,kitchen_faucet,
2025-02-19 15:46:57,0.05,99.0,0.09,1.04,15,2,0,afternoon,706.0,,
2025-02-19 16:04:42,3.65,1.0,0.06,0.73,16,2,0,afternoon,1065.0,kitchen_faucet,
2025-02-19 16:10:38,2.24,34.0,1.27,2.61,16,2,0,afternoon,356.0,,WC
2025-02-19 16:16:05,1.78,29.0,0.86,1.88,16,2,0,afternoon,327.0,,
2025-02-19 16:16:37,1.4,13.0,0.3,1.88,16,2,0,afternoon,32.0,,
2025-02-19 16:18:42,2.01,97.0,3.24,2.5,16,2,0,afternoon,125.0,,
2025-02-19 16:19:58,1.67,10.0,0.28,1.98,16,2,0,afternoon,76.0,,
2025-02-19 16:20:20,1.21,16.0,0.32,1.77,16,2,0,afternoon,22.0,,
2025-02-19 16:21:18,2.09,2.0,0.07,0.83,16,2,0,afternoon,58.0,kitchen_faucet,
2025-02-19 16:21:30,1.67,5.0,0.14,1.67,16,2,0,afternoon,12.0,kitchen_faucet,
2025-02-19 16:22:08,1.21,28.0,0.57,1.98,16,2,0,afternoon,38.0,,
2025-02-19 16:22:59,1.57,17.0,0.44,1.98,16,2,0,afternoon,51.0,,
2025-02-19 16:24:00,2.35,2.0,0.08,0.94,16,2,0,afternoon,61.0,kitchen_faucet,
2025-02-19 16:25:57,1.47,27.0,0.66,1.88,16,2,0,afternoon,117.0,,
2025-02-19 16:31:53,1.6,35.0,0.93,2.09,16,2,0,afternoon,356.0,,
2025-02-19 16:34:57,0.98,17.0,0.28,1.98,16,2,0,afternoon,184.0,,
2025-02-19 16:36:14,1.91,3.0,0.1,1.15,16,2,0,afternoon,77.0,kitchen_faucet,
2025-02-19 16:37:24,2.09,5.0,0.17,2.09,16,2,0,afternoon,70.0,kitchen_faucet,
2025-02-19 16:39:13,1.8,98.0,2.95,2.3,16,2,0,afternoon,109.0,,
2025-02-19 16:39:28,1.3,6.0,0.13,1.57,16,2,0,afternoon,15.0,kitchen_faucet,
2025-02-19 16:40:25,1.96,17.0,0.56,2.4,16,2,0,afternoon,57.0,,
2025-02-19 16:42:21,1.57,10.0,0.26,1.88,16,2,0,afternoon,116.0,,
2025-02-19 16:42:47,1.63,8.0,0.22,1.88,16,2,0,afternoon,26.0,kitchen_faucet,
2025-02-19 16:43:52,1.51,9.0,0.23,1.88,16,2,0,afternoon,65.0,kitchen_faucet,
2025-02-19 16:44:05,2.09,2.0,0.07,0.83,16,2,0,afternoon,13.0,kitchen_faucet,
2025-02-19 16:46:47,1.11,59.0,1.09,1.57,16,2,0,afternoon,162.0,,
2025-02-19 16:49:07,1.5,8.0,0.2,1.88,16,2,0,afternoon,140.0,kitchen_faucet,
2025-02-19 17:08:38,1.83,8.0,0.24,2.09,17,2,0,afternoon,1171.0,kitchen_faucet,
2025-02-19 17:30:20,1.22,170.0,3.44,2.61,17,2,0,afternoon,1302.0,,
2025-02-19 18:07:27,0.0,2124.0,0.1,0.94,18,2,0,evening,2227.0,,
2025-02-19 18:36:34,5.86,72.0,7.03,7.83,18,2,0,evening,1747.0,,
2025-02-19 18:57:11,1.79,7.0,0.21,2.09,18,2,0,evening,1237.0,kitchen_faucet,
2025-02-19 19:07:11,2.32,31.0,1.2,3.23,19,2,0,evening,600.0,,WC
2025-02-19 19:11:22,0.46,105.0,0.81,0.94,19,2,0,evening,251.0,,
2025-02-19 19:22:55,0.06,594.0,0.56,1.77,19,2,0,evening,693.0,,
2025-02-19 19:26:49,1.22,3.0,0.06,0.73,19,2,0,evening,234.0,kitchen_faucet,
2025-02-19 20:55:37,1.15,5.0,0.1,1.15,20,2,0,evening,5328.0,kitchen_faucet,
2025-02-19 22:47:41,0.68,16.0,0.18,1.04,22,2,0,evening,6724.0,,
2025-02-19 22:49:43,2.32,48.0,1.85,3.86,22,2,0,evening,122.0,,WC
2025-02-20 07:21:00,0.0,28032.0,0.04,0.52,7,3,0,morning,30677.0,,
2025-02-20 07:45:33,2.24,48.0,1.79,2.71,7,3,0,morning,1473.0,,WC
2025-02-20 07:46:27,0.31,25.0,0.13,1.57,7,3,0,morning,54.0,,
2025-02-20 07:48:02,1.88,10.0,0.31,2.61,7,3,0,morning,95.0,,
2025-02-20 07:50:45,1.9,154.0,4.89,5.53,7,3,0,morning,163.0,,shower
2025-02-20 07:51:09,1.77,5.0,0.15,1.77,7,3,0,morning,24.0,kitchen_faucet,
2025-02-20 07:53:25,1.63,17.0,0.46,1.98,7,3,0,morning,136.0,,
2025-02-20 07:57:39,1.47,28.0,0.69,1.88,7,3,0,morning,254.0,,
2025-02-20 08:01:50,0.54,24.0,0.22,0.94,8,3,0,morning,251.0,,
2025-02-20 08:02:11,0.57,11.0,0.1,0.94,8,3,0,morning,21.0,,
2025-02-20 08:07:11,0.07,70.0,0.08,0.94,8,3,0,morning,300.0,,
2025-02-20 08:09:15,2.61,2.0,0.09,1.04,8,3,0,morning,124.0,kitchen_faucet,
2025-02-20 08:18:14,1.23,20.0,0.41,1.88,8,3,0,morning,539.0,,
2025-02-20 08:20:23,1.39,12.0,0.28,1.88,8,3,0,morning,129.0,,
2025-02-20 08:22:24,1.47,37.0,0.9,1.88,8,3,0,morning,121.0,,
2025-02-20 08:22:56,1.83,2.0,0.06,0.73,8,3,0,morning,32.0,kitchen_faucet,
2025-02-20 08:29:45,2.11,51.0,1.79,3.44,8,3,0,morning,409.0,,
2025-02-20 08:38:23,3.11,149.0,7.71,6.57,8,3,0,morning,518.0,,shower
2025-02-20 16:23:17,0.0,27664.0,0.24,1.88,16,3,0,afternoon,27894.0,,
2025-02-20 16:24:05,1.63,17.0,0.46,1.98,16,3,0,afternoon,48.0,,
2025-02-20 16:26:14,2.23,34.0,1.26,2.71,16,3,0,afternoon,129.0,,WC
2025-02-20 16:28:19,1.57,3.0,0.08,0.94,16,3,0,afternoon,125.0,kitchen_faucet,
2025-02-20 16:28:36,1.36,5.0,0.11,1.36,16,3,0,afternoon,17.0,kitchen_faucet,
2025-02-20 16:30:18,0.55,18.0,0.17,0.94,16,3,0,afternoon,102.0,,
2025-02-20 16:34:47,1.7,4.0,0.11,1.36,16,3,0,afternoon,269.0,kitchen_faucet,
2025-02-20 16:35:51,1.25,54.0,1.12,1.98,16,3,0,afternoon,64.0,,
2025-02-20 16:36:46,1.3,4.0,0.09,1.04,16,3,0,afternoon,55.0,kitchen_faucet,
2025-02-20 16:37:26,1.24,8.0,0.17,1.57,16,3,0,afternoon,40.0,kitchen_faucet,
2025-02-20 16:38:51,0.91,4.0,0.06,0.73,16,3,0,afternoon,85.0,kitchen_faucet,
2025-02-20 17:19:20,1.49,36.0,0.9,1.98,17,3,0,afternoon,2429.0,,
2025-02-20 17:20:07,1.59,25.0,0.66,1.98,17,3,0,afternoon,47.0,,
2025-02-20 17:21:28,1.22,3.0,0.06,0.73,17,3,0,afternoon,81.0,kitchen_faucet,
2025-02-20 17:22:15,1.66,11.0,0.3,1.98,17,3,0,afternoon,47.0,,
2025-02-20 17:38:25,1.67,5.0,0.14,1.67,17,3,0,afternoon,970.0,kitchen_faucet,
2025-02-20 19:24:28,1.04,99.0,1.71,2.82,19,3,0,evening,6363.0,,
2025-02-20 19:32:18,1.1,9.0,0.17,1.36,19,3,0,evening,470.0,kitchen_faucet,
2025-02-20 19:32:57,1.11,8.0,0.15,1.36,19,3,0,evening,39.0,kitchen_faucet,
2025-02-20 19:33:38,1.04,9.0,0.16,1.36,19,3,0,evening,41.0,kitchen_faucet,
2025-02-20 19:34:18,1.04,9.0,0.16,1.36,19,3,0,evening,40.0,kitchen_faucet,
2025-02-20 19:56:23,1.3,2.0,0.04,0.52,19,3,0,evening,1325.0,kitchen_faucet,
2025-02-20 20:00:05,1.57,3.0,0.08,0.94,20,3,0,evening,222.0,kitchen_faucet,
2025-02-20 20:00:27,1.96,4.0,0.13,1.57,20,3,0,evening,22.0,kitchen_faucet,
2025-02-20 20:08:02,1.83,2.0,0.06,0.73,20,3,0,evening,455.0,kitchen_faucet,
2025-02-20 20:08:56,1.57,6.0,0.16,1.77,20,3,0,evening,54.0,kitchen_faucet,
2025-02-20 20:15:52,5.38,58.0,5.2,6.16,20,3,0,evening,416.0,,
2025-02-20 20:18:53,0.9,93.0,1.39,1.36,20,3,0,evening,181.0,,
2025-02-20 20:27:21,0.95,27.0,0.43,1.36,20,3,0,evening,508.0,,
2025-02-20 20:27:51,0.99,9.0,0.15,1.36,20,3,0,evening,30.0,kitchen_faucet,
2025-02-20 20:29:18,0.91,73.0,1.11,1.36,20,3,0,evening,87.0,,
2025-02-20 20:30:13,1.21,25.0,0.5,1.67,20,3,0,evening,55.0,,
2025-02-20 20:43:32,2.35,2.0,0.08,0.94,20,3,0,evening,799.0,kitchen_faucet,
2025-02-20 20:43:56,0.68,10.0,0.11,0.73,20,3,0,evening,24.0,,
2025-02-20 22:01:45,1.57,3.0,0.08,0.94,22,3,0,evening,4669.0,kitchen_faucet,
2025-02-21 00:18:08,0.0,5931.0,0.06,0.73,0,4,0,night,8183.0,,
2025-02-21 01:21:00,0.13,703.0,1.57,3.97,1,4,0,night,3772.0,,
2025-02-21 04:33:41,0.0,9570.0,0.06,0.73,4,4,0,night,11561.0,,
2025-02-21 06:07:51,0.0,2730.0,0.06,0.73,6,4,0,morning,5650.0,,
2025-02-21 07:38:17,0.0,2722.0,0.06,0.73,7,4,0,morning,5426.0,,
2025-02-21 07:46:50,2.24,34.0,1.27,2.71,7,4,0,morning,513.0,,WC
2025-02-21 07:56:10,1.57,14.0,0.37,1.88,7,4,0,morning,560.0,,
2025-02-21 08:00:04,0.13,33.0,0.07,0.83,8,4,0,morning,234.0,,
2025-02-21 08:12:59,2.37,58.0,2.29,3.03,8,4,0,morning,775.0,,
2025-02-21 08:14:29,1.51,19.0,0.48,1.88,8,4,0,morning,90.0,,
2025-02-21 08:15:14,1.36,35.0,0.79,1.88,8,4,0,morning,45.0,,
2025-02-21 08:22:27,1.74,315.0,9.14,6.68,8,4,0,morning,433.0,,
2025-02-21 08:41:49,1.03,366.0,6.28,5.95,8,4,0,morning,1162.0,,
2025-02-21 08:45:44,1.17,4.0,0.08,0.94,8,4,0,morning,235.0,kitchen_faucet,
2025-02-21 08:46:53,2.35,2.0,0.08,0.94,8,4,0,morning,69.0,kitchen_faucet,
2025-02-21 08:47:52,3.65,1.0,0.06,0.73,8,4,0,morning,59.0,kitchen_faucet,
2025-02-21 08:49:23,0.65,8.0,0.09,0.94,8,4,0,morning,91.0,kitchen_faucet,
2025-02-21 15:56:34,0.03,178.0,0.08,0.83,15,4,0,afternoon,25631.0,,
2025-02-21 15:58:51,1.43,4.0,0.1,1.15,15,4,0,afternoon,137.0,kitchen_faucet,
2025-02-21 16:07:06,1.46,5.0,0.12,1.46,16,4,0,afternoon,495.0,kitchen_faucet,
2025-02-21 16:08:48,1.3,14.0,0.3,1.67,16,4,0,afternoon,102.0,,
2025-02-21 16:11:12,0.55,21.0,0.19,0.94,16,4,0,afternoon,144.0,,
2025-02-21 17:14:03,0.0,2573.0,0.05,0.63,17,4,0,afternoon,3771.0,,
2025-02-21 18:42:00,0.42,2424.0,17.1,5.95,18,4,0,evening,5277.0,,
2025-02-21 18:49:39,0.14,243.0,0.55,1.04,18,4,0,evening,459.0,,
2025-02-21 19:03:59,0.01,803.0,0.08,0.94,19,4,0,evening,860.0,,
2025-02-21 19:04:38,0.82,23.0,0.31,1.25,19,4,0,evening,39.0,,
2025-02-21 19:06:51,0.77,17.0,0.22,1.04,19,4,0,evening,133.0,,
2025-02-21 19:18:40,2.61,115.0,5.0,6.16,19,4,0,evening,709.0,,
2025-02-21 19:28:02,2.26,397.0,14.93,5.63,19,4,0,evening,562.0,,shower
2025-02-21 19:34:23,0.01,225.0,0.04,0.52,19,4,0,evening,381.0,,
2025-02-21 21:12:45,0.52,5.0,0.04,0.52,21,4,0,evening,5902.0,kitchen_faucet,
2025-02-21 22:01:09,1.19,7.0,0.14,1.36,22,4,0,evening,2904.0,kitchen_faucet,
2025-02-21 22:48:24,0.03,2415.0,1.32,2.82,22,4,0,evening,2835.0,,
2025-02-21 23:21:11,0.0,1330.0,0.04,0.52,23,4,0,evening,1967.0,,
2025-02-22 07:52:03,2.32,33.0,1.28,2.71,7,5,1,morning,30652.0,,WC
2025-02-22 07:56:17,0.74,88.0,1.08,1.88,7,5,1,morning,254.0,,
2025-02-22 07:56:49,3.65,1.0,0.06,0.73,7,5,1,morning,32.0,kitchen_faucet,
2025-02-22 08:00:30,0.55,17.0,0.16,0.94,8,5,1,morning,221.0,,
2025-02-22 08:01:08,0.59,16.0,0.16,0.94,8,5,1,morning,38.0,,
2025-02-22 08:06:07,1.5,43.0,1.08,1.98,8,5,1,morning,299.0,,
2025-02-22 08:16:00,1.46,10.0,0.24,1.88,8,5,1,morning,593.0,,
2025-02-22 08:20:35,3.2,30.0,1.6,3.97,8,5,1,morning,275.0,,WC
2025-02-22 08:28:06,3.53,30.0,1.77,5.11,8,5,1,morning,451.0,,WC
2025-02-22 08:29:46,1.7,8.0,0.23,1.98,8,5,1,morning,100.0,kitchen_faucet,
2025-02-22 08:30:10,1.39,6.0,0.14,1.67,8,5,1,morning,24.0,kitchen_faucet,
2025-02-22 08:31:28,2.28,61.0,2.31,2.71,8,5,1,morning,78.0,,
2025-02-22 08:33:24,1.3,4.0,0.09,1.04,8,5,1,morning,116.0,kitchen_faucet,
2025-02-22 08:40:14,2.06,186.0,6.38,2.61,8,5,1,morning,410.0,,shower
2025-02-22 08:52:15,0.0,571.0,0.04,0.52,8,5,1,morning,721.0,,
2025-02-22 08:53:04,1.48,18.0,0.44,1.98,8,5,1,morning,49.0,,
2025-02-22 13:21:31,0.41,1256.0,8.48,5.43,13,5,1,afternoon,16107.0,,
2025-02-22 13:38:53,0.01,820.0,0.09,0.94,13,5,1,afternoon,1042.0,,
2025-02-22 13:41:53,0.73,5.0,0.06,0.73,13,5,1,afternoon,180.0,kitchen_faucet,
2025-02-22 20:05:41,1.53,16.0,0.41,1.88,20,5,1,evening,23028.0,,
2025-02-22 20:06:23,0.56,25.0,0.23,1.04,20,5,1,evening,42.0,,
2025-02-22 20:10:59,2.29,49.0,1.87,2.71,20,5,1,evening,276.0,,WC
2025-02-22 21:07:00,0.01,1386.0,0.17,0.94,21,5,1,evening,3361.0,,
2025-02-22 21:11:01,2.27,34.0,1.29,2.71,21,5,1,evening,241.0,,WC
2025-02-22 21:46:58,1.43,4.0,0.1,1.15,21,5,1,evening,2157.0,kitchen_faucet,
2025-02-22 23:12:48,0.97,7.0,0.11,1.25,23,5,1,evening,5150.0,kitchen_faucet,
2025-02-23 07:30:03,0.0,24459.0,0.31,1.98,7,6,1,morning,29835.0,,
2025-02-23 07:37:45,1.3,2.0,0.04,0.52,7,6,1,morning,462.0,kitchen_faucet,
2025-02-23 08:08:16,0.17,505.0,1.45,2.82,8,6,1,morning,1831.0,,
2025-02-23 08:12:04,1.6,16.0,0.43,2.09,8,6,1,morning,228.0,,
2025-02-23 08:16:41,1.2,13.0,0.26,1.98,8,6,1,morning,277.0,,
2025-02-23 08:18:54,0.07,46.0,0.05,0.63,8,6,1,morning,133.0,,
2025-02-23 09:14:05,2.27,34.0,1.29,2.71,9,6,1,morning,3311.0,,WC
2025-02-23 09:14:34,0.52,11.0,0.1,1.04,9,6,1,morning,29.0,,
2025-02-23 09:15:04,0.49,17.0,0.14,0.94,9,6,1,morning,30.0,,
2025-02-23 09:16:11,0.72,59.0,0.7,1.46,9,6,1,morning,67.0,,
2025-02-23 09:16:29,1.41,10.0,0.23,1.77,9,6,1,morning,18.0,,
2025-02-23 09:17:14,1.28,22.0,0.47,1.67,9,6,1,morning,45.0,,
2025-02-23 09:20:35,0.82,133.0,1.83,4.8,9,6,1,morning,201.0,,
2025-02-23 09:36:08,1.62,9.0,0.24,1.88,9,6,1,morning,933.0,kitchen_faucet,
2025-02-23 09:36:50,1.83,4.0,0.12,1.46,9,6,1,morning,42.0,kitchen_faucet,
2025-02-23 09:47:51,1.52,11.0,0.28,1.88,9,6,1,morning,661.0,,
2025-02-23 09:48:18,1.49,14.0,0.35,1.88,9,6,1,morning,27.0,,
2025-02-23 09:49:45,1.62,30.0,0.81,1.98,9,6,1,morning,87.0,,
2025-02-23 09:50:07,1.83,2.0,0.06,0.73,9,6,1,morning,22.0,kitchen_faucet,
2025-02-23 09:50:40,1.54,18.0,0.46,1.88,9,6,1,morning,33.0,,
2025-02-23 09:52:21,1.7,4.0,0.11,1.36,9,6,1,morning,101.0,kitchen_faucet,
2025-02-23 09:52:44,1.12,7.0,0.13,1.46,9,6,1,morning,23.0,kitchen_faucet,
2025-02-23 09:53:09,1.46,10.0,0.24,1.98,9,6,1,morning,25.0,,
2025-02-23 09:54:14,1.17,51.0,0.99,1.67,9,6,1,morning,65.0,,
2025-02-23 09:55:50,1.57,12.0,0.31,1.98,9,6,1,morning,96.0,,
2025-02-23 09:57:07,1.51,68.0,1.71,1.98,9,6,1,morning,77.0,,
2025-02-23 09:59:08,1.45,9.0,0.22,1.88,9,6,1,morning,121.0,kitchen_faucet,
2025-02-23 10:08:21,1.48,13.0,0.32,1.88,10,6,1,morning,553.0,,
2025-02-23 10:17:11,1.74,32.0,0.93,1.98,10,6,1,morning,530.0,,
2025-02-23 10:20:05,2.02,115.0,3.88,2.4,10,6,1,morning,174.0,,
2025-02-23 10:21:18,1.99,16.0,0.53,2.5,10,6,1,morning,73.0,,
2025-02-23 10:28:35,0.51,220.0,1.86,3.97,10,6,1,morning,437.0,,
2025-02-23 10:28:58,0.89,17.0,0.25,1.25,10,6,1,morning,23.0,,
2025-02-23 10:42:12,1.83,6.0,0.18,2.09,10,6,1,morning,794.0,kitchen_faucet,
2025-02-23 10:43:52,1.83,90.0,2.75,2.4,10,6,1,morning,100.0,,
2025-02-23 10:44:07,1.39,6.0,0.14,1.57,10,6,1,morning,15.0,kitchen_faucet,
2025-02-23 10:45:11,1.61,24.0,0.64,2.4,10,6,1,morning,64.0,,
2025-02-23 10:47:04,1.43,16.0,0.38,1.88,10,6,1,morning,113.0,,
2025-02-23 10:48:38,0.67,7.0,0.08,0.94,10,6,1,morning,94.0,kitchen_faucet,
2025-02-23 10:49:59,1.39,18.0,0.42,1.77,10,6,1,morning,81.0,,
2025-02-23 10:51:35,1.17,62.0,1.21,2.09,10,6,1,morning,96.0,,
2025-02-23 12:19:27,0.03,4029.0,2.23,2.71,12,6,1,afternoon,5272.0,,
2025-02-23 12:23:29,1.86,187.0,5.8,5.74,12,6,1,afternoon,242.0,,shower
2025-02-23 12:34:19,0.01,528.0,0.09,0.94,12,6,1,afternoon,650.0,,
2025-02-23 13:30:43,2.33,229.0,8.89,5.22,13,6,1,afternoon,3384.0,,shower
2025-02-23 13:42:07,0.02,521.0,0.18,0.94,13,6,1,afternoon,684.0,,
2025-02-23 14:59:06,0.0,3150.0,0.05,0.63,14,6,1,afternoon,4619.0,,
2025-02-23 15:44:31,3.1,30.0,1.55,3.86,15,6,1,afternoon,2725.0,,
2025-02-23 18:58:39,1.44,21.0,0.5,1.98,18,6,1,evening,11648.0,,
2025-02-23 19:02:42,1.37,8.0,0.18,1.57,19,6,1,evening,243.0,kitchen_faucet,
2025-02-23 19:04:17,1.04,3.0,0.05,0.63,19,6,1,evening,95.0,kitchen_faucet,
2025-02-23 19:13:33,0.02,223.0,0.09,1.04,19,6,1,evening,556.0,,
2025-02-23 19:15:03,1.53,72.0,1.83,1.98,19,6,1,evening,90.0,,
2025-02-23 19:17:09,3.13,1.0,0.05,0.63,19,6,1,evening,126.0,kitchen_faucet,
2025-02-23 19:18:54,0.06,47.0,0.04,0.52,19,6,1,evening,105.0,,
2025-02-23 19:19:29,2.09,3.0,0.1,1.25,19,6,1,evening,35.0,kitchen_faucet,
2025-02-23 19:22:17,1.7,4.0,0.11,1.36,19,6,1,evening,168.0,kitchen_faucet,
2025-02-23 19:27:01,1.55,26.0,0.67,1.98,19,6,1,evening,284.0,,
2025-02-23 19:35:38,0.03,455.0,0.21,1.88,19,6,1,evening,517.0,,
2025-02-23 19:40:22,1.48,64.0,1.58,1.88,19,6,1,evening,284.0,,
2025-02-23 19:41:03,1.83,2.0,0.06,0.73,19,6,1,evening,41.0,kitchen_faucet,
2025-02-23 19:48:10,4.94,73.0,6.01,6.16,19,6,1,evening,427.0,,
2025-02-23 19:50:39,1.39,3.0,0.07,0.83,19,6,1,evening,149.0,kitchen_faucet,
2025-02-23 19:52:57,1.48,19.0,0.47,1.98,19,6,1,evening,138.0,,
2025-02-23 19:59:06,1.32,15.0,0.33,1.67,19,6,1,evening,369.0,,
2025-02-23 20:00:46,1.5,86.0,2.16,1.98,20,6,1,evening,100.0,,
2025-02-23 20:03:10,1.44,29.0,0.7,1.88,20,6,1,evening,144.0,,
2025-02-23 20:10:15,1.57,6.0,0.16,1.77,20,6,1,evening,425.0,kitchen_faucet,
2025-02-23 20:12:59,0.03,97.0,0.04,0.52,20,6,1,evening,164.0,,
2025-02-23 20:21:49,1.12,103.0,1.92,2.71,20,6,1,evening,530.0,,
2025-02-23 20:25:54,1.04,3.0,0.05,0.63,20,6,1,evening,245.0,kitchen_faucet,
2025-02-23 20:38:08,1.57,2.0,0.05,0.63,20,6,1,evening,734.0,kitchen_faucet,
2025-02-23 20:46:09,1.47,23.0,0.57,1.88,20,6,1,evening,481.0,,
2025-02-23 20:46:27,1.2,10.0,0.2,1.36,20,6,1,evening,18.0,,
2025-02-23 20:47:22,1.33,45.0,1.0,1.88,20,6,1,evening,55.0,,
2025-02-23 21:33:22,0.0,2185.0,0.12,1.36,21,6,1,evening,2760.0,,
2025-02-23 21:37:45,0.62,11.0,0.11,0.94,21,6,1,evening,263.0,,
2025-02-23 22:59:27,1.57,6.0,0.16,1.88,22,6,1,evening,4902.0,kitchen_faucet,
2025-02-23 22:59:43,1.57,2.0,0.05,0.63,22,6,1,evening,16.0,kitchen_faucet,
2025-02-23 23:12:27,1.7,4.0,0.11,1.36,23,6,1,evening,764.0,kitchen_faucet,
2025-02-23 23:15:15,1.17,100.0,1.95,2.3,23,6,1,evening,168.0,,
2025-02-23 23:20:02,0.04,266.0,0.16,1.77,23,6,1,evening,287.0,,
2025-02-23 23:20:49,3.11,30.0,1.56,3.86,23,6,1,evening,47.0,,
2025-02-23 23:22:45,0.55,21.0,0.19,0.94,23,6,1,evening,116.0,,
2025-02-23 23:53:47,0.95,34.0,0.54,1.36,23,6,1,evening,1862.0,,
2025-02-24 00:00:07,0.31,282.0,1.44,1.36,0,0,0,night,380.0,,
2025-02-24 07:25:41,0.0,23660.0,1.32,2.82,7,0,0,morning,26734.0,,
2025-02-24 07:31:32,0.55,21.0,0.19,0.94,7,0,0,morning,351.0,,
2025-02-24 07:35:34,0.06,151.0,0.15,1.15,7,0,0,morning,242.0,,
2025-02-24 07:38:16,2.58,42.0,1.81,3.65,7,0,0,morning,162.0,,WC
2025-02-24 07:41:02,1.22,3.0,0.06,0.73,7,0,0,morning,166.0,kitchen_faucet,
2025-02-24 07:42:23,1.91,3.0,0.1,1.15,7,0,0,morning,81.0,kitchen_faucet,
2025-02-24 07:44:54,1.53,16.0,0.41,1.98,7,0,0,morning,151.0,,
2025-02-24 07:51:12,3.65,1.0,0.06,0.73,7,0,0,morning,378.0,kitchen_faucet,
2025-02-24 07:52:03,0.73,5.0,0.06,0.73,7,0,0,morning,51.0,kitchen_faucet,
2025-02-24 07:55:43,2.06,170.0,5.83,2.61,7,0,0,morning,220.0,,shower
2025-02-24 07:59:32,0.06,56.0,0.05,0.63,7,0,0,morning,229.0,,
2025-02-24 08:01:48,0.67,7.0,0.08,0.94,8,0,0,morning,136.0,kitchen_faucet,
2025-02-24 08:04:05,1.75,20.0,0.58,2.09,8,0,0,morning,137.0,,
2025-02-24 08:13:47,0.52,7.0,0.06,0.73,8,0,0,morning,582.0,kitchen_faucet,
2025-02-24 08:17:06,2.23,182.0,6.77,5.53,8,0,0,morning,199.0,,shower
2025-02-24 11:54:58,0.01,12941.0,1.58,3.86,11,0,0,morning,13072.0,,
2025-02-24 13:57:49,0.73,10.0,0.12,1.36,13,0,0,afternoon,7371.0,,
2025-02-24 13:59:01,1.57,5.0,0.13,1.57,13,0,0,afternoon,72.0,kitchen_faucet,
2025-02-24 13:59:17,1.22,3.0,0.06,0.73,13,0,0,afternoon,16.0,kitchen_faucet,
2025-02-24 14:00:48,1.46,24.0,0.58,1.88,14,0,0,afternoon,91.0,,
2025-02-24 14:01:28,1.66,11.0,0.3,1.98,14,0,0,afternoon,40.0,,
2025-02-24 14:09:50,1.6,66.0,1.77,2.09,14,0,0,afternoon,502.0,,
2025-02-24 14:10:29,0.7,26.0,0.3,1.15,14,0,0,afternoon,39.0,,
2025-02-24 14:12:54,1.61,11.0,0.3,2.09,14,0,0,afternoon,145.0,,
2025-02-24 14:13:21,1.77,20.0,0.59,2.19,14,0,0,afternoon,27.0,,
2025-02-24 15:09:20,0.0,1305.0,0.06,0.73,15,0,0,afternoon,3359.0,,
2025-02-24 16:07:46,0.0,3386.0,0.17,1.88,16,0,0,afternoon,3506.0,,
2025-02-24 16:09:40,3.2,29.0,1.55,3.97,16,0,0,afternoon,114.0,,WC
2025-02-24 16:53:10,0.59,15.0,0.15,0.94,16,0,0,afternoon,2610.0,,
2025-02-24 16:53:44,0.78,4.0,0.05,0.63,16,0,0,afternoon,34.0,kitchen_faucet,
2025-02-24 19:02:34,0.24,1569.0,6.27,6.37,19,0,0,evening,7730.0,,
2025-02-24 19:04:39,2.77,73.0,3.37,3.65,19,0,0,evening,125.0,,
2025-02-24 19:12:28,1.23,328.0,6.72,5.74,19,0,0,evening,469.0,,
2025-02-24 19:15:05,2.53,78.0,3.29,3.03,19,0,0,evening,157.0,,
2025-02-24 19:20:30,5.24,49.0,4.28,6.16,19,0,0,evening,325.0,,
2025-02-24 19:21:56,5.36,48.0,4.29,6.16,19,0,0,evening,86.0,,
2025-02-24 19:24:36,5.33,85.0,7.56,6.05,19,0,0,evening,160.0,,
2025-02-24 19:26:02,5.46,62.0,5.64,6.37,19,0,0,evening,86.0,,
2025-02-24 19:32:19,2.82,252.0,11.84,5.84,19,0,0,evening,377.0,,shower
2025-02-24 19:38:18,1.88,41.0,1.29,2.71,19,0,0,evening,359.0,,WC
2025-02-24 19:45:46,0.01,254.0,0.04,0.52,19,0,0,evening,448.0,,
2025-02-24 19:51:25,1.04,3.0,0.05,0.63,19,0,0,evening,339.0,kitchen_faucet,
2025-02-24 20:10:24,0.87,3.0,0.04,0.52,20,0,0,evening,1139.0,kitchen_faucet,
2025-02-24 21:15:29,1.43,4.0,0.1,1.15,21,0,0,evening,3905.0,kitchen_faucet,
2025-02-24 21:19:36,3.34,28.0,1.56,3.97,21,0,0,evening,247.0,,WC
2025-02-24 22:42:30,0.57,12.0,0.11,0.94,22,0,0,evening,4974.0,,
2025-02-24 22:44:06,3.27,29.0,1.58,3.97,22,0,0,evening,96.0,,WC
2025-02-25 07:29:26,0.0,28294.0,0.12,1.46,7,1,0,morning,31520.0,,
2025-02-25 07:31:02,1.63,64.0,1.74,2.09,7,1,0,morning,96.0,,
2025-02-25 07:31:34,1.65,6.0,0.17,1.98,7,1,0,morning,32.0,kitchen_faucet,
2025-02-25 07:32:16,1.65,6.0,0.17,1.88,7,1,0,morning,42.0,kitchen_faucet,
2025-02-25 07:32:51,1.48,26.0,0.64,1.77,7,1,0,morning,35.0,,
2025-02-25 07:33:21,1.65,19.0,0.52,2.09,7,1,0,morning,30.0,,
2025-02-25 07:34:13,1.57,34.0,0.89,1.98,7,1,0,morning,52.0,,
2025-02-25 07:35:01,1.62,29.0,0.78,2.09,7,1,0,morning,48.0,,
2025-02-25 07:36:28,1.54,71.0,1.82,2.09,7,1,0,morning,87.0,,
2025-02-25 07:39:59,0.55,64.0,0.59,1.88,7,1,0,morning,211.0,,
2025-02-25 07:54:11,1.17,52.0,1.02,1.98,7,1,0,morning,852.0,,
2025-02-25 07:55:56,1.33,20.0,0.44,1.67,7,1,0,morning,105.0,,
2025-02-25 07:59:13,1.74,3.0,0.09,1.04,7,1,0,morning,197.0,kitchen_faucet,
2025-02-25 08:08:45,2.03,563.0,19.04,2.61,8,1,0,morning,572.0,,shower
2025-02-25 08:10:28,0.19,14.0,0.04,0.52,8,1,0,morning,103.0,,
2025-02-25 08:13:52,2.09,3.0,0.1,1.25,8,1,0,morning,204.0,kitchen_faucet,
2025-02-25 08:14:17,1.77,5.0,0.15,1.77,8,1,0,morning,25.0,kitchen_faucet,
2025-02-25 08:19:22,1.73,197.0,5.7,5.95,8,1,0,morning,305.0,,
2025-02-25 08:21:19,2.61,1.0,0.04,0.52,8,1,0,morning,117.0,kitchen_faucet,
2025-02-25 08:24:33,0.46,97.0,0.75,1.98,8,1,0,morning,194.0,,
2025-02-25 08:32:03,0.1,269.0,0.46,1.67,8,1,0,morning,450.0,,
2025-02-25 08:41:14,0.04,286.0,0.2,0.94,8,1,0,morning,551.0,,
2025-02-25 08:41:42,0.73,5.0,0.06,0.73,8,1,0,morning,28.0,kitchen_faucet,
2025-02-25 08:44:05,0.72,8.0,0.1,1.04,8,1,0,morning,143.0,kitchen_faucet,
2025-02-25 09:59:49,0.0,697.0,0.04,0.52,9,1,0,morning,4544.0,,
2025-03-01 16:28:33,3.44,5.0,0.29,3.13,16,5,1,afternoon,368924.0,kitchen_faucet,
2025-03-02 09:35:06,0.47,10.0,0.08,0.94,9,6,1,morning,61593.0,,
2025-03-02 09:46:47,0.52,6.0,0.05,0.63,9,6,1,morning,701.0,kitchen_faucet,
2025-03-02 10:03:39,2.61,1.0,0.04,0.52,10,6,1,morning,1012.0,kitchen_faucet,
2025-03-02 10:08:56,1.39,6.0,0.14,1.67,10,6,1,morning,317.0,kitchen_faucet,
2025-03-02 11:02:43,0.64,45.0,0.48,4.28,11,6,1,morning,3227.0,,
2025-03-02 11:13:57,1.04,8.0,0.14,1.46,11,6,1,morning,674.0,kitchen_faucet,
2025-03-02 16:18:12,3.91,10.0,0.65,4.49,16,6,1,afternoon,18255.0,,
2025-03-02 16:29:20,1.69,17.0,0.48,3.65,16,6,1,afternoon,668.0,,
2025-03-02 16:30:20,0.1,38.0,0.06,0.73,16,6,1,afternoon,60.0,,
2025-03-02 16:31:44,0.04,69.0,0.04,0.52,16,6,1,afternoon,84.0,,
2025-03-02 16:32:10,0.22,14.0,0.05,0.63,16,6,1,afternoon,26.0,,
2025-03-02 16:32:44,0.17,18.0,0.05,0.63,16,6,1,afternoon,34.0,,
2025-03-02 16:33:21,0.24,15.0,0.06,0.73,16,6,1,afternoon,37.0,,
2025-03-02 16:33:45,0.34,14.0,0.08,0.83,16,6,1,afternoon,24.0,,
2025-03-02 16:34:13,0.37,14.0,0.09,0.63,16,6,1,afternoon,28.0,,
2025-03-02 16:34:29,0.29,9.0,0.04,0.52,16,6,1,afternoon,16.0,kitchen_faucet,
2025-03-02 16:35:12,0.21,27.0,0.1,0.73,16,6,1,afternoon,43.0,,
2025-03-02 16:36:20,0.83,5.0,0.07,0.83,16,6,1,afternoon,68.0,kitchen_faucet,
2025-03-03 15:51:21,0.28,26.0,0.12,0.73,15,0,0,afternoon,83701.0,,
2025-03-03 15:51:37,0.93,9.0,0.14,1.04,15,0,0,afternoon,16.0,kitchen_faucet,
2025-03-03 15:52:02,0.72,8.0,0.1,1.04,15,0,0,afternoon,25.0,kitchen_faucet,
2025-03-03 15:52:15,0.78,6.0,0.08,0.94,15,0,0,afternoon,13.0,kitchen_faucet,
2025-03-03 15:54:17,0.83,5.0,0.07,0.83,15,0,0,afternoon,122.0,kitchen_faucet,
2025-03-03 16:00:08,1.3,2.0,0.04,0.52,16,0,0,afternoon,351.0,kitchen_faucet,
2025-03-03 16:00:56,0.66,33.0,0.37,1.04,16,0,0,afternoon,48.0,,
2025-03-03 16:07:48,0.74,40.0,0.5,1.15,16,0,0,afternoon,412.0,,
2025-03-03 16:15:18,1.04,3.0,0.05,0.63,16,0,0,afternoon,450.0,kitchen_faucet,
2025-03-03 16:17:19,1.55,29.0,0.75,2.3,16,0,0,afternoon,121.0,,
2025-03-03 16:21:23,1.14,44.0,0.83,1.57,16,0,0,afternoon,244.0,,
2025-03-03 18:15:45,0.08,37.0,0.05,0.63,18,0,0,evening,6862.0,,
2025-03-03 18:51:42,1.77,5.0,0.15,1.77,18,0,0,evening,2157.0,kitchen_faucet,
2025-03-03 18:52:47,1.51,56.0,1.41,1.88,18,0,0,evening,65.0,,
2025-03-03 18:55:41,1.28,11.0,0.23,1.77,18,0,0,evening,174.0,,
2025-03-03 19:06:28,1.39,195.0,4.5,1.98,19,0,0,evening,647.0,,
2025-03-03 19:10:16,1.79,16.0,0.48,2.19,19,0,0,evening,228.0,,
2025-03-03 22:34:40,0.0,11345.0,0.07,0.73,22,0,0,evening,12264.0,,
2025-03-03 23:22:51,1.6,27.0,0.72,2.09,23,0,0,evening,2891.0,,
2025-03-04 01:35:12,0.32,18.0,0.1,0.73,1,1,0,night,7941.0,,
2025-03-04 08:08:41,0.01,1806.0,0.31,0.73,8,1,0,morning,23609.0,,
2025-03-04 08:09:36,1.12,35.0,0.65,1.57,8,1,0,morning,55.0,,
2025-03-04 08:15:15,0.05,153.0,0.12,0.94,8,1,0,morning,339.0,,
2025-03-04 08:15:39,0.77,15.0,0.19,1.15,8,1,0,morning,24.0,,
2025-03-04 08:16:55,0.65,42.0,0.45,1.15,8,1,0,morning,76.0,,
2025-03-04 08:20:39,0.02,199.0,0.05,0.63,8,1,0,morning,224.0,,
2025-03-04 08:24:15,0.3,19.0,0.1,0.73,8,1,0,morning,216.0,,
2025-03-04 08:25:04,0.31,17.0,0.09,0.73,8,1,0,morning,49.0,,
2025-03-04 08:30:04,1.13,53.0,1.0,1.57,8,1,0,morning,300.0,,
2025-03-04 08:35:13,0.99,83.0,1.37,1.98,8,1,0,morning,309.0,,
2025-03-04 08:36:32,0.71,67.0,0.79,1.15,8,1,0,morning,79.0,,
2025-03-04 08:46:45,1.04,192.0,3.33,1.57,8,1,0,morning,613.0,,
2025-03-04 08:58:33,0.65,4.0,0.04,0.52,8,1,0,morning,708.0,kitchen_faucet,
2025-03-04 15:20:12,0.96,6.0,0.1,1.15,15,1,0,afternoon,22899.0,kitchen_faucet,
2025-03-04 15:24:01,0.78,10.0,0.13,1.15,15,1,0,afternoon,229.0,,
2025-03-04 15:24:36,0.8,17.0,0.23,1.15,15,1,0,afternoon,35.0,,
2025-03-04 15:25:50,0.83,46.0,0.63,1.25,15,1,0,afternoon,74.0,,
2025-03-04 15:27:56,0.82,55.0,0.75,1.25,15,1,0,afternoon,126.0,,
2025-03-04 15:28:37,0.91,8.0,0.12,1.25,15,1,0,afternoon,41.0,kitchen_faucet,
2025-03-04 15:33:28,0.1,56.0,0.1,1.15,15,1,0,afternoon,291.0,,
2025-03-04 15:38:18,0.97,7.0,0.11,1.25,15,1,0,afternoon,290.0,kitchen_faucet,
2025-03-04 15:58:53,0.91,4.0,0.06,0.73,15,1,0,afternoon,1235.0,kitchen_faucet,
2025-03-04 16:07:43,0.01,396.0,0.04,0.52,16,1,0,afternoon,530.0,,
2025-03-04 16:12:01,0.09,28.0,0.04,0.52,16,1,0,afternoon,258.0,,
2025-03-04 16:12:25,0.85,11.0,0.16,1.25,16,1,0,afternoon,24.0,,
2025-03-04 16:15:42,0.88,13.0,0.19,1.25,16,1,0,afternoon,197.0,,
2025-03-04 16:20:31,0.22,43.0,0.16,1.25,16,1,0,afternoon,289.0,,
2025-03-04 16:20:51,0.91,4.0,0.06,0.73,16,1,0,afternoon,20.0,kitchen_faucet,
2025-03-04 16:36:19,0.01,914.0,0.22,1.25,16,1,0,afternoon,928.0,,
2025-03-04 16:43:44,0.79,64.0,0.84,1.25,16,1,0,afternoon,445.0,,
2025-03-04 16:48:40,0.69,79.0,0.9,1.15,16,1,0,afternoon,296.0,,
2025-03-04 16:52:33,0.91,8.0,0.12,1.25,16,1,0,afternoon,233.0,kitchen_faucet,
2025-03-04 16:56:41,1.22,3.0,0.06,0.73,16,1,0,afternoon,248.0,kitchen_faucet,
2025-03-04 17:00:24,1.04,3.0,0.05,0.63,17,1,0,afternoon,223.0,kitchen_faucet,
2025-03-04 17:00:35,1.22,3.0,0.06,0.73,17,1,0,afternoon,11.0,kitchen_faucet,
2025-03-04 17:18:45,1.15,34.0,0.65,1.57,17,1,0,afternoon,1090.0,,
2025-03-04 17:59:15,1.15,45.0,0.86,1.57,17,1,0,afternoon,2430.0,,
2025-03-04 17:59:44,0.85,8.0,0.11,1.15,17,1,0,afternoon,29.0,kitchen_faucet,
2025-03-04 19:21:42,0.1,183.0,0.31,0.63,19,1,0,evening,4918.0,,
2025-03-04 19:23:18,1.61,52.0,1.39,1.98,19,1,0,evening,96.0,,
2025-03-04 19:41:45,0.07,720.0,0.83,0.73,19,1,0,evening,1107.0,,
2025-03-04 19:43:19,1.55,85.0,2.19,1.67,19,1,0,evening,94.0,,
2025-03-04 19:43:54,1.62,29.0,0.78,2.09,19,1,0,evening,35.0,,
2025-03-04 19:52:09,0.13,420.0,0.89,0.73,19,1,0,evening,495.0,,
2025-03-04 20:26:40,0.23,1034.0,3.88,1.36,20,1,0,evening,2071.0,,
2025-03-04 20:26:53,1.43,4.0,0.1,1.15,20,1,0,evening,13.0,kitchen_faucet,
2025-03-04 20:29:50,1.14,33.0,0.63,1.57,20,1,0,evening,177.0,,
2025-03-04 20:41:54,0.96,6.0,0.1,1.15,20,1,0,evening,724.0,kitchen_faucet,
2025-03-04 21:44:46,0.3,19.0,0.1,0.73,21,1,0,evening,3772.0,,
2025-03-05 00:01:07,0.94,5.0,0.08,0.94,0,2,0,night,8181.0,kitchen_faucet,
2025-03-05 00:04:18,0.34,134.0,0.76,0.94,0,2,0,night,191.0,,
2025-03-05 00:05:01,1.55,29.0,0.75,2.19,0,2,0,night,43.0,,
2025-03-05 00:42:30,0.49,32.0,0.26,0.94,0,2,0,night,2249.0,,
2025-03-05 00:48:49,0.46,92.0,0.7,0.94,0,2,0,night,379.0,,
2025-03-05 07:02:10,0.39,8.0,0.05,0.63,7,2,0,morning,22401.0,kitchen_faucet,
2025-03-05 07:09:37,0.76,29.0,0.37,1.15,7,2,0,morning,447.0,,
2025-03-05 07:17:32,0.77,40.0,0.51,1.25,7,2,0,morning,475.0,,
2025-03-05 07:17:52,0.91,4.0,0.06,0.73,7,2,0,morning,20.0,kitchen_faucet,
2025-03-05 07:19:04,0.91,4.0,0.06,0.73,7,2,0,morning,72.0,kitchen_faucet,
2025-03-05 07:19:18,1.57,2.0,0.05,0.63,7,2,0,morning,14.0,kitchen_faucet,
2025-03-05 07:19:52,1.3,2.0,0.04,0.52,7,2,0,morning,34.0,kitchen_faucet,
2025-03-05 07:21:07,1.15,33.0,0.63,1.57,7,2,0,morning,75.0,,
2025-03-05 07:23:01,0.69,25.0,0.29,1.15,7,2,0,morning,114.0,,
2025-03-05 07:27:32,0.44,234.0,1.71,1.77,7,2,0,morning,271.0,,
2025-03-05 07:28:21,0.58,28.0,0.27,1.04,7,2,0,morning,49.0,,
2025-03-05 07:30:33,0.97,7.0,0.11,1.25,7,2,0,morning,132.0,kitchen_faucet,
2025-03-05 07:32:34,0.65,8.0,0.09,0.94,7,2,0,morning,121.0,kitchen_faucet,
2025-03-05 07:34:32,0.73,25.0,0.3,1.25,7,2,0,morning,118.0,,
2025-03-05 07:48:19,0.18,379.0,1.13,1.67,7,2,0,morning,827.0,,
2025-03-05 08:25:25,0.92,168.0,2.58,2.5,8,2,0,morning,2226.0,,
2025-03-05 15:55:30,1.6,30.0,0.8,2.19,15,2,0,afternoon,27005.0,,
2025-03-05 17:59:49,0.0,1059.0,0.07,0.83,17,2,0,afternoon,7459.0,,
2025-03-05 18:00:59,0.75,21.0,0.26,1.15,18,2,0,evening,70.0,,
2025-03-05 18:23:19,0.78,18.0,0.23,1.15,18,2,0,evening,1340.0,,
2025-03-05 18:30:56,0.87,6.0,0.09,1.04,18,2,0,evening,457.0,kitchen_faucet,
2025-03-05 18:42:20,0.89,7.0,0.1,1.15,18,2,0,evening,684.0,kitchen_faucet,
2025-03-05 20:00:22,1.15,33.0,0.63,1.57,20,2,0,evening,4682.0,,
2025-03-05 20:21:13,0.1,514.0,0.84,2.19,20,2,0,evening,1251.0,,
2025-03-05 20:31:24,1.7,16.0,0.45,2.19,20,2,0,evening,611.0,,
2025-03-05 20:32:11,1.69,13.0,0.37,1.98,20,2,0,evening,47.0,,
2025-03-05 20:33:59,0.97,97.0,1.57,2.09,20,2,0,evening,108.0,,
2025-03-05 20:34:44,1.42,18.0,0.43,1.88,20,2,0,evening,45.0,,
2025-03-05 20:35:32,0.77,21.0,0.27,1.15,20,2,0,evening,48.0,,
2025-03-05 20:36:33,0.48,12.0,0.1,0.94,20,2,0,evening,61.0,,
2025-03-05 20:37:17,0.75,36.0,0.45,1.36,20,2,0,evening,44.0,,
2025-03-05 21:42:53,0.0,3702.0,0.05,0.63,21,2,0,evening,3936.0,,
2025-03-05 22:26:36,0.29,23.0,0.11,0.73,22,2,0,evening,2623.0,,
2025-03-05 23:06:45,0.94,29.0,0.45,1.25,23,2,0,evening,2409.0,,
2025-03-05 23:09:22,1.02,96.0,1.63,1.46,23,2,0,evening,157.0,,
2025-03-05 23:10:56,1.04,16.0,0.28,1.46,23,2,0,evening,94.0,,
2025-03-05 23:26:51,1.17,4.0,0.08,0.94,23,2,0,evening,955.0,kitchen_faucet,
2025-03-05 23:28:25,0.92,83.0,1.27,1.36,23,2,0,evening,94.0,,
2025-03-05 23:28:42,0.83,5.0,0.07,0.83,23,2,0,evening,17.0,kitchen_faucet,
2025-03-05 23:29:53,0.97,30.0,0.49,1.36,23,2,0,evening,71.0,,
2025-03-05 23:38:47,0.57,57.0,0.54,1.04,23,2,0,evening,534.0,,
2025-03-06 00:00:31,0.92,29.0,0.44,1.15,0,3,0,night,1304.0,,
2025-03-06 00:03:01,1.02,89.0,1.51,1.46,0,3,0,night,150.0,,
2025-03-06 00:03:43,1.08,14.0,0.25,1.46,0,3,0,night,42.0,,
2025-03-06 00:18:22,0.78,12.0,0.16,1.15,0,3,0,night,879.0,,
2025-03-06 00:19:41,0.66,27.0,0.3,0.94,0,3,0,night,79.0,,
2025-03-06 00:22:57,1.04,4.0,0.07,0.83,0,3,0,night,196.0,kitchen_faucet,
2025-03-06 00:25:17,1.15,5.0,0.1,1.15,0,3,0,night,140.0,kitchen_faucet,
2025-03-06 00:27:06,0.91,99.0,1.5,1.36,0,3,0,night,109.0,,
2025-03-06 00:27:21,0.91,4.0,0.06,0.73,0,3,0,night,15.0,kitchen_faucet,
2025-03-06 00:28:21,0.99,19.0,0.31,1.36,0,3,0,night,60.0,,
2025-03-06 00:34:55,0.56,58.0,0.54,1.04,0,3,0,night,394.0,,
2025-03-06 01:10:04,1.51,29.0,0.73,2.19,1,3,0,night,2109.0,,
2025-03-06 01:12:09,0.9,30.0,0.45,1.15,1,3,0,night,125.0,,
2025-03-06 01:13:40,0.92,61.0,0.93,1.36,1,3,0,night,91.0,,
2025-03-06 01:15:14,1.01,16.0,0.27,1.36,1,3,0,night,94.0,,
2025-03-06 01:16:17,1.11,8.0,0.15,1.36,1,3,0,night,63.0,kitchen_faucet,
2025-03-06 01:18:49,1.04,12.0,0.21,1.36,1,3,0,night,152.0,,
2025-03-06 01:47:11,0.53,213.0,1.9,1.04,1,3,0,night,1702.0,,
2025-03-06 01:59:30,1.04,6.0,0.1,1.25,1,3,0,night,739.0,kitchen_faucet,
2025-03-06 02:00:59,0.91,80.0,1.22,1.36,2,3,0,night,89.0,,
2025-03-06 02:01:16,0.83,5.0,0.07,0.83,2,3,0,night,17.0,kitchen_faucet,
2025-03-06 02:09:20,0.56,58.0,0.54,1.04,2,3,0,night,484.0,,
2025-03-06 08:00:14,1.15,33.0,0.63,1.57,8,3,0,morning,21054.0,,
2025-03-06 08:02:06,0.8,19.0,0.25,1.25,8,3,0,morning,112.0,,
2025-03-06 08:03:13,1.14,34.0,0.64,1.57,8,3,0,morning,67.0,,
2025-03-06 08:05:13,0.71,30.0,0.36,1.25,8,3,0,morning,120.0,,
2025-03-06 08:10:59,0.2,195.0,0.64,1.25,8,3,0,morning,346.0,,
2025-03-06 08:11:34,1.57,2.0,0.05,0.63,8,3,0,morning,35.0,kitchen_faucet,
2025-03-06 08:12:16,0.89,7.0,0.1,1.15,8,3,0,morning,42.0,kitchen_faucet,
2025-03-06 08:31:00,0.0,1113.0,0.04,0.52,8,3,0,morning,1124.0,,
2025-03-06 08:36:42,0.78,227.0,2.94,2.5,8,3,0,morning,342.0,,
2025-03-06 08:37:39,1.04,4.0,0.07,0.83,8,3,0,morning,57.0,kitchen_faucet,
2025-03-06 08:46:03,0.83,12.0,0.17,1.15,8,3,0,morning,504.0,,
2025-03-06 09:28:02,1.1,35.0,0.64,1.57,9,3,0,morning,2519.0,,
2025-03-06 09:32:16,1.16,189.0,3.67,2.3,9,3,0,morning,254.0,,
2025-03-06 09:43:41,0.78,8.0,0.1,1.04,9,3,0,morning,685.0,kitchen_faucet,
2025-03-06 09:45:05,1.79,30.0,0.9,2.3,9,3,0,morning,84.0,,
2025-03-06 09:53:13,0.85,8.0,0.11,1.25,9,3,0,morning,488.0,kitchen_faucet,
2025-03-06 11:33:02,1.6,29.0,0.77,2.19,11,3,0,morning,5989.0,,
2025-03-06 12:55:35,1.14,34.0,0.64,1.57,12,3,0,afternoon,4953.0,,
2025-03-06 15:14:21,1.04,4.0,0.07,0.83,15,3,0,afternoon,8326.0,kitchen_faucet,
2025-03-06 15:17:34,0.89,7.0,0.1,1.25,15,3,0,afternoon,193.0,kitchen_faucet,
2025-03-06 15:20:08,0.87,9.0,0.13,1.15,15,3,0,afternoon,154.0,kitchen_faucet,
2025-03-06 15:22:11,0.88,25.0,0.37,1.25,15,3,0,afternoon,123.0,,
2025-03-06 15:33:55,0.29,9.0,0.04,0.52,15,3,0,afternoon,704.0,kitchen_faucet,
2025-03-06 15:38:17,0.82,19.0,0.26,1.25,15,3,0,afternoon,262.0,,
2025-03-06 15:38:37,0.83,12.0,0.17,1.25,15,3,0,afternoon,20.0,,
2025-03-06 15:41:41,0.08,171.0,0.22,1.25,15,3,0,afternoon,184.0,,
2025-03-06 15:45:07,0.75,35.0,0.43,1.15,15,3,0,afternoon,206.0,,
2025-03-06 15:45:31,0.98,8.0,0.13,1.25,15,3,0,afternoon,24.0,kitchen_faucet,
2025-03-06 15:45:50,1.57,2.0,0.05,0.63,15,3,0,afternoon,19.0,kitchen_faucet,
2025-03-06 15:46:15,0.9,11.0,0.17,1.25,15,3,0,afternoon,25.0,,
2025-03-06 15:47:17,0.74,52.0,0.64,1.25,15,3,0,afternoon,62.0,,
2025-03-06 15:47:51,0.85,24.0,0.34,1.25,15,3,0,afternoon,34.0,,
2025-03-06 15:48:52,0.78,41.0,0.53,1.25,15,3,0,afternoon,61.0,,
2025-03-06 15:49:25,0.54,27.0,0.24,1.25,15,3,0,afternoon,33.0,,
2025-03-06 15:50:15,0.83,32.0,0.44,1.25,15,3,0,afternoon,50.0,,
2025-03-06 15:50:34,1.04,8.0,0.14,1.25,15,3,0,afternoon,19.0,kitchen_faucet,
2025-03-06 15:51:53,0.96,6.0,0.1,1.15,15,3,0,afternoon,79.0,kitchen_faucet,
2025-03-06 15:53:11,0.83,51.0,0.7,1.25,15,3,0,afternoon,78.0,,
2025-03-06 15:53:50,0.89,20.0,0.3,1.25,15,3,0,afternoon,39.0,,
2025-03-06 15:54:44,0.86,17.0,0.24,1.25,15,3,0,afternoon,54.0,,
2025-03-06 15:57:42,0.5,31.0,0.26,1.25,15,3,0,afternoon,178.0,,
2025-03-06 16:34:37,2.27,89.0,3.37,2.82,16,3,0,afternoon,2215.0,,
2025-03-06 16:36:47,2.43,30.0,1.22,3.01,16,3,0,afternoon,130.0,,WC
2025-03-06 16:38:53,0.99,9.0,0.15,1.46,16,3,0,afternoon,126.0,kitchen_faucet,
2025-03-06 16:40:33,1.44,41.0,0.98,1.87,16,3,0,afternoon,100.0,,
2025-03-06 16:44:41,1.53,16.0,0.41,1.88,16,3,0,afternoon,248.0,,
2025-03-06 16:52:28,2.07,36.0,1.24,2.4,16,3,0,afternoon,467.0,,WC
2025-03-06 18:42:07,1.45,9.0,0.22,1.98,18,3,0,evening,6579.0,kitchen_faucet,
2025-03-06 18:42:57,0.94,15.0,0.23,1.36,18,3,0,evening,50.0,,
2025-03-06 18:45:25,0.78,4.0,0.05,0.62,18,3,0,evening,148.0,kitchen_faucet,
2025-03-06 18:45:40,0.78,4.0,0.05,0.62,18,3,0,evening,15.0,kitchen_faucet,
2025-03-06 18:45:53,0.78,4.0,0.05,0.62,18,3,0,evening,13.0,kitchen_faucet,
2025-03-06 18:46:07,0.78,4.0,0.05,0.62,18,3,0,evening,14.0,kitchen_faucet,
2025-03-06 18:58:34,0.01,718.0,0.06,0.73,18,3,0,evening,747.0,,
2025-03-06 19:00:36,1.77,10.0,0.3,2.09,19,3,0,evening,122.0,,
2025-03-06 19:01:14,1.47,23.0,0.57,1.87,19,3,0,evening,38.0,,
2025-03-06 19:02:24,0.87,3.0,0.04,0.0,19,3,0,evening,70.0,kitchen_faucet,
2025-03-06 19:08:52,1.65,25.0,0.69,2.08,19,3,0,evening,388.0,,
2025-03-06 19:11:16,1.55,66.0,1.7,1.98,19,3,0,evening,144.0,,
2025-03-06 19:12:00,1.67,15.0,0.42,1.98,19,3,0,evening,44.0,,
2025-03-06 19:16:17,0.3,151.0,0.75,2.19,19,3,0,evening,257.0,,
2025-03-06 19:18:31,1.91,3.0,0.1,1.14,19,3,0,evening,134.0,kitchen_faucet,
2025-03-06 19:20:01,1.8,9.0,0.27,2.09,19,3,0,evening,90.0,kitchen_faucet,
2025-03-06 19:22:01,1.57,31.0,0.81,1.87,19,3,0,evening,120.0,,
2025-03-06 19:25:20,1.91,3.0,0.1,1.14,19,3,0,evening,199.0,kitchen_faucet,
2025-03-06 19:32:14,1.98,5.0,0.17,1.98,19,3,0,evening,414.0,kitchen_faucet,
2025-03-06 19:37:51,1.53,108.0,2.76,1.98,19,3,0,evening,337.0,,
2025-03-06 19:38:59,1.6,33.0,0.88,1.98,19,3,0,evening,68.0,,
2025-03-06 19:39:25,1.7,8.0,0.23,1.98,19,3,0,evening,26.0,kitchen_faucet,
2025-03-06 19:39:52,2.61,1.0,0.04,0.52,19,3,0,evening,27.0,kitchen_faucet,
2025-03-06 19:40:25,1.53,14.0,0.36,2.09,19,3,0,evening,33.0,,
2025-03-06 19:41:23,1.96,4.0,0.13,1.56,19,3,0,evening,58.0,kitchen_faucet,
2025-03-06 19:44:56,1.83,2.0,0.06,0.73,19,3,0,evening,213.0,kitchen_faucet,
2025-03-06 19:46:14,1.54,46.0,1.18,1.98,19,3,0,evening,78.0,,
2025-03-06 19:47:00,1.62,38.0,1.03,2.18,19,3,0,evening,46.0,,
2025-03-06 19:47:18,1.65,6.0,0.17,1.87,19,3,0,evening,18.0,kitchen_faucet,
2025-03-06 19:48:46,1.39,27.0,0.63,1.87,19,3,0,evening,88.0,,
2025-03-06 20:50:29,0.92,99.0,1.51,1.35,20,3,0,evening,3703.0,,
2025-03-06 21:26:40,0.02,2056.0,0.56,1.36,21,3,0,evening,2171.0,,
2025-03-06 21:33:00,0.91,93.0,1.42,1.36,21,3,0,evening,380.0,,
2025-03-06 23:54:08,0.0,8262.0,0.05,0.62,23,3,0,evening,8468.0,,
2025-03-07 00:20:17,2.31,30.0,1.16,3.33,0,4,0,night,1569.0,,
2025-03-07 07:18:19,1.14,11.0,0.21,1.46,7,4,0,morning,25082.0,,
2025-03-07 07:23:42,1.95,65.0,2.11,2.4,7,4,0,morning,323.0,,
2025-03-07 07:28:39,1.64,7.0,0.19,1.87,7,4,0,morning,297.0,kitchen_faucet,
2025-03-07 07:31:28,0.55,20.0,0.18,0.94,7,4,0,morning,169.0,,
2025-03-07 07:36:44,2.09,2.0,0.07,0.83,7,4,0,morning,316.0,kitchen_faucet,
2025-03-07 07:39:28,1.44,39.0,0.94,1.87,7,4,0,morning,164.0,,
2025-03-07 08:01:59,1.27,39.0,0.83,1.98,8,4,0,morning,1351.0,,
2025-03-07 08:03:15,1.71,7.0,0.2,2.08,8,4,0,morning,76.0,kitchen_faucet,
2025-03-07 08:06:28,1.91,3.0,0.1,1.15,8,4,0,morning,193.0,kitchen_faucet,
2025-03-07 08:07:24,3.13,1.0,0.05,0.62,8,4,0,morning,56.0,kitchen_faucet,
2025-03-07 08:09:10,1.61,21.0,0.57,1.87,8,4,0,morning,106.0,,
2025-03-07 08:11:21,0.73,5.0,0.06,0.73,8,4,0,morning,131.0,kitchen_faucet,
2025-03-07 08:19:45,1.09,423.0,7.7,3.65,8,4,0,morning,504.0,,
2025-03-07 08:31:41,1.66,17.0,0.47,2.08,8,4,0,morning,716.0,,
2025-03-07 08:35:40,1.77,10.0,0.3,1.98,8,4,0,morning,239.0,,
2025-03-07 10:53:35,0.0,1218.0,0.04,0.0,10,4,0,morning,8275.0,,
2025-03-07 11:18:43,0.0,777.0,0.04,0.0,11,4,0,morning,1508.0,,
2025-03-07 11:37:20,0.0,1036.0,0.04,0.0,11,4,0,morning,1117.0,,
2025-03-07 13:20:50,0.0,2271.0,0.04,0.0,13,4,0,afternoon,6210.0,,
2025-03-07 13:53:01,0.0,1705.0,0.04,0.0,13,4,0,afternoon,1931.0,,
2025-03-07 14:12:38,0.0,914.0,0.04,0.0,14,4,0,afternoon,1177.0,,
2025-03-07 15:48:39,0.0,5046.0,0.3,1.67,15,4,0,afternoon,5761.0,,
2025-03-07 15:53:19,1.04,8.0,0.14,1.35,15,4,0,afternoon,280.0,kitchen_faucet,
2025-03-07 15:54:14,0.65,42.0,0.45,1.04,15,4,0,afternoon,55.0,,
2025-03-07 15:55:36,1.5,17.0,0.43,1.87,15,4,0,afternoon,82.0,,
2025-03-07 15:56:10,1.25,15.0,0.31,1.57,15,4,0,afternoon,34.0,,
2025-03-07 15:57:16,0.56,15.0,0.14,1.14,15,4,0,afternoon,66.0,,
2025-03-07 16:08:08,1.74,3.0,0.09,1.04,16,4,0,afternoon,652.0,kitchen_faucet,
2025-03-07 16:08:52,2.06,34.0,1.17,2.61,16,4,0,afternoon,44.0,,
2025-03-07 16:10:39,0.91,32.0,0.49,1.66,16,4,0,afternoon,107.0,,
2025-03-07 16:11:10,0.7,12.0,0.14,1.04,16,4,0,afternoon,31.0,,
2025-03-07 18:53:07,0.97,14.0,0.23,1.35,18,4,0,evening,9717.0,,
2025-03-07 18:54:08,0.61,6.0,0.06,0.63,18,4,0,evening,61.0,kitchen_faucet,
2025-03-07 18:55:07,1.52,35.0,0.89,2.08,18,4,0,evening,59.0,,
2025-03-07 18:59:37,1.57,3.0,0.08,0.94,18,4,0,evening,270.0,kitchen_faucet,
2025-03-07 19:15:03,1.91,3.0,0.1,1.14,19,4,0,evening,926.0,kitchen_faucet,
2025-03-07 19:16:18,1.74,3.0,0.09,1.04,19,4,0,evening,75.0,kitchen_faucet,
2025-03-07 19:24:29,0.01,369.0,0.07,0.83,19,4,0,evening,491.0,,
2025-03-08 00:13:57,0.03,2627.0,1.19,2.81,0,5,1,night,17368.0,,
2025-03-08 00:37:42,0.12,555.0,1.15,2.71,0,5,1,night,1425.0,,
2025-03-08 01:59:16,2.28,30.0,1.14,2.91,1,5,1,night,4894.0,,
2025-03-08 07:11:51,2.1,33.0,1.16,2.61,7,5,1,morning,18755.0,,
2025-03-08 07:13:03,1.62,10.0,0.27,1.98,7,5,1,morning,72.0,,
2025-03-08 07:19:50,1.18,45.0,0.89,1.67,7,5,1,morning,407.0,,
2025-03-08 07:20:53,1.74,3.0,0.09,1.04,7,5,1,morning,63.0,kitchen_faucet,
2025-03-08 07:26:52,1.48,37.0,0.91,1.98,7,5,1,morning,359.0,,
2025-03-08 07:30:06,1.04,4.0,0.07,0.83,7,5,1,morning,194.0,kitchen_faucet,
2025-03-08 07:32:27,1.58,64.0,1.69,1.87,7,5,1,morning,141.0,,
2025-03-08 07:33:19,1.54,19.0,0.49,1.98,7,5,1,morning,52.0,,
2025-03-08 07:47:06,1.57,31.0,0.81,2.08,7,5,1,morning,827.0,,
2025-03-08 08:10:42,1.57,6.0,0.16,1.77,8,5,1,morning,1416.0,kitchen_faucet,
2025-03-08 08:46:50,1.59,200.0,5.3,3.97,8,5,1,morning,2168.0,,
2025-03-08 09:03:54,0.04,699.0,0.52,1.98,9,5,1,morning,1024.0,,
2025-03-08 09:05:18,0.04,74.0,0.04,0.0,9,5,1,morning,84.0,,
2025-03-08 09:09:29,2.35,2.0,0.08,0.94,9,5,1,morning,251.0,kitchen_faucet,
2025-03-08 09:10:20,0.55,22.0,0.2,0.94,9,5,1,morning,51.0,,
2025-03-08 09:11:49,0.65,8.0,0.09,0.94,9,5,1,morning,89.0,kitchen_faucet,
2025-03-08 15:13:03,0.01,5896.0,1.2,3.12,15,5,1,afternoon,21674.0,,
2025-03-08 15:23:17,0.23,116.0,0.44,2.09,15,5,1,afternoon,614.0,,
2025-03-08 15:29:53,0.01,239.0,0.04,0.0,15,5,1,afternoon,396.0,,
2025-03-08 15:35:35,0.01,217.0,0.04,0.0,15,5,1,afternoon,342.0,,
2025-03-08 15:40:21,0.02,152.0,0.04,0.0,15,5,1,afternoon,286.0,,
2025-03-08 15:45:19,0.01,190.0,0.04,0.0,15,5,1,afternoon,298.0,,
2025-03-08 15:50:19,0.01,177.0,0.04,0.0,15,5,1,afternoon,300.0,,
2025-03-08 15:55:15,0.01,191.0,0.04,0.0,15,5,1,afternoon,296.0,,
2025-03-08 18:27:14,0.01,9006.0,1.29,2.61,18,5,1,evening,9119.0,,
2025-03-08 19:00:17,0.67,7.0,0.08,0.94,19,5,1,evening,1983.0,kitchen_faucet,
2025-03-08 19:03:33,1.54,47.0,1.21,1.98,19,5,1,evening,196.0,,WC
2025-03-08 19:06:18,1.02,25.0,0.43,1.98,19,5,1,evening,165.0,,
2025-03-08 19:07:28,1.5,25.0,0.63,2.09,19,5,1,evening,70.0,,
2025-03-08 19:09:25,1.72,30.0,0.86,1.88,19,5,1,evening,117.0,,
2025-03-08 19:11:54,1.92,89.0,2.85,2.29,19,5,1,evening,149.0,,
2025-03-08 19:12:37,1.73,16.0,0.46,2.08,19,5,1,evening,43.0,,
2025-03-08 19:13:50,1.95,15.0,0.49,2.49,19,5,1,evening,73.0,,
2025-03-08 19:17:46,0.08,120.0,0.17,1.98,19,5,1,evening,236.0,,
2025-03-08 19:21:43,1.67,10.0,0.28,1.88,19,5,1,evening,237.0,,
2025-03-08 19:23:42,1.59,24.0,0.63,1.98,19,5,1,evening,119.0,,
2025-03-08 19:23:53,1.83,4.0,0.12,1.46,19,5,1,evening,11.0,kitchen_faucet,
2025-03-08 19:25:08,1.68,9.0,0.25,2.08,19,5,1,evening,75.0,kitchen_faucet,
2025-03-08 19:28:13,0.44,26.0,0.19,2.18,19,5,1,evening,185.0,,
2025-03-08 19:29:55,1.77,94.0,2.77,2.09,19,5,1,evening,102.0,,
2025-03-08 19:30:10,1.57,5.0,0.13,1.56,19,5,1,evening,15.0,kitchen_faucet,
2025-03-08 19:30:57,1.89,26.0,0.82,2.29,19,5,1,evening,47.0,,
2025-03-08 19:33:44,0.54,89.0,0.8,2.29,19,5,1,evening,167.0,,
2025-03-08 19:38:25,1.11,59.0,1.09,1.66,19,5,1,evening,281.0,,
2025-03-08 19:46:24,1.47,62.0,1.52,1.98,19,5,1,evening,479.0,,
2025-03-08 19:46:59,1.98,5.0,0.17,1.98,19,5,1,evening,35.0,kitchen_faucet,
2025-03-08 19:47:35,1.74,3.0,0.09,1.04,19,5,1,evening,36.0,kitchen_faucet,
2025-03-08 20:08:49,1.36,5.0,0.11,1.35,20,5,1,evening,1274.0,kitchen_faucet,
2025-03-08 20:10:11,1.22,12.0,0.24,1.77,20,5,1,evening,82.0,,
2025-03-08 20:11:33,0.58,17.0,0.17,0.94,20,5,1,evening,82.0,,
2025-03-08 20:21:19,1.17,4.0,0.08,0.94,20,5,1,evening,586.0,kitchen_faucet,
2025-03-08 20:32:01,0.58,18.0,0.17,0.94,20,5,1,evening,642.0,,
2025-03-08 20:37:03,1.47,11.0,0.27,1.77,20,5,1,evening,302.0,,
2025-03-08 20:37:57,1.97,36.0,1.18,2.29,20,5,1,evening,54.0,,
2025-03-08 20:38:35,1.28,29.0,0.62,1.66,20,5,1,evening,38.0,,
2025-03-08 23:35:27,0.0,8971.0,0.05,0.62,23,5,1,evening,10612.0,,
2025-03-08 23:40:48,0.01,311.0,0.04,0.0,23,5,1,evening,321.0,,
2025-03-09 07:33:03,0.01,11068.0,1.17,2.49,7,6,1,morning,28335.0,,
2025-03-09 07:39:32,1.45,14.0,0.34,1.87,7,6,1,morning,389.0,,
2025-03-09 07:44:30,1.17,4.0,0.08,0.94,7,6,1,morning,298.0,kitchen_faucet,
2025-03-09 07:48:23,1.57,3.0,0.08,0.94,7,6,1,morning,233.0,kitchen_faucet,
2025-03-09 07:51:05,1.49,28.0,0.7,1.97,7,6,1,morning,162.0,,
2025-03-09 07:56:49,1.57,3.0,0.08,0.94,7,6,1,morning,344.0,kitchen_faucet,
2025-03-09 07:59:24,1.43,4.0,0.1,1.14,7,6,1,morning,155.0,kitchen_faucet,
2025-03-09 08:01:04,1.39,12.0,0.28,1.77,8,6,1,morning,100.0,,
2025-03-09 08:01:21,1.57,3.0,0.08,0.94,8,6,1,morning,17.0,kitchen_faucet,
2025-03-09 08:01:59,1.38,11.0,0.25,1.77,8,6,1,morning,38.0,,
2025-03-09 08:04:31,1.83,4.0,0.12,1.46,8,6,1,morning,152.0,kitchen_faucet,
2025-03-09 08:59:41,2.3,29.0,1.11,2.7,8,6,1,morning,3310.0,,
2025-03-09 09:01:36,1.19,25.0,0.5,1.67,9,6,1,morning,115.0,,
2025-03-09 09:08:54,0.01,229.0,0.04,0.0,9,6,1,morning,438.0,,
2025-03-09 09:15:33,0.72,8.0,0.1,1.04,9,6,1,morning,399.0,kitchen_faucet,
2025-03-09 10:16:46,2.01,57.0,1.91,2.5,10,6,1,morning,3673.0,,
2025-03-09 10:23:31,0.05,125.0,0.11,1.25,10,6,1,morning,405.0,,
2025-03-09 11:12:36,1.98,5.0,0.17,1.98,11,6,1,morning,2945.0,kitchen_faucet,
2025-03-09 11:13:11,1.7,8.0,0.23,1.88,11,6,1,morning,35.0,kitchen_faucet,
2025-03-09 11:20:26,0.03,90.0,0.05,0.63,11,6,1,morning,435.0,,
2025-03-09 11:21:42,1.83,4.0,0.12,1.46,11,6,1,morning,76.0,kitchen_faucet,
2025-03-09 12:11:04,0.04,1193.0,0.87,1.98,12,6,1,afternoon,2962.0,,
2025-03-09 12:13:33,1.83,89.0,2.72,2.39,12,6,1,afternoon,149.0,,
2025-03-09 12:14:37,1.77,18.0,0.53,2.19,12,6,1,afternoon,64.0,,
2025-03-09 12:36:22,0.01,1192.0,0.22,2.39,12,6,1,afternoon,1305.0,,
2025-03-09 12:38:02,1.71,92.0,2.63,2.18,12,6,1,afternoon,100.0,,
2025-03-09 12:38:19,1.19,7.0,0.14,1.56,12,6,1,afternoon,17.0,kitchen_faucet,
2025-03-09 12:39:34,1.83,16.0,0.49,2.29,12,6,1,afternoon,75.0,,
2025-03-09 12:47:34,1.11,59.0,1.09,1.56,12,6,1,afternoon,480.0,,
2025-03-09 12:48:24,2.01,34.0,1.14,2.49,12,6,1,afternoon,50.0,,
2025-03-09 12:50:17,1.45,9.0,0.22,1.88,12,6,1,afternoon,113.0,kitchen_faucet,
2025-03-09 13:08:27,0.61,6.0,0.06,0.73,13,6,1,afternoon,1090.0,kitchen_faucet,
2025-03-09 13:41:26,1.63,30.0,0.82,1.77,13,6,1,afternoon,1979.0,,
2025-03-09 13:44:12,1.81,106.0,3.2,2.3,13,6,1,afternoon,166.0,,
2025-03-09 13:45:07,1.86,16.0,0.5,2.39,13,6,1,afternoon,55.0,,
2025-03-09 13:46:45,1.43,20.0,0.48,2.4,13,6,1,afternoon,98.0,,
2025-03-09 13:50:49,0.02,149.0,0.04,0.0,13,6,1,afternoon,244.0,,
2025-03-09 14:00:44,1.83,6.0,0.18,2.09,14,6,1,afternoon,595.0,kitchen_faucet,
2025-03-09 14:02:30,1.73,96.0,2.77,1.97,14,6,1,afternoon,106.0,,
2025-03-09 14:02:44,1.39,6.0,0.14,1.56,14,6,1,afternoon,14.0,kitchen_faucet,
2025-03-09 14:03:53,1.73,29.0,0.83,2.18,14,6,1,afternoon,69.0,,
2025-03-09 14:05:28,1.72,17.0,0.49,2.08,14,6,1,afternoon,95.0,,
2025-03-09 14:09:50,1.12,58.0,1.08,1.56,14,6,1,afternoon,262.0,,
2025-03-09 14:42:03,0.1,221.0,0.36,1.67,14,6,1,afternoon,1933.0,,
2025-03-09 14:42:31,1.08,15.0,0.27,1.46,14,6,1,afternoon,28.0,,
2025-03-09 14:43:55,1.72,10.0,0.29,1.98,14,6,1,afternoon,84.0,,
2025-03-09 14:44:37,1.98,5.0,0.17,1.98,14,6,1,afternoon,42.0,kitchen_faucet,
2025-03-09 14:46:28,1.34,7.0,0.16,1.77,14,6,1,afternoon,111.0,kitchen_faucet,
2025-03-09 14:47:49,1.57,4.0,0.1,1.25,14,6,1,afternoon,81.0,kitchen_faucet,
2025-03-09 14:48:42,1.3,6.0,0.13,1.46,14,6,1,afternoon,53.0,kitchen_faucet,
2025-03-09 14:54:01,1.04,11.0,0.19,1.46,14,6,1,afternoon,319.0,,
2025-03-09 14:55:31,3.13,1.0,0.05,0.62,14,6,1,afternoon,90.0,kitchen_faucet,
2025-03-09 14:59:37,1.98,5.0,0.17,1.88,14,6,1,afternoon,246.0,kitchen_faucet,
2025-03-09 15:09:10,1.74,3.0,0.09,1.04,15,6,1,afternoon,573.0,kitchen_faucet,
2025-03-09 15:57:21,1.45,32.0,0.77,1.88,15,6,1,afternoon,2891.0,,
2025-03-09 16:51:17,0.0,3222.0,0.21,1.87,16,6,1,afternoon,3236.0,,
2025-03-09 16:54:42,1.92,46.0,1.47,2.5,16,6,1,afternoon,205.0,,WC
2025-03-09 17:02:42,2.23,30.0,1.11,2.6,17,6,1,afternoon,480.0,,
2025-03-09 17:20:15,0.06,970.0,1.0,2.08,17,6,1,afternoon,1053.0,,
2025-03-09 17:35:10,0.0,744.0,0.04,0.0,17,6,1,afternoon,895.0,,
2025-03-09 18:13:19,0.16,1964.0,5.26,3.65,18,6,1,evening,2289.0,,
2025-03-09 18:16:07,0.17,37.0,0.1,0.83,18,6,1,evening,168.0,,
2025-03-09 18:26:45,1.29,533.0,11.42,1.87,18,6,1,evening,638.0,,
2025-03-09 18:28:27,0.91,88.0,1.33,1.77,18,6,1,evening,102.0,,
2025-03-09 18:28:36,3.13,1.0,0.05,0.63,18,6,1,evening,9.0,kitchen_faucet,
2025-03-09 18:31:46,0.72,172.0,2.07,1.36,18,6,1,evening,190.0,,
2025-03-09 18:45:52,1.61,13.0,0.35,1.98,18,6,1,evening,846.0,,
2025-03-09 18:47:54,1.3,4.0,0.09,1.04,18,6,1,evening,122.0,kitchen_faucet,
2025-03-09 18:57:08,0.62,11.0,0.11,0.94,18,6,1,evening,554.0,,
2025-03-09 20:05:45,1.02,21.0,0.36,1.77,20,6,1,evening,4117.0,,
2025-03-09 20:10:50,1.16,13.0,0.25,1.56,20,6,1,evening,305.0,,
2025-03-09 20:23:39,0.78,6.0,0.08,0.94,20,6,1,evening,769.0,kitchen_faucet,
2025-03-09 20:24:46,0.49,32.0,0.26,0.94,20,6,1,evening,67.0,,
2025-03-09 20:25:04,1.57,3.0,0.08,0.94,20,6,1,evening,18.0,kitchen_faucet,
2025-03-09 20:38:45,1.61,12.0,0.32,1.98,20,6,1,evening,821.0,,
2025-03-09 21:06:03,0.83,5.0,0.07,0.83,21,6,1,evening,1638.0,kitchen_faucet,
2025-03-09 21:21:40,0.91,100.0,1.51,1.46,21,6,1,evening,937.0,,
2025-03-09 21:29:30,0.04,293.0,0.19,0.94,21,6,1,evening,470.0,,
2025-03-09 21:58:51,0.94,34.0,0.53,1.35,21,6,1,evening,1761.0,,
2025-03-09 22:05:11,0.91,93.0,1.41,1.36,22,6,1,evening,380.0,,
2025-03-09 23:37:47,0.01,5416.0,1.03,2.5,23,6,1,evening,5556.0,,
2025-03-09 23:43:16,1.62,9.0,0.24,1.98,23,6,1,evening,329.0,kitchen_faucet,
2025-03-09 23:52:30,0.02,154.0,0.04,0.52,23,6,1,evening,554.0,,
2025-03-10 00:00:17,0.54,24.0,0.22,0.94,0,0,0,night,467.0,,
2025-03-10 00:14:07,1.56,57.0,1.48,1.98,0,0,0,night,830.0,,
2025-03-10 01:10:07,1.54,22.0,0.57,1.97,1,0,0,night,3360.0,,
2025-03-10 07:25:17,0.0,1697.0,0.04,0.0,7,0,0,morning,22510.0,,
2025-03-10 07:38:00,1.53,16.0,0.41,1.87,7,0,0,morning,763.0,,
2025-03-10 07:38:39,0.85,8.0,0.11,1.14,7,0,0,morning,39.0,kitchen_faucet,
2025-03-10 08:03:39,1.36,50.0,1.13,2.49,8,0,0,morning,1500.0,,
2025-03-10 08:05:23,0.95,11.0,0.17,1.36,8,0,0,morning,104.0,,
2025-03-10 08:32:42,0.78,323.0,4.2,3.55,8,0,0,morning,1639.0,,
2025-03-10 08:45:58,0.01,697.0,0.08,0.94,8,0,0,morning,796.0,,
2025-03-10 08:48:31,1.91,3.0,0.1,1.14,8,0,0,morning,153.0,kitchen_faucet,
2025-03-10 08:51:10,1.41,135.0,3.17,2.71,8,0,0,morning,159.0,,
2025-03-10 08:55:11,0.08,82.0,0.1,0.94,8,0,0,morning,241.0,,
2025-03-10 09:07:05,2.04,31.0,1.05,2.49,9,0,0,morning,714.0,,
2025-03-10 09:08:44,1.51,18.0,0.45,1.87,9,0,0,morning,99.0,,
2025-03-10 09:48:01,0.0,888.0,0.04,0.0,9,0,0,morning,2357.0,,
2025-03-10 10:11:24,0.0,672.0,0.04,0.0,10,0,0,morning,1403.0,,
2025-03-10 10:17:42,0.01,293.0,0.04,0.0,10,0,0,morning,378.0,,
2025-03-10 10:27:09,0.24,73.0,0.29,2.91,10,0,0,morning,567.0,,
2025-03-10 10:31:55,0.94,5.0,0.08,0.94,10,0,0,morning,286.0,kitchen_faucet,
2025-03-10 10:39:47,0.6,13.0,0.13,1.04,10,0,0,morning,472.0,,
2025-03-10 10:40:52,2.26,30.0,1.13,3.03,10,0,0,morning,65.0,,
2025-03-10 13:41:45,0.7,6.0,0.07,0.83,13,0,0,afternoon,10853.0,kitchen_faucet,
2025-03-10 14:44:32,0.78,4.0,0.05,0.63,14,0,0,afternoon,3767.0,kitchen_faucet,
2025-03-10 14:44:45,0.78,4.0,0.05,0.63,14,0,0,afternoon,13.0,kitchen_faucet,
2025-03-10 14:47:37,1.53,43.0,1.1,1.88,14,0,0,afternoon,172.0,,
2025-03-10 14:52:11,1.7,8.0,0.23,1.88,14,0,0,afternoon,274.0,kitchen_faucet,
2025-03-10 14:57:51,1.5,8.0,0.2,1.67,14,0,0,afternoon,340.0,kitchen_faucet,
2025-03-10 14:58:38,1.67,5.0,0.14,1.67,14,0,0,afternoon,47.0,kitchen_faucet,
2025-03-10 15:07:23,1.62,10.0,0.27,1.98,15,0,0,afternoon,525.0,,
2025-03-10 15:08:14,1.52,12.0,0.3,1.88,15,0,0,afternoon,51.0,,
2025-03-10 15:08:47,1.15,10.0,0.19,1.57,15,0,0,afternoon,33.0,,
2025-03-10 15:09:54,1.53,15.0,0.38,1.98,15,0,0,afternoon,67.0,,
2025-03-10 15:10:19,0.99,10.0,0.17,1.46,15,0,0,afternoon,25.0,,
2025-03-10 15:11:23,1.37,35.0,0.8,1.88,15,0,0,afternoon,64.0,,
2025-03-10 15:17:29,1.46,35.0,0.85,1.57,15,0,0,afternoon,366.0,,
2025-03-10 15:20:59,1.83,4.0,0.12,1.46,15,0,0,afternoon,210.0,kitchen_faucet,
2025-03-10 15:34:41,1.83,2.0,0.06,0.73,15,0,0,afternoon,822.0,kitchen_faucet,
2025-03-10 15:38:11,1.49,21.0,0.52,1.98,15,0,0,afternoon,210.0,,
2025-03-10 15:41:02,2.09,2.0,0.07,0.83,15,0,0,afternoon,171.0,kitchen_faucet,
2025-03-10 15:42:51,1.3,6.0,0.13,1.46,15,0,0,afternoon,109.0,kitchen_faucet,
2025-03-10 15:49:11,1.57,23.0,0.6,1.98,15,0,0,afternoon,380.0,,
2025-03-10 15:50:28,1.55,49.0,1.27,1.98,15,0,0,afternoon,77.0,,WC
2025-03-10 15:52:20,0.55,20.0,0.18,0.94,15,0,0,afternoon,112.0,,
2025-03-10 15:53:06,0.55,21.0,0.19,0.94,15,0,0,afternoon,46.0,,
2025-03-10 15:54:24,1.47,17.0,0.42,1.88,15,0,0,afternoon,78.0,,
2025-03-10 16:02:16,2.61,2.0,0.09,1.04,16,0,0,afternoon,472.0,kitchen_faucet,
2025-03-10 16:02:34,1.45,9.0,0.22,1.88,16,0,0,afternoon,18.0,kitchen_faucet,
2025-03-10 16:03:51,2.09,2.0,0.07,0.83,16,0,0,afternoon,77.0,kitchen_faucet,
2025-03-10 16:22:58,2.21,35.0,1.29,2.71,16,0,0,afternoon,1147.0,,WC
2025-03-10 16:30:19,1.67,5.0,0.14,1.67,16,0,0,afternoon,441.0,kitchen_faucet,
2025-03-10 17:29:46,0.0,2938.0,0.1,0.94,17,0,0,afternoon,3567.0,,
2025-03-10 18:01:36,1.57,2.0,0.05,0.63,18,0,0,evening,1910.0,kitchen_faucet,
2025-03-10 19:58:07,0.44,13.0,0.1,0.83,19,0,0,evening,6991.0,,
2025-03-10 20:15:12,2.95,491.0,24.17,3.76,20,0,0,evening,1025.0,,shower
2025-03-10 20:21:27,1.3,331.0,7.17,2.19,20,0,0,evening,375.0,,
2025-03-10 20:27:22,0.01,227.0,0.04,0.52,20,0,0,evening,355.0,,
2025-03-10 20:29:03,2.1,34.0,1.19,2.5,20,0,0,evening,101.0,,
2025-03-10 20:34:26,0.01,182.0,0.04,0.52,20,0,0,evening,323.0,,
2025-03-10 21:40:28,0.0,3806.0,0.09,1.04,21,0,0,evening,3962.0,,
2025-03-10 22:40:24,2.01,35.0,1.17,2.5,22,0,0,evening,3596.0,,
2025-03-10 22:59:40,1.01,17.0,0.29,1.46,22,0,0,evening,1156.0,,
2025-03-11 03:49:37,0.0,4656.0,0.04,0.52,3,1,0,night,17397.0,,
2025-03-11 07:53:50,0.01,210.0,0.04,0.52,7,1,0,morning,14653.0,,
2025-03-11 08:05:10,0.14,537.0,1.23,3.23,8,1,0,morning,680.0,,
2025-03-11 08:06:32,1.47,38.0,0.93,1.88,8,1,0,morning,82.0,,
2025-03-11 08:09:52,1.74,3.0,0.09,1.04,8,1,0,morning,200.0,kitchen_faucet,
2025-03-11 08:18:52,1.41,20.0,0.47,1.88,8,1,0,morning,540.0,,
2025-03-11 08:21:27,1.43,39.0,0.93,1.88,8,1,0,morning,155.0,,
2025-03-11 08:27:22,1.22,3.0,0.06,0.73,8,1,0,morning,355.0,kitchen_faucet,
2025-03-11 08:31:53,1.57,10.0,0.26,1.98,8,1,0,morning,271.0,,
2025-03-11 08:32:06,1.25,5.0,0.1,1.25,8,1,0,morning,13.0,kitchen_faucet,
2025-03-11 08:33:47,1.57,3.0,0.08,0.94,8,1,0,morning,101.0,kitchen_faucet,
2025-03-11 08:37:03,1.19,11.0,0.22,1.57,8,1,0,morning,196.0,,
2025-03-11 08:40:45,0.03,92.0,0.04,0.52,8,1,0,morning,222.0,,
2025-03-11 08:40:59,2.09,2.0,0.07,0.83,8,1,0,morning,14.0,kitchen_faucet,
2025-03-11 08:44:24,1.76,156.0,4.57,3.44,8,1,0,morning,205.0,,
2025-03-11 08:45:25,1.57,3.0,0.08,0.94,8,1,0,morning,61.0,kitchen_faucet,
2025-03-11 08:49:19,0.93,14.0,0.22,1.98,8,1,0,morning,234.0,,
2025-03-11 08:54:43,1.61,12.0,0.32,1.98,8,1,0,morning,324.0,,
2025-03-11 08:55:53,1.3,2.0,0.04,0.52,8,1,0,morning,70.0,kitchen_faucet,
2025-03-11 08:59:41,1.58,163.0,4.3,3.76,8,1,0,morning,228.0,,
2025-03-11 09:02:32,2.17,30.0,1.09,2.61,9,1,0,morning,171.0,,
2025-03-11 09:05:50,1.57,110.0,2.87,2.82,9,1,0,morning,198.0,,
2025-03-11 09:11:46,1.97,35.0,1.15,2.5,9,1,0,morning,356.0,,
2025-03-11 09:12:24,1.47,27.0,0.66,1.88,9,1,0,morning,38.0,,
2025-03-11 10:01:52,0.0,1278.0,0.04,0.52,10,1,0,morning,2968.0,,
2025-03-11 10:33:18,0.0,1162.0,0.04,0.52,10,1,0,morning,1886.0,,
2025-03-11 13:09:14,0.0,8794.0,0.04,0.52,13,1,0,afternoon,9356.0,,
2025-03-11 14:45:53,0.0,5674.0,0.04,0.52,14,1,0,afternoon,5799.0,,
2025-03-11 15:44:33,0.05,57.0,0.04,0.52,15,1,0,afternoon,3520.0,,
2025-03-11 16:18:33,0.01,842.0,0.13,1.46,16,1,0,afternoon,2040.0,,
2025-03-11 16:21:08,1.42,43.0,1.02,1.88,16,1,0,afternoon,155.0,,
2025-03-11 16:29:55,0.78,4.0,0.05,0.63,16,1,0,afternoon,527.0,kitchen_faucet,
2025-03-11 16:35:22,1.62,19.0,0.51,1.98,16,1,0,afternoon,327.0,,
2025-03-11 16:42:18,0.78,8.0,0.1,1.15,16,1,0,afternoon,416.0,kitchen_faucet,
2025-03-11 16:45:04,0.16,156.0,0.43,1.77,16,1,0,afternoon,166.0,,
2025-03-11 16:46:30,1.57,30.0,0.78,1.98,16,1,0,afternoon,86.0,,
2025-03-11 16:49:19,1.54,41.0,1.05,1.88,16,1,0,afternoon,169.0,,
2025-03-11 16:50:36,1.74,3.0,0.09,1.04,16,1,0,afternoon,77.0,kitchen_faucet,
2025-03-11 18:22:09,0.01,1198.0,0.15,1.25,18,1,0,evening,5493.0,,
2025-03-11 19:14:27,2.61,1.0,0.04,0.52,19,1,0,evening,3138.0,kitchen_faucet,
2025-03-11 19:15:04,2.61,1.0,0.04,0.52,19,1,0,evening,37.0,kitchen_faucet,
2025-03-11 19:17:04,0.78,4.0,0.05,0.63,19,1,0,evening,120.0,kitchen_faucet,
2025-03-11 19:17:36,1.25,5.0,0.1,1.25,19,1,0,evening,32.0,kitchen_faucet,
2025-03-11 19:32:54,0.32,370.0,1.95,2.19,19,1,0,evening,918.0,,
2025-03-11 20:13:33,2.45,30.0,1.23,3.13,20,1,0,evening,2439.0,,WC
2025-03-11 20:19:50,0.56,15.0,0.14,0.94,20,1,0,evening,377.0,,
2025-03-11 20:28:19,0.55,19.0,0.17,0.94,20,1,0,evening,509.0,,
2025-03-11 22:53:25,1.57,12.0,0.31,1.98,22,1,0,evening,8706.0,,
2025-03-11 22:53:58,0.99,27.0,0.44,1.98,22,1,0,evening,33.0,,
2025-03-11 22:54:37,1.44,29.0,0.7,1.88,22,1,0,evening,39.0,,
2025-03-11 22:55:02,1.34,7.0,0.16,1.77,22,1,0,evening,25.0,kitchen_faucet,
2025-03-11 22:58:57,1.71,29.0,0.83,1.88,22,1,0,evening,235.0,,
2025-03-11 23:00:44,1.94,47.0,1.52,2.3,23,1,0,evening,107.0,,WC
2025-03-11 23:16:21,0.74,550.0,6.75,3.13,23,1,0,evening,937.0,,
2025-03-11 23:17:54,1.98,5.0,0.17,1.98,23,1,0,evening,93.0,kitchen_faucet,
2025-03-11 23:19:36,1.76,92.0,2.7,2.4,23,1,0,evening,102.0,,
2025-03-11 23:19:52,1.3,6.0,0.13,1.57,23,1,0,evening,16.0,kitchen_faucet,
2025-03-11 23:23:41,1.43,8.0,0.19,1.88,23,1,0,evening,229.0,kitchen_faucet,
2025-03-11 23:24:23,1.7,4.0,0.11,1.36,23,1,0,evening,42.0,kitchen_faucet,
2025-03-11 23:27:29,1.16,131.0,2.53,1.98,23,1,0,evening,186.0,,
2025-03-11 23:33:53,1.57,4.0,0.1,1.25,23,1,0,evening,384.0,kitchen_faucet,
2025-03-11 23:37:37,0.54,23.0,0.21,0.94,23,1,0,evening,224.0,,
2025-03-12 00:04:00,0.94,34.0,0.53,1.36,0,2,0,night,1583.0,,
2025-03-12 00:10:20,0.9,94.0,1.41,1.36,0,2,0,night,380.0,,
2025-03-12 00:13:53,0.02,149.0,0.04,0.52,0,2,0,night,213.0,,
2025-03-12 07:35:55,0.12,3357.0,6.55,3.65,7,2,0,morning,26522.0,,
2025-03-12 07:48:20,0.01,659.0,0.1,1.25,7,2,0,morning,745.0,,
2025-03-12 07:50:43,1.64,7.0,0.19,1.98,7,2,0,morning,143.0,kitchen_faucet,
2025-03-12 07:50:57,1.57,6.0,0.16,1.77,7,2,0,morning,14.0,kitchen_faucet,
2025-03-12 07:52:24,1.77,5.0,0.15,1.77,7,2,0,morning,87.0,kitchen_faucet,
2025-03-12 07:53:57,1.7,32.0,0.9,2.09,7,2,0,morning,93.0,,
2025-03-12 07:54:33,1.57,26.0,0.68,2.09,7,2,0,morning,36.0,,
2025-03-12 07:54:48,1.64,7.0,0.19,1.88,7,2,0,morning,15.0,kitchen_faucet,
2025-03-12 07:55:35,1.36,23.0,0.52,1.77,7,2,0,morning,47.0,,
2025-03-12 07:56:53,1.67,5.0,0.14,1.67,7,2,0,morning,78.0,kitchen_faucet,
2025-03-12 07:57:42,1.5,15.0,0.37,1.88,7,2,0,morning,49.0,,
2025-03-12 08:03:29,0.02,338.0,0.12,1.46,8,2,0,morning,347.0,,
2025-03-12 08:05:46,1.04,5.0,0.09,1.04,8,2,0,morning,137.0,kitchen_faucet,
2025-03-12 08:13:28,0.55,17.0,0.16,0.94,8,2,0,morning,462.0,,
2025-03-12 08:14:32,0.64,9.0,0.1,0.94,8,2,0,morning,64.0,kitchen_faucet,
2025-03-12 08:32:34,2.0,38.0,1.27,2.5,8,2,0,morning,1082.0,,WC
2025-03-12 08:34:43,1.11,8.0,0.15,1.36,8,2,0,morning,129.0,kitchen_faucet,
2025-03-12 08:39:23,2.03,268.0,9.07,3.13,8,2,0,morning,280.0,,shower
2025-03-12 08:45:08,0.01,188.0,0.04,0.52,8,2,0,morning,345.0,,
2025-03-12 12:48:17,0.0,10194.0,0.04,0.52,12,2,0,afternoon,14589.0,,
2025-03-12 15:24:11,0.0,3168.0,0.23,1.98,15,2,0,afternoon,9354.0,,
2025-03-12 15:32:07,0.01,318.0,0.07,0.83,15,2,0,afternoon,476.0,,
2025-03-12 15:34:28,1.5,8.0,0.2,1.77,15,2,0,afternoon,141.0,kitchen_faucet,
2025-03-12 15:35:45,2.61,1.0,0.04,0.52,15,2,0,afternoon,77.0,kitchen_faucet,
2025-03-12 15:43:08,0.65,8.0,0.09,0.94,15,2,0,afternoon,443.0,kitchen_faucet,
2025-03-12 15:47:12,1.7,8.0,0.23,1.98,15,2,0,afternoon,244.0,kitchen_faucet,
2025-03-12 15:47:56,1.49,21.0,0.52,1.88,15,2,0,afternoon,44.0,,
2025-03-12 15:48:40,1.83,4.0,0.12,1.46,15,2,0,afternoon,44.0,kitchen_faucet,
2025-03-12 16:56:20,1.61,12.0,0.32,1.88,16,2,0,afternoon,4060.0,,
2025-03-12 17:00:15,1.15,5.0,0.1,1.15,17,2,0,afternoon,235.0,kitchen_faucet,
2025-03-12 17:02:01,1.02,22.0,0.37,1.15,17,2,0,afternoon,106.0,,
2025-03-12 17:11:47,0.05,146.0,0.12,1.46,17,2,0,afternoon,586.0,,
2025-03-12 17:12:30,3.13,1.0,0.05,0.63,17,2,0,afternoon,43.0,kitchen_faucet,
2025-03-12 17:12:44,1.74,3.0,0.09,1.04,17,2,0,afternoon,14.0,kitchen_faucet,
2025-03-12 17:17:10,1.52,11.0,0.28,1.67,17,2,0,afternoon,266.0,,
2025-03-12 21:21:09,1.83,2.0,0.06,0.73,21,2,0,evening,14639.0,kitchen_faucet,
2025-03-12 22:09:42,1.59,21.0,0.56,1.98,22,2,0,evening,2913.0,,
2025-03-12 22:11:09,0.54,24.0,0.22,0.94,22,2,0,evening,87.0,,
2025-03-12 22:15:13,0.52,22.0,0.19,0.94,22,2,0,evening,244.0,,
2025-03-12 22:16:32,0.83,25.0,0.35,1.25,22,2,0,evening,79.0,,
2025-03-12 23:14:44,0.01,289.0,0.04,0.52,23,2,0,evening,3492.0,,
2025-03-12 23:45:58,0.02,154.0,0.05,0.63,23,2,0,evening,1874.0,,
2025-03-13 07:06:31,2.0,35.0,1.17,2.5,7,3,0,morning,26433.0,,
2025-03-13 07:10:15,0.13,156.0,0.34,1.88,7,3,0,morning,224.0,,
2025-03-13 07:14:40,0.6,13.0,0.13,0.94,7,3,0,morning,265.0,,
2025-03-13 07:15:36,0.55,19.0,0.17,0.94,7,3,0,morning,56.0,,
2025-03-13 07:19:01,2.61,1.0,0.04,0.52,7,3,0,morning,205.0,kitchen_faucet,
2025-03-13 07:22:41,1.3,2.0,0.04,0.52,7,3,0,morning,220.0,kitchen_faucet,
2025-03-13 07:27:04,1.42,7.0,0.17,1.77,7,3,0,morning,263.0,kitchen_faucet,
2025-03-13 07:31:42,1.49,29.0,0.72,1.88,7,3,0,morning,278.0,,
2025-03-13 07:43:59,1.22,3.0,0.06,0.73,7,3,0,morning,737.0,kitchen_faucet,
2025-03-13 07:44:11,1.57,6.0,0.16,1.77,7,3,0,morning,12.0,kitchen_faucet,
2025-03-13 07:45:29,1.57,3.0,0.08,0.94,7,3,0,morning,78.0,kitchen_faucet,
2025-03-13 07:45:55,0.96,19.0,0.3,1.36,7,3,0,morning,26.0,,
2025-03-13 07:47:26,0.05,50.0,0.04,0.52,7,3,0,morning,91.0,,
2025-03-13 07:51:48,0.18,116.0,0.36,1.25,7,3,0,morning,262.0,,
2025-03-13 07:53:11,1.37,19.0,0.43,2.09,7,3,0,morning,83.0,,
2025-03-13 08:03:18,1.48,58.0,1.43,1.88,8,3,0,morning,607.0,,
2025-03-13 08:04:24,1.58,37.0,0.97,1.98,8,3,0,morning,66.0,,
2025-03-13 08:04:40,1.57,4.0,0.1,1.25,8,3,0,morning,16.0,kitchen_faucet,
2025-03-13 08:14:59,1.12,565.0,10.53,4.07,8,3,0,morning,619.0,,
2025-03-13 08:39:21,2.02,53.0,1.78,2.61,8,3,0,morning,1462.0,,
2025-03-13 08:41:26,0.08,111.0,0.16,1.57,8,3,0,morning,125.0,,
2025-03-13 08:44:28,1.58,155.0,4.08,3.23,8,3,0,morning,182.0,,
2025-03-13 09:51:07,0.0,3900.0,0.04,0.52,9,3,0,morning,3999.0,,
2025-03-13 14:11:55,0.0,4486.0,0.04,0.52,14,3,0,afternoon,15648.0,,
2025-03-13 16:24:37,1.39,29.0,0.67,1.88,16,3,0,afternoon,7962.0,,
2025-03-13 16:25:47,0.81,9.0,0.12,1.15,16,3,0,afternoon,70.0,kitchen_faucet,
2025-03-13 16:30:14,1.49,59.0,1.46,1.88,16,3,0,afternoon,267.0,,
2025-03-13 16:30:56,1.62,9.0,0.24,1.98,16,3,0,afternoon,42.0,kitchen_faucet,
2025-03-13 16:31:20,1.3,4.0,0.09,1.04,16,3,0,afternoon,24.0,kitchen_faucet,
2025-03-13 16:31:43,1.57,7.0,0.18,1.88,16,3,0,afternoon,23.0,kitchen_faucet,
2025-03-13 16:33:42,1.33,84.0,1.86,1.77,16,3,0,afternoon,119.0,,
2025-03-13 16:38:53,1.27,7.0,0.15,1.67,16,3,0,afternoon,311.0,kitchen_faucet,
2025-03-13 16:49:35,1.63,8.0,0.22,1.88,16,3,0,afternoon,642.0,kitchen_faucet,
2025-03-13 16:52:38,1.57,6.0,0.16,1.77,16,3,0,afternoon,183.0,kitchen_faucet,
2025-03-13 16:56:46,1.48,18.0,0.44,1.88,16,3,0,afternoon,248.0,,
2025-03-13 17:00:23,1.74,3.0,0.09,1.04,17,3,0,afternoon,217.0,kitchen_faucet,
2025-03-13 17:24:22,1.5,23.0,0.57,1.88,17,3,0,afternoon,1439.0,,
2025-03-13 17:24:53,1.45,14.0,0.34,1.88,17,3,0,afternoon,31.0,,
2025-03-13 18:07:55,3.02,43.0,2.17,3.76,18,3,0,evening,2582.0,,
2025-03-13 18:11:28,1.3,104.0,2.26,1.46,18,3,0,evening,213.0,,
2025-03-13 18:14:21,0.88,91.0,1.34,3.44,18,3,0,evening,173.0,,
2025-03-13 18:28:27,0.04,743.0,0.53,1.88,18,3,0,evening,846.0,,
2025-03-13 18:31:12,1.49,14.0,0.35,1.98,18,3,0,evening,165.0,,
2025-03-13 18:31:48,1.53,15.0,0.38,1.88,18,3,0,evening,36.0,,
2025-03-13 18:32:03,1.39,6.0,0.14,1.57,18,3,0,evening,15.0,kitchen_faucet,
2025-03-13 18:32:19,1.83,4.0,0.12,1.46,18,3,0,evening,16.0,kitchen_faucet,
2025-03-13 18:34:18,1.51,19.0,0.48,1.88,18,3,0,evening,119.0,,
2025-03-13 18:42:39,0.67,7.0,0.08,0.94,18,3,0,evening,501.0,kitchen_faucet,
2025-03-13 18:43:17,0.52,18.0,0.16,0.94,18,3,0,evening,38.0,,
2025-03-13 18:47:19,1.91,3.0,0.1,1.15,18,3,0,evening,242.0,kitchen_faucet,
2025-03-13 19:50:40,2.43,30.0,1.22,3.13,19,3,0,evening,3801.0,,WC
2025-03-13 20:02:01,1.3,8.0,0.17,1.67,20,3,0,evening,681.0,kitchen_faucet,
2025-03-13 20:03:14,2.14,38.0,1.36,2.92,20,3,0,evening,73.0,,WC
2025-03-13 20:05:59,0.55,17.0,0.16,0.94,20,3,0,evening,165.0,,
2025-03-13 20:21:01,1.25,5.0,0.1,1.25,20,3,0,evening,902.0,kitchen_faucet,
2025-03-13 22:02:16,1.9,227.0,7.19,2.3,22,3,0,evening,6075.0,,shower
2025-03-13 22:15:00,0.01,615.0,0.15,1.77,22,3,0,evening,764.0,,
2025-03-13 22:15:39,1.63,15.0,0.41,1.88,22,3,0,evening,39.0,,
2025-03-13 22:16:54,2.09,2.0,0.07,0.83,22,3,0,evening,75.0,kitchen_faucet,
2025-03-13 22:17:45,1.48,37.0,0.91,1.98,22,3,0,evening,51.0,,
2025-03-13 22:18:09,1.6,16.0,0.43,2.09,22,3,0,evening,24.0,,
2025-03-13 22:18:52,1.36,20.0,0.45,1.77,22,3,0,evening,43.0,,
2025-03-13 22:20:46,1.41,10.0,0.23,1.77,22,3,0,evening,114.0,,
2025-03-13 22:26:35,1.57,5.0,0.13,1.57,22,3,0,evening,349.0,kitchen_faucet,
2025-03-13 22:29:21,3.65,1.0,0.06,0.73,22,3,0,evening,166.0,kitchen_faucet,
2025-03-13 22:30:53,1.64,7.0,0.19,1.88,22,3,0,evening,92.0,kitchen_faucet,
2025-03-13 22:58:04,0.55,18.0,0.17,0.94,22,3,0,evening,1631.0,,
2025-03-13 22:59:35,0.56,14.0,0.13,0.94,22,3,0,evening,91.0,,
2025-03-13 23:02:36,0.83,5.0,0.07,0.83,23,3,0,evening,181.0,kitchen_faucet,
2025-03-14 00:09:24,2.24,30.0,1.12,2.71,0,4,0,night,4008.0,,
2025-03-14 00:12:31,0.91,97.0,1.47,1.36,0,4,0,night,187.0,,
2025-03-14 00:47:21,0.0,1849.0,0.04,0.52,0,4,0,night,2090.0,,
2025-03-14 00:51:06,0.92,34.0,0.52,1.36,0,4,0,night,225.0,,
2025-03-14 00:57:26,0.91,93.0,1.41,1.36,0,4,0,night,380.0,,
2025-03-14 07:33:00,0.0,23509.0,0.12,1.36,7,4,0,morning,23734.0,,
2025-03-14 07:35:00,0.97,40.0,0.64,1.46,7,4,0,morning,120.0,,
2025-03-14 07:40:52,1.25,5.0,0.1,1.25,7,4,0,morning,352.0,kitchen_faucet,
2025-03-14 07:49:23,1.71,7.0,0.2,1.88,7,4,0,morning,511.0,kitchen_faucet,
2025-03-14 07:53:34,1.57,6.0,0.16,1.88,7,4,0,morning,251.0,kitchen_faucet,
2025-03-14 07:54:04,1.65,6.0,0.17,1.88,7,4,0,morning,30.0,kitchen_faucet,
2025-03-14 08:03:30,2.12,33.0,1.17,2.61,8,4,0,morning,566.0,,
2025-03-14 08:09:38,1.96,202.0,6.61,2.82,8,4,0,morning,368.0,,shower
2025-03-14 08:24:55,0.01,761.0,0.07,0.83,8,4,0,morning,917.0,,
2025-03-14 08:26:20,1.06,32.0,0.57,1.67,8,4,0,morning,85.0,,
2025-03-14 08:31:52,1.3,6.0,0.13,1.46,8,4,0,morning,332.0,kitchen_faucet,
2025-03-14 08:33:30,0.18,85.0,0.26,0.94,8,4,0,morning,98.0,,
2025-03-14 08:41:44,1.93,205.0,6.59,3.44,8,4,0,morning,494.0,,shower
2025-03-14 09:06:02,0.0,1368.0,0.04,0.52,9,4,0,morning,1458.0,,
2025-03-14 11:41:45,0.0,8467.0,0.04,0.52,11,4,0,morning,9343.0,,
2025-03-14 15:04:10,0.0,12093.0,0.04,0.52,15,4,0,afternoon,12145.0,,
2025-03-14 15:44:24,0.04,385.0,0.23,1.67,15,4,0,afternoon,2414.0,,
2025-03-14 17:03:42,1.53,14.0,0.36,1.88,17,4,0,afternoon,4758.0,,
2025-03-14 17:37:33,2.12,55.0,1.95,2.71,17,4,0,afternoon,2031.0,,
2025-03-14 18:52:43,2.95,62.0,3.04,3.55,18,4,0,evening,4510.0,,
2025-03-14 19:01:09,0.02,408.0,0.11,1.36,19,4,0,evening,506.0,,
2025-03-14 19:17:58,3.03,35.0,1.77,3.34,19,4,0,evening,1009.0,,
2025-03-14 19:43:33,0.01,1348.0,0.3,1.88,19,4,0,evening,1535.0,,
2025-03-14 19:54:21,1.49,7.0,0.17,1.88,19,4,0,evening,648.0,kitchen_faucet,
2025-03-14 19:57:08,2.14,30.0,1.07,2.82,19,4,0,evening,167.0,,
2025-03-14 22:24:19,0.38,15.0,0.1,0.94,22,4,0,evening,8831.0,,
2025-03-14 22:52:07,0.67,7.0,0.08,0.94,22,4,0,evening,1668.0,kitchen_faucet,
2025-03-14 23:03:04,1.22,3.0,0.06,0.73,23,4,0,evening,657.0,kitchen_faucet,
2025-03-14 23:07:11,2.23,29.0,1.08,2.71,23,4,0,evening,247.0,,
2025-03-14 23:29:18,0.01,938.0,0.17,0.94,23,4,0,evening,1327.0,,
2025-03-15 07:22:08,0.0,25693.0,0.04,0.52,7,5,1,morning,28370.0,,
2025-03-15 08:20:55,0.01,174.0,0.04,0.52,8,5,1,morning,3527.0,,
2025-03-15 08:27:44,0.01,293.0,0.04,0.52,8,5,1,morning,409.0,,
2025-03-15 09:09:42,1.88,36.0,1.13,2.4,9,5,1,morning,2518.0,,
2025-03-15 09:11:15,2.61,2.0,0.09,1.04,9,5,1,morning,93.0,kitchen_faucet,
2025-03-15 09:11:33,1.64,7.0,0.19,1.98,9,5,1,morning,18.0,kitchen_faucet,
2025-03-15 09:13:25,1.21,43.0,0.87,1.67,9,5,1,morning,112.0,,
2025-03-15 09:15:26,1.13,52.0,0.98,1.57,9,5,1,morning,121.0,,
2025-03-15 09:16:17,1.11,24.0,0.44,1.77,9,5,1,morning,51.0,,
2025-03-15 09:16:41,1.04,10.0,0.17,1.46,9,5,1,morning,24.0,,
2025-03-15 09:16:55,1.48,6.0,0.15,1.67,9,5,1,morning,14.0,kitchen_faucet,
2025-03-15 09:17:13,0.9,11.0,0.17,1.15,9,5,1,morning,18.0,,
2025-03-15 09:17:19,2.61,1.0,0.04,0.52,9,5,1,morning,6.0,kitchen_faucet,
2025-03-15 09:17:32,1.22,3.0,0.06,0.73,9,5,1,morning,13.0,kitchen_faucet,
2025-03-15 09:17:49,1.17,8.0,0.16,1.46,9,5,1,morning,17.0,kitchen_faucet,
2025-03-15 09:18:16,1.48,13.0,0.32,1.88,9,5,1,morning,27.0,,
2025-03-15 09:19:15,0.75,9.0,0.11,1.04,9,5,1,morning,59.0,kitchen_faucet,
2025-03-15 09:22:27,0.5,20.0,0.17,0.94,9,5,1,morning,192.0,,
2025-03-15 09:29:28,0.06,407.0,0.4,2.09,9,5,1,morning,421.0,,
2025-03-15 09:31:09,1.68,9.0,0.25,1.98,9,5,1,morning,101.0,kitchen_faucet,
2025-03-15 09:40:45,1.64,7.0,0.19,1.98,9,5,1,morning,576.0,kitchen_faucet,
2025-03-15 09:56:19,1.45,47.0,1.14,1.88,9,5,1,morning,934.0,,
2025-03-15 10:03:45,2.09,96.0,3.35,2.92,10,5,1,morning,446.0,,
2025-03-15 10:07:06,2.23,29.0,1.08,2.61,10,5,1,morning,201.0,,
2025-03-15 10:14:25,0.02,155.0,0.04,0.52,10,5,1,morning,439.0,,
2025-03-15 10:18:13,1.65,24.0,0.66,2.5,10,5,1,morning,228.0,,
2025-03-15 10:25:26,1.53,15.0,0.38,1.98,10,5,1,morning,433.0,,
2025-03-15 10:25:34,1.57,2.0,0.05,0.63,10,5,1,morning,8.0,kitchen_faucet,
2025-03-15 10:31:23,0.55,17.0,0.16,0.94,10,5,1,morning,349.0,,
2025-03-15 10:39:19,1.8,290.0,8.7,3.55,10,5,1,morning,476.0,,shower
2025-03-15 10:47:49,0.07,350.0,0.38,1.98,10,5,1,morning,510.0,,
2025-03-15 10:50:57,0.73,5.0,0.06,0.73,10,5,1,morning,188.0,kitchen_faucet,
2025-03-15 13:40:35,0.01,6424.0,1.16,2.71,13,5,1,afternoon,10178.0,,
2025-03-15 14:21:04,1.85,153.0,4.71,2.5,14,5,1,afternoon,2429.0,,shower
2025-03-15 14:57:36,0.01,2095.0,0.4,1.98,14,5,1,afternoon,2192.0,,
2025-03-15 15:10:42,1.68,32.0,0.9,2.09,15,5,1,afternoon,786.0,,
2025-03-15 15:13:03,2.61,2.0,0.09,1.04,15,5,1,afternoon,141.0,kitchen_faucet,
2025-03-15 15:20:34,1.62,9.0,0.24,1.98,15,5,1,afternoon,451.0,kitchen_faucet,
2025-03-15 15:44:45,1.64,14.0,0.38,1.98,15,5,1,afternoon,1451.0,,
2025-03-15 15:46:13,1.53,47.0,1.2,1.98,15,5,1,afternoon,88.0,,WC
2025-03-15 15:47:39,1.5,48.0,1.2,1.88,15,5,1,afternoon,86.0,,WC
2025-03-15 15:48:05,1.57,13.0,0.34,1.98,15,5,1,afternoon,26.0,,
2025-03-15 15:56:45,0.01,480.0,0.04,0.52,15,5,1,afternoon,520.0,,
2025-03-15 17:28:15,0.01,5339.0,0.89,1.88,17,5,1,afternoon,5490.0,,
2025-03-15 17:29:07,2.25,29.0,1.09,2.82,17,5,1,afternoon,52.0,,
2025-03-15 17:31:08,1.86,114.0,3.53,2.4,17,5,1,afternoon,121.0,,
2025-03-15 17:32:22,1.79,14.0,0.42,2.09,17,5,1,afternoon,74.0,,
2025-03-15 17:33:27,1.63,17.0,0.46,1.98,17,5,1,afternoon,65.0,,
2025-03-15 17:41:45,0.02,383.0,0.13,0.83,17,5,1,afternoon,498.0,,
2025-03-15 17:43:24,1.57,16.0,0.42,1.88,17,5,1,afternoon,99.0,,
2025-03-15 17:43:48,1.38,14.0,0.32,1.77,17,5,1,afternoon,24.0,,
2025-03-15 17:48:08,0.65,8.0,0.09,0.94,17,5,1,afternoon,260.0,kitchen_faucet,
2025-03-15 17:50:15,1.6,114.0,3.04,2.3,17,5,1,afternoon,127.0,,
2025-03-15 17:50:30,1.3,6.0,0.13,1.57,17,5,1,afternoon,15.0,kitchen_faucet,
2025-03-15 17:51:18,1.71,28.0,0.8,2.19,17,5,1,afternoon,48.0,,
2025-03-15 17:52:31,1.9,17.0,0.54,2.3,17,5,1,afternoon,73.0,,
2025-03-15 17:54:55,0.55,19.0,0.17,0.94,17,5,1,afternoon,144.0,,
2025-03-15 17:57:33,1.11,59.0,1.09,1.57,17,5,1,afternoon,158.0,,
2025-03-15 22:54:51,0.05,2401.0,1.83,2.3,22,5,1,evening,17838.0,,
2025-03-15 23:05:29,2.12,29.0,1.03,2.5,23,5,1,evening,638.0,,
2025-03-15 23:39:03,0.59,15.0,0.15,0.94,23,5,1,evening,2014.0,,
2025-03-16 08:45:56,0.0,31267.0,1.12,2.19,8,6,1,morning,32813.0,,
2025-03-16 08:57:33,0.63,10.0,0.1,0.94,8,6,1,morning,697.0,,
2025-03-16 08:57:50,0.87,3.0,0.04,0.52,8,6,1,morning,17.0,kitchen_faucet,
2025-03-16 09:20:19,0.09,790.0,1.15,2.5,9,6,1,morning,1349.0,,
2025-03-16 09:22:06,1.13,6.0,0.11,1.36,9,6,1,morning,107.0,kitchen_faucet,
2025-03-16 09:34:58,1.99,34.0,1.13,2.5,9,6,1,morning,772.0,,
2025-03-16 09:36:10,1.7,4.0,0.11,1.36,9,6,1,morning,72.0,kitchen_faucet,
2025-03-16 09:37:21,1.41,30.0,0.7,1.88,9,6,1,morning,71.0,,
2025-03-16 10:31:22,1.48,6.0,0.15,1.77,10,6,1,morning,3241.0,kitchen_faucet,
2025-03-16 10:33:43,1.15,5.0,0.1,1.15,10,6,1,morning,141.0,kitchen_faucet,
2025-03-16 10:34:47,1.51,10.0,0.25,1.77,10,6,1,morning,64.0,,
2025-03-16 10:40:48,0.01,178.0,0.04,0.52,10,6,1,morning,361.0,,
2025-03-16 10:41:31,1.24,8.0,0.17,1.77,10,6,1,morning,43.0,kitchen_faucet,
2025-03-16 10:53:40,0.8,647.0,8.64,3.34,10,6,1,morning,729.0,,
2025-03-16 11:06:35,1.35,525.0,11.78,2.71,11,6,1,morning,775.0,,
2025-03-16 13:10:29,0.0,7319.0,0.04,0.52,13,6,1,afternoon,7434.0,,
2025-03-16 20:38:52,0.0,24951.0,0.08,0.94,20,6,1,evening,26903.0,,
2025-03-16 20:40:33,2.27,29.0,1.1,2.71,20,6,1,evening,101.0,,
2025-03-16 20:42:11,0.87,3.0,0.04,0.52,20,6,1,evening,98.0,kitchen_faucet,
2025-03-16 20:44:53,1.17,4.0,0.08,0.94,20,6,1,evening,162.0,kitchen_faucet,
2025-03-16 21:23:18,0.05,133.0,0.1,1.15,21,6,1,evening,2305.0,,
2025-03-16 22:06:56,0.0,2502.0,0.1,1.15,22,6,1,evening,2618.0,,
2025-03-16 22:08:26,1.38,57.0,1.31,1.88,22,6,1,evening,90.0,,
2025-03-16 22:08:52,1.91,3.0,0.1,1.15,22,6,1,evening,26.0,kitchen_faucet,
2025-03-16 22:11:05,1.32,99.0,2.18,2.19,22,6,1,evening,133.0,,
2025-03-16 22:14:40,0.35,31.0,0.18,1.88,22,6,1,evening,215.0,,
2025-03-16 22:15:26,2.35,2.0,0.08,0.94,22,6,1,evening,46.0,kitchen_faucet,
2025-03-16 22:16:20,1.96,4.0,0.13,1.57,22,6,1,evening,54.0,kitchen_faucet,
2025-03-16 22:18:55,1.04,9.0,0.16,1.36,22,6,1,evening,155.0,kitchen_faucet,
2025-03-16 22:19:34,1.11,8.0,0.15,1.36,22,6,1,evening,39.0,kitchen_faucet,
2025-03-16 22:20:15,1.04,9.0,0.16,1.36,22,6,1,evening,41.0,kitchen_faucet,
2025-03-16 22:20:54,1.11,8.0,0.15,1.36,22,6,1,evening,39.0,kitchen_faucet,
2025-03-16 22:59:40,0.94,34.0,0.53,1.36,22,6,1,evening,2326.0,,
2025-03-16 23:06:00,0.91,93.0,1.41,1.36,23,6,1,evening,380.0,,
2025-03-17 01:29:24,0.0,8446.0,0.19,0.94,1,0,0,night,8604.0,,
2025-03-17 01:57:30,0.26,12.0,0.05,0.63,1,0,0,night,1686.0,,
2025-03-17 06:55:44,0.0,17578.0,1.15,2.4,6,0,0,morning,17894.0,,
2025-03-17 07:00:22,2.35,2.0,0.08,0.94,7,0,0,morning,278.0,kitchen_faucet,
2025-03-17 07:04:23,0.73,5.0,0.06,0.73,7,0,0,morning,241.0,kitchen_faucet,
2025-03-17 07:27:01,1.43,221.0,5.26,3.55,7,0,0,morning,1358.0,,
2025-03-17 07:31:16,0.37,131.0,0.82,1.98,7,0,0,morning,255.0,,
2025-03-17 07:40:32,1.57,5.0,0.13,1.57,7,0,0,morning,556.0,kitchen_faucet,
2025-03-17 07:45:00,1.95,49.0,1.59,2.19,7,0,0,morning,268.0,,WC
2025-03-17 07:46:58,1.22,6.0,0.12,1.46,7,0,0,morning,118.0,kitchen_faucet,
2025-03-17 07:49:42,1.13,6.0,0.11,1.25,7,0,0,morning,164.0,kitchen_faucet,
2025-03-17 10:10:30,0.0,4423.0,0.04,0.52,10,0,0,morning,8448.0,,
2025-03-17 10:33:36,1.98,35.0,1.16,2.4,10,0,0,morning,1386.0,,
2025-03-17 10:35:20,0.78,4.0,0.05,0.63,10,0,0,morning,104.0,kitchen_faucet,
2025-03-17 10:36:06,0.61,12.0,0.12,0.94,10,0,0,morning,46.0,,
2025-03-17 10:38:09,1.59,20.0,0.53,1.98,10,0,0,morning,123.0,,
2025-03-17 12:25:59,2.35,4.0,0.16,1.88,12,0,0,afternoon,6470.0,kitchen_faucet,
2025-03-17 12:26:48,2.19,36.0,1.31,2.71,12,0,0,afternoon,49.0,,WC
2025-03-17 12:30:02,1.63,170.0,4.63,3.97,12,0,0,afternoon,194.0,,
2025-03-17 12:34:51,0.4,170.0,1.14,1.88,12,0,0,afternoon,289.0,,
2025-03-17 12:35:41,1.35,42.0,0.95,1.77,12,0,0,afternoon,50.0,,
2025-03-17 12:37:54,1.57,16.0,0.42,1.77,12,0,0,afternoon,133.0,,
2025-03-17 12:45:55,0.52,25.0,0.22,0.94,12,0,0,afternoon,481.0,,
2025-03-17 12:47:11,1.67,5.0,0.14,1.57,12,0,0,afternoon,76.0,kitchen_faucet,
2025-03-17 13:47:55,1.64,7.0,0.19,1.88,13,0,0,afternoon,3644.0,kitchen_faucet,
2025-03-17 13:55:03,1.68,9.0,0.25,1.88,13,0,0,afternoon,428.0,kitchen_faucet,
2025-03-17 13:56:12,1.37,8.0,0.18,1.57,13,0,0,afternoon,69.0,kitchen_faucet,
2025-03-17 13:56:38,1.64,7.0,0.19,1.88,13,0,0,afternoon,26.0,kitchen_faucet,
2025-03-17 13:59:21,1.11,24.0,0.44,1.46,13,0,0,afternoon,163.0,,
2025-03-17 14:15:43,1.7,8.0,0.23,1.88,14,0,0,afternoon,982.0,kitchen_faucet,
2025-03-17 14:45:06,1.42,18.0,0.43,1.88,14,0,0,afternoon,1763.0,,
2025-03-17 14:45:34,1.3,6.0,0.13,1.46,14,0,0,afternoon,28.0,kitchen_faucet,
2025-03-17 14:46:44,1.51,35.0,0.88,1.98,14,0,0,afternoon,70.0,,
2025-03-17 14:47:29,1.46,26.0,0.63,1.88,14,0,0,afternoon,45.0,,
2025-03-17 14:49:04,1.48,82.0,2.03,1.88,14,0,0,afternoon,95.0,,
2025-03-17 14:49:24,1.51,10.0,0.25,1.98,14,0,0,afternoon,20.0,,
2025-03-17 14:49:49,1.74,15.0,0.43,1.98,14,0,0,afternoon,25.0,,
2025-03-17 14:50:08,0.68,10.0,0.11,1.36,14,0,0,afternoon,19.0,,
2025-03-17 14:51:10,1.63,8.0,0.22,1.88,14,0,0,afternoon,62.0,kitchen_faucet,
2025-03-17 14:51:39,0.22,21.0,0.08,0.94,14,0,0,afternoon,29.0,,
2025-03-17 16:09:09,1.36,13.0,0.3,1.67,16,0,0,afternoon,4650.0,,
2025-03-17 16:11:24,2.04,34.0,1.16,2.5,16,0,0,afternoon,135.0,,
2025-03-17 19:33:28,2.09,2.0,0.07,0.83,19,0,0,evening,12124.0,kitchen_faucet,
2025-03-17 19:56:15,1.97,36.0,1.18,2.19,19,0,0,evening,1367.0,,
2025-03-17 20:09:25,0.18,151.0,0.45,1.04,20,0,0,evening,790.0,,
2025-03-17 21:19:37,0.94,10.0,0.16,1.25,21,0,0,evening,4212.0,,
2025-03-17 21:20:37,0.96,6.0,0.1,1.15,21,0,0,evening,60.0,kitchen_faucet,
2025-03-17 22:46:45,0.22,217.0,0.81,1.77,22,0,0,evening,5168.0,,
2025-03-17 22:47:31,1.57,6.0,0.16,1.77,22,0,0,evening,46.0,kitchen_faucet,
2025-03-17 22:47:45,1.7,8.0,0.23,1.98,22,0,0,evening,14.0,kitchen_faucet,
2025-03-17 22:48:34,1.64,7.0,0.19,1.88,22,0,0,evening,49.0,kitchen_faucet,
2025-03-17 22:49:39,0.54,23.0,0.21,0.94,22,0,0,evening,65.0,,
2025-03-17 22:50:05,0.55,17.0,0.16,0.94,22,0,0,evening,26.0,,
2025-03-17 22:51:06,1.74,6.0,0.17,1.88,22,0,0,evening,61.0,kitchen_faucet,
2025-03-17 22:51:33,1.57,9.0,0.23,1.88,22,0,0,evening,27.0,kitchen_faucet,
2025-03-17 22:52:05,0.7,6.0,0.07,0.83,22,0,0,evening,32.0,kitchen_faucet,
2025-03-17 22:52:25,0.63,10.0,0.1,0.94,22,0,0,evening,20.0,,
2025-03-18 03:05:34,0.0,12037.0,0.04,0.52,3,1,0,night,15189.0,,
2025-03-18 06:24:59,0.01,11644.0,1.19,2.5,6,1,0,morning,11965.0,,
2025-03-18 06:38:15,1.96,4.0,0.13,1.57,6,1,0,morning,796.0,kitchen_faucet,
2025-03-18 06:40:34,1.45,14.0,0.34,1.77,6,1,0,morning,139.0,,
2025-03-18 06:49:12,0.64,9.0,0.1,0.94,6,1,0,morning,518.0,kitchen_faucet,
2025-03-18 06:51:54,1.13,12.0,0.23,1.88,6,1,0,morning,162.0,,
2025-03-18 06:52:07,0.78,6.0,0.08,0.94,6,1,0,morning,13.0,kitchen_faucet,
2025-03-18 06:52:31,1.28,9.0,0.19,1.67,6,1,0,morning,24.0,kitchen_faucet,
2025-03-18 06:56:27,1.7,4.0,0.11,1.36,6,1,0,morning,236.0,kitchen_faucet,
2025-03-18 06:57:55,0.6,14.0,0.14,0.94,6,1,0,morning,88.0,,
2025-03-18 07:05:23,1.74,3.0,0.09,1.04,7,1,0,morning,448.0,kitchen_faucet,
2025-03-18 07:24:18,2.31,30.0,1.16,2.92,7,1,0,morning,1135.0,,
2025-03-18 07:26:24,1.91,38.0,1.21,2.3,7,1,0,morning,126.0,,WC
2025-03-18 07:30:07,0.98,32.0,0.52,1.36,7,1,0,morning,223.0,,
2025-03-18 07:36:26,1.04,6.0,0.1,1.25,7,1,0,morning,379.0,kitchen_faucet,
2025-03-18 07:36:46,0.96,6.0,0.1,1.15,7,1,0,morning,20.0,kitchen_faucet,
2025-03-18 07:36:54,2.61,1.0,0.04,0.52,7,1,0,morning,8.0,kitchen_faucet,
2025-03-18 07:37:33,0.63,19.0,0.2,1.04,7,1,0,morning,39.0,,
2025-03-18 07:39:51,1.83,121.0,3.69,3.34,7,1,0,morning,138.0,,
2025-03-18 07:40:39,1.43,4.0,0.1,1.15,7,1,0,morning,48.0,kitchen_faucet,
2025-03-18 07:46:38,0.71,135.0,1.6,2.3,7,1,0,morning,359.0,,
2025-03-18 07:51:10,0.78,4.0,0.05,0.63,7,1,0,morning,272.0,kitchen_faucet,
2025-03-18 07:53:53,1.57,24.0,0.63,1.88,7,1,0,morning,163.0,,
2025-03-18 13:29:42,0.01,10696.0,1.2,2.61,13,1,0,afternoon,20149.0,,
2025-03-18 15:44:14,1.71,7.0,0.2,1.88,15,1,0,afternoon,8072.0,kitchen_faucet,
2025-03-18 15:46:45,1.48,26.0,0.64,1.98,15,1,0,afternoon,151.0,,
2025-03-18 15:51:16,0.26,158.0,0.68,1.77,15,1,0,afternoon,271.0,,
2025-03-18 15:51:45,1.57,4.0,0.1,1.25,15,1,0,afternoon,29.0,kitchen_faucet,
2025-03-18 15:53:03,1.77,10.0,0.3,2.09,15,1,0,afternoon,78.0,,
2025-03-18 15:53:56,1.51,18.0,0.45,1.88,15,1,0,afternoon,53.0,,
2025-03-18 16:12:05,1.91,3.0,0.1,1.15,16,1,0,afternoon,1089.0,kitchen_faucet,
2025-03-18 16:28:35,0.7,6.0,0.07,0.83,16,1,0,afternoon,990.0,kitchen_faucet,
2025-03-18 16:31:04,1.58,29.0,0.77,1.88,16,1,0,afternoon,149.0,,
2025-03-18 16:33:36,1.76,8.0,0.23,1.98,16,1,0,afternoon,152.0,kitchen_faucet,
2025-03-18 16:34:17,1.6,14.0,0.37,1.98,16,1,0,afternoon,41.0,,
2025-03-18 16:35:20,1.63,17.0,0.46,1.98,16,1,0,afternoon,63.0,,
2025-03-18 16:35:59,1.43,8.0,0.19,2.19,16,1,0,afternoon,39.0,kitchen_faucet,
2025-03-18 16:36:20,1.57,9.0,0.23,1.88,16,1,0,afternoon,21.0,kitchen_faucet,
2025-03-18 16:36:48,1.39,6.0,0.14,1.57,16,1,0,afternoon,28.0,kitchen_faucet,
2025-03-18 16:37:18,1.57,6.0,0.16,1.77,16,1,0,afternoon,30.0,kitchen_faucet,
2025-03-18 16:37:56,1.54,22.0,0.57,2.09,16,1,0,afternoon,38.0,,
2025-03-18 16:38:17,1.69,13.0,0.37,1.98,16,1,0,afternoon,21.0,,
2025-03-18 16:39:14,1.64,22.0,0.6,1.98,16,1,0,afternoon,57.0,,
2025-03-18 16:39:50,1.53,16.0,0.41,2.09,16,1,0,afternoon,36.0,,
2025-03-18 16:40:34,1.57,6.0,0.16,1.77,16,1,0,afternoon,44.0,kitchen_faucet,
2025-03-18 16:40:56,1.39,6.0,0.14,1.57,16,1,0,afternoon,22.0,kitchen_faucet,
2025-03-18 16:42:10,1.53,16.0,0.41,1.98,16,1,0,afternoon,74.0,,
2025-03-18 16:45:30,1.45,14.0,0.34,1.88,16,1,0,afternoon,200.0,,
2025-03-18 16:45:41,0.65,4.0,0.04,0.52,16,1,0,afternoon,11.0,kitchen_faucet,
2025-03-18 16:47:02,1.83,6.0,0.18,1.98,16,1,0,afternoon,81.0,kitchen_faucet,
2025-03-18 16:48:53,1.55,31.0,0.8,1.88,16,1,0,afternoon,111.0,,
2025-03-18 17:18:36,2.35,2.0,0.08,0.94,17,1,0,afternoon,1783.0,kitchen_faucet,
2025-03-18 17:20:08,2.04,34.0,1.16,2.3,17,1,0,afternoon,92.0,,
2025-03-18 17:21:50,1.52,12.0,0.3,1.98,17,1,0,afternoon,102.0,,
2025-03-18 17:37:50,1.57,4.0,0.1,1.25,17,1,0,afternoon,960.0,kitchen_faucet,
2025-03-18 17:38:28,0.54,25.0,0.23,0.94,17,1,0,afternoon,38.0,,
2025-03-18 19:17:51,0.01,2440.0,0.57,2.4,19,1,0,evening,5963.0,,
2025-03-18 19:57:12,0.52,5.0,0.04,0.52,19,1,0,evening,2361.0,kitchen_faucet,
2025-03-18 19:58:52,2.98,43.0,2.14,3.44,19,1,0,evening,100.0,,
2025-03-18 20:00:33,0.6,34.0,0.34,1.04,20,1,0,evening,101.0,,
2025-03-18 20:04:19,1.26,192.0,4.04,2.09,20,1,0,evening,226.0,,
2025-03-18 20:04:54,1.57,8.0,0.21,2.09,20,1,0,evening,35.0,kitchen_faucet,
2025-03-18 20:37:12,2.98,25.0,1.24,3.44,20,1,0,evening,1938.0,,WC
2025-03-18 20:48:24,0.35,484.0,2.81,1.57,20,1,0,evening,672.0,,
2025-03-18 21:55:44,1.17,4.0,0.08,0.94,21,1,0,evening,4040.0,kitchen_faucet,
2025-03-18 23:43:30,0.0,3675.0,0.15,0.94,23,1,0,evening,6466.0,,
2025-03-19 07:06:48,0.01,2968.0,0.41,1.77,7,2,0,morning,26598.0,,
2025-03-19 07:09:34,1.53,13.0,0.33,1.88,7,2,0,morning,166.0,,
2025-03-19 07:11:55,1.63,8.0,0.22,1.88,7,2,0,morning,141.0,kitchen_faucet,
2025-03-19 07:34:33,1.98,34.0,1.12,2.71,7,2,0,morning,1358.0,,
2025-03-19 07:37:18,1.63,147.0,4.0,3.76,7,2,0,morning,165.0,,
2025-03-19 07:40:00,0.34,96.0,0.55,1.98,7,2,0,morning,162.0,,
2025-03-19 07:49:47,0.04,162.0,0.11,1.04,7,2,0,morning,587.0,,
2025-03-19 07:53:31,1.5,24.0,0.6,1.88,7,2,0,morning,224.0,,
2025-03-19 08:05:45,1.69,198.0,5.59,3.44,8,2,0,morning,734.0,,
2025-03-19 08:06:11,0.78,4.0,0.05,0.63,8,2,0,morning,26.0,kitchen_faucet,
2025-03-19 08:06:51,1.83,2.0,0.06,0.73,8,2,0,morning,40.0,kitchen_faucet,
2025-03-19 08:08:28,1.72,10.0,0.29,1.98,8,2,0,morning,97.0,,
2025-03-19 14:08:40,0.01,1447.0,0.22,1.15,14,2,0,afternoon,21612.0,,
2025-03-19 14:09:49,2.49,31.0,1.29,3.03,14,2,0,afternoon,69.0,,WC
2025-03-19 16:46:26,1.49,7.0,0.17,1.88,16,2,0,afternoon,9397.0,kitchen_faucet,
2025-03-19 16:50:02,1.48,19.0,0.47,1.88,16,2,0,afternoon,216.0,,
2025-03-19 16:50:56,1.91,3.0,0.1,1.15,16,2,0,afternoon,54.0,kitchen_faucet,
2025-03-19 16:51:20,1.53,15.0,0.38,1.88,16,2,0,afternoon,24.0,,
2025-03-19 16:52:38,1.49,58.0,1.44,1.98,16,2,0,afternoon,78.0,,
2025-03-19 16:53:10,1.49,21.0,0.52,1.98,16,2,0,afternoon,32.0,,
2025-03-19 16:53:51,1.19,22.0,0.43,1.46,16,2,0,afternoon,41.0,,
2025-03-19 16:54:15,0.96,12.0,0.19,1.25,16,2,0,afternoon,24.0,,
2025-03-19 16:54:37,1.72,10.0,0.29,2.09,16,2,0,afternoon,22.0,,
2025-03-19 16:55:05,2.26,3.0,0.11,1.36,16,2,0,afternoon,28.0,kitchen_faucet,
2025-03-19 16:56:15,1.53,41.0,1.04,1.88,16,2,0,afternoon,70.0,,
2025-03-19 16:56:32,1.48,6.0,0.15,1.77,16,2,0,afternoon,17.0,kitchen_faucet,
2025-03-19 16:57:24,1.96,4.0,0.13,1.57,16,2,0,afternoon,52.0,kitchen_faucet,
2025-03-19 16:58:36,2.09,3.0,0.1,1.25,16,2,0,afternoon,72.0,kitchen_faucet,
2025-03-19 17:03:29,0.05,102.0,0.09,1.04,17,2,0,afternoon,293.0,,
2025-03-19 17:04:03,1.77,5.0,0.15,1.77,17,2,0,afternoon,34.0,kitchen_faucet,
2025-03-19 17:04:19,2.35,2.0,0.08,0.94,17,2,0,afternoon,16.0,kitchen_faucet,
2025-03-19 17:04:36,1.48,6.0,0.15,1.77,17,2,0,afternoon,17.0,kitchen_faucet,
2025-03-19 17:15:28,0.64,9.0,0.1,0.94,17,2,0,afternoon,652.0,kitchen_faucet,
2025-03-19 17:23:36,1.57,9.0,0.23,1.88,17,2,0,afternoon,488.0,kitchen_faucet,
2025-03-19 17:27:20,1.51,46.0,1.16,1.98,17,2,0,afternoon,224.0,,
2025-03-19 17:27:37,1.57,11.0,0.29,1.98,17,2,0,afternoon,17.0,,
2025-03-19 17:30:55,0.19,71.0,0.23,0.94,17,2,0,afternoon,198.0,,
2025-03-19 19:12:49,3.06,45.0,2.3,3.65,19,2,0,evening,6114.0,,
2025-03-19 19:14:10,1.25,56.0,1.17,2.09,19,2,0,evening,81.0,,
2025-03-19 19:34:41,0.31,868.0,4.43,3.44,19,2,0,evening,1231.0,,
2025-03-19 19:36:23,2.09,21.0,0.73,2.5,19,2,0,evening,102.0,,
2025-03-19 19:40:55,0.01,258.0,0.04,0.52,19,2,0,evening,272.0,,
2025-03-19 20:10:08,0.85,19.0,0.27,1.25,20,2,0,evening,1753.0,,
2025-03-19 20:13:43,0.9,99.0,1.49,1.36,20,2,0,evening,215.0,,
2025-03-19 20:48:25,0.94,34.0,0.53,1.36,20,2,0,evening,2082.0,,
2025-03-19 20:54:46,0.9,94.0,1.42,1.36,20,2,0,evening,381.0,,
2025-03-19 22:12:14,0.0,4027.0,0.22,1.88,22,2,0,evening,4648.0,,
2025-03-19 22:18:21,1.65,30.0,0.83,1.98,22,2,0,evening,367.0,,
2025-03-19 22:20:52,1.86,91.0,2.83,2.19,22,2,0,evening,151.0,,
2025-03-19 22:22:18,1.83,18.0,0.55,2.4,22,2,0,evening,86.0,,
2025-03-19 22:40:01,0.01,884.0,0.19,2.19,22,2,0,evening,1063.0,,
2025-03-19 22:41:40,1.75,89.0,2.59,2.19,22,2,0,evening,99.0,,
2025-03-19 22:41:55,1.3,6.0,0.13,1.57,22,2,0,evening,15.0,kitchen_faucet,
2025-03-19 22:42:58,1.8,24.0,0.72,2.3,22,2,0,evening,63.0,,
2025-03-19 22:48:36,1.11,59.0,1.1,1.57,22,2,0,evening,338.0,,
2025-03-19 22:59:02,1.65,30.0,0.83,1.88,22,2,0,evening,626.0,,
2025-03-19 23:01:25,1.88,84.0,2.63,2.3,23,2,0,evening,143.0,,
2025-03-19 23:02:31,1.89,16.0,0.5,2.4,23,2,0,evening,66.0,,
2025-03-19 23:19:04,2.48,4.0,0.17,1.98,23,2,0,evening,993.0,kitchen_faucet,
2025-03-19 23:20:54,1.71,99.0,2.83,2.09,23,2,0,evening,110.0,,
2025-03-19 23:21:10,1.3,6.0,0.13,1.57,23,2,0,evening,16.0,kitchen_faucet,
2025-03-19 23:22:51,1.76,21.0,0.62,2.19,23,2,0,evening,101.0,,
2025-03-19 23:28:06,1.11,59.0,1.09,1.57,23,2,0,evening,315.0,,
2025-03-20 04:39:50,0.0,18267.0,0.04,0.52,4,3,0,night,18704.0,,
2025-03-20 05:38:47,0.0,1625.0,0.04,0.52,5,3,0,night,3537.0,,
2025-03-20 06:26:25,0.0,2315.0,0.06,0.73,6,3,0,morning,2858.0,,
2025-03-20 07:05:26,0.92,72.0,1.1,2.09,7,3,0,morning,2341.0,,
2025-03-20 07:07:16,1.54,35.0,0.9,1.88,7,3,0,morning,110.0,,
2025-03-20 07:08:32,1.54,40.0,1.03,1.98,7,3,0,morning,76.0,,
2025-03-20 07:11:07,1.67,5.0,0.14,1.67,7,3,0,morning,155.0,kitchen_faucet,
2025-03-20 07:12:14,1.61,13.0,0.35,1.88,7,3,0,morning,67.0,,
2025-03-20 07:13:00,0.54,26.0,0.23,0.94,7,3,0,morning,46.0,,
2025-03-20 07:13:37,0.55,20.0,0.18,0.94,7,3,0,morning,37.0,,
2025-03-20 07:14:53,0.55,19.0,0.17,0.94,7,3,0,morning,76.0,,
2025-03-20 07:22:39,1.61,13.0,0.35,2.09,7,3,0,morning,466.0,,
2025-03-20 07:23:29,1.46,35.0,0.85,1.77,7,3,0,morning,50.0,,
2025-03-20 07:29:24,0.41,204.0,1.41,1.98,7,3,0,morning,355.0,,
2025-03-20 07:31:31,2.61,2.0,0.09,1.04,7,3,0,morning,127.0,kitchen_faucet,
2025-03-20 07:31:57,2.61,1.0,0.04,0.52,7,3,0,morning,26.0,kitchen_faucet,
2025-03-20 07:39:27,1.57,3.0,0.08,0.94,7,3,0,morning,450.0,kitchen_faucet,
2025-03-20 07:39:42,0.87,3.0,0.04,0.52,7,3,0,morning,15.0,kitchen_faucet,
2025-03-20 07:40:39,1.02,26.0,0.44,1.46,7,3,0,morning,57.0,,
2025-03-20 07:46:43,0.04,177.0,0.12,1.36,7,3,0,morning,364.0,,
2025-03-20 07:48:16,1.47,17.0,0.42,1.88,7,3,0,morning,93.0,,
2025-03-20 07:48:26,1.22,3.0,0.06,0.73,7,3,0,morning,10.0,kitchen_faucet,
2025-03-20 07:50:58,1.52,22.0,0.56,1.98,7,3,0,morning,152.0,,
2025-03-20 08:02:21,0.75,23.0,0.29,1.88,8,3,0,morning,683.0,,
2025-03-20 08:09:33,2.21,70.0,2.58,2.61,8,3,0,morning,432.0,,
2025-03-20 09:06:54,0.0,2357.0,0.04,0.52,9,3,0,morning,3441.0,,
2025-03-20 09:08:07,1.78,51.0,1.51,2.09,9,3,0,morning,73.0,,
2025-03-20 09:13:18,1.67,290.0,8.07,3.55,9,3,0,morning,311.0,,
2025-03-20 09:30:02,0.02,833.0,0.24,1.98,9,3,0,morning,1004.0,,
2025-03-20 12:39:02,1.88,38.0,1.19,2.5,12,3,0,afternoon,11340.0,,
2025-03-20 12:44:19,1.39,275.0,6.37,3.23,12,3,0,afternoon,317.0,,
2025-03-20 13:14:07,0.08,641.0,0.84,1.88,13,3,0,afternoon,1788.0,,
2025-03-20 13:16:50,1.89,102.0,3.21,2.19,13,3,0,afternoon,163.0,,
2025-03-20 13:17:07,1.88,5.0,0.16,1.88,13,3,0,afternoon,17.0,kitchen_faucet,
2025-03-20 13:17:46,1.98,5.0,0.17,1.88,13,3,0,afternoon,39.0,kitchen_faucet,
2025-03-20 13:18:51,1.84,15.0,0.46,2.3,13,3,0,afternoon,65.0,,
2025-03-20 13:34:41,0.01,811.0,0.18,2.19,13,3,0,afternoon,950.0,,
2025-03-20 13:36:46,1.19,7.0,0.14,1.57,13,3,0,afternoon,125.0,kitchen_faucet,
2025-03-20 13:37:31,1.81,26.0,0.78,2.19,13,3,0,afternoon,45.0,,
2025-03-20 13:38:28,1.87,17.0,0.53,2.3,13,3,0,afternoon,57.0,,
2025-03-20 13:43:47,1.1,59.0,1.08,1.57,13,3,0,afternoon,319.0,,
2025-03-20 14:09:14,0.52,6.0,0.05,0.63,14,3,0,afternoon,1527.0,kitchen_faucet,
2025-03-20 14:10:14,2.03,19.0,0.64,2.5,14,3,0,afternoon,60.0,,
2025-03-20 14:10:36,2.43,12.0,0.49,2.82,14,3,0,afternoon,22.0,,
2025-03-20 14:11:22,1.7,12.0,0.34,2.3,14,3,0,afternoon,46.0,,
2025-03-20 14:13:11,1.35,49.0,1.1,2.71,14,3,0,afternoon,109.0,,
2025-03-20 14:15:31,1.65,30.0,0.83,1.88,14,3,0,afternoon,140.0,,
2025-03-20 14:17:38,1.92,67.0,2.15,2.19,14,3,0,afternoon,127.0,,
2025-03-20 14:21:37,0.1,102.0,0.17,1.98,14,3,0,afternoon,239.0,,
2025-03-20 14:32:13,1.63,25.0,0.68,2.82,14,3,0,afternoon,636.0,,
2025-03-20 14:34:50,1.98,5.0,0.17,1.98,14,3,0,afternoon,157.0,kitchen_faucet,
2025-03-20 14:36:39,1.76,99.0,2.9,2.19,14,3,0,afternoon,109.0,,
2025-03-20 14:36:54,1.57,5.0,0.13,1.57,14,3,0,afternoon,15.0,kitchen_faucet,
2025-03-20 14:49:24,1.08,60.0,1.08,1.57,14,3,0,afternoon,750.0,,
2025-03-20 15:49:06,1.29,19.0,0.41,1.88,15,3,0,afternoon,3582.0,,
2025-03-20 15:50:04,1.4,38.0,0.89,1.77,15,3,0,afternoon,58.0,,
2025-03-20 15:50:12,2.61,1.0,0.04,0.52,15,3,0,afternoon,8.0,kitchen_faucet,
2025-03-20 15:53:11,1.42,26.0,0.62,1.77,15,3,0,afternoon,179.0,,
2025-03-20 15:53:59,1.46,10.0,0.24,1.88,15,3,0,afternoon,48.0,,
2025-03-20 15:54:25,1.63,8.0,0.22,1.88,15,3,0,afternoon,26.0,kitchen_faucet,
2025-03-20 15:55:32,1.47,43.0,1.05,1.88,15,3,0,afternoon,67.0,,
2025-03-20 15:55:53,1.51,10.0,0.25,1.88,15,3,0,afternoon,21.0,,
2025-03-20 16:08:30,0.01,640.0,0.07,0.83,16,3,0,afternoon,757.0,,
2025-03-20 17:01:54,1.31,35.0,0.77,1.67,17,3,0,afternoon,3204.0,,
2025-03-20 17:05:53,1.62,10.0,0.27,1.88,17,3,0,afternoon,239.0,,
2025-03-20 17:06:53,1.41,10.0,0.23,1.88,17,3,0,afternoon,60.0,,
2025-03-20 17:07:16,1.83,6.0,0.18,1.88,17,3,0,afternoon,23.0,kitchen_faucet,
2025-03-20 17:08:47,1.5,76.0,1.9,1.88,17,3,0,afternoon,91.0,,
2025-03-20 17:16:21,0.23,288.0,1.1,2.61,17,3,0,afternoon,454.0,,
2025-03-20 17:22:25,0.05,224.0,0.19,0.94,17,3,0,afternoon,364.0,,
2025-03-20 17:30:05,0.86,14.0,0.2,1.77,17,3,0,afternoon,460.0,,
2025-03-20 17:30:23,1.67,5.0,0.14,1.67,17,3,0,afternoon,18.0,kitchen_faucet,
2025-03-20 17:34:24,1.64,41.0,1.12,1.98,17,3,0,afternoon,241.0,,
2025-03-20 17:36:01,1.57,8.0,0.21,1.88,17,3,0,afternoon,97.0,kitchen_faucet,
2025-03-20 20:01:21,0.05,282.0,0.23,1.88,20,3,0,evening,8720.0,,
2025-03-20 20:01:45,1.47,11.0,0.27,1.88,20,3,0,evening,24.0,,
2025-03-20 20:03:33,2.39,55.0,2.19,3.34,20,3,0,evening,108.0,,
2025-03-20 20:04:47,1.36,26.0,0.59,1.88,20,3,0,evening,74.0,,
2025-03-20 20:11:01,2.55,9.0,0.38,3.65,20,3,0,evening,374.0,kitchen_faucet,
2025-03-20 20:16:30,1.83,4.0,0.12,1.46,20,3,0,evening,329.0,kitchen_faucet,
2025-03-20 20:17:21,1.49,21.0,0.52,1.88,20,3,0,evening,51.0,,
2025-03-20 20:17:34,1.96,4.0,0.13,1.57,20,3,0,evening,13.0,kitchen_faucet,
2025-03-20 20:18:35,1.62,9.0,0.24,1.88,20,3,0,evening,61.0,kitchen_faucet,
2025-03-20 20:22:08,1.51,9.0,0.23,1.88,20,3,0,evening,213.0,kitchen_faucet,
2025-03-20 20:22:29,1.77,5.0,0.15,1.77,20,3,0,evening,21.0,kitchen_faucet,
2025-03-20 20:23:34,2.61,1.0,0.04,0.52,20,3,0,evening,65.0,kitchen_faucet,
2025-03-20 20:27:27,2.87,10.0,0.48,3.76,20,3,0,evening,233.0,,
2025-03-20 21:02:25,1.36,13.0,0.3,1.77,21,3,0,evening,2098.0,,
2025-03-20 21:05:51,1.17,12.0,0.23,1.88,21,3,0,evening,206.0,,
2025-03-20 21:09:24,1.33,9.0,0.2,1.77,21,3,0,evening,213.0,kitchen_faucet,
2025-03-21 02:36:54,0.0,8501.0,0.05,0.63,2,4,0,night,19650.0,,
2025-03-21 02:57:19,0.01,616.0,0.05,0.63,2,4,0,night,1225.0,,
2025-03-21 05:59:28,0.0,7372.0,0.04,0.52,5,4,0,night,10929.0,,
2025-03-21 07:36:29,0.14,29.0,0.07,0.83,7,4,0,morning,5821.0,,
2025-03-21 07:42:20,1.96,34.0,1.11,2.4,7,4,0,morning,351.0,,
2025-03-21 07:47:09,0.59,16.0,0.16,0.94,7,4,0,morning,289.0,,
2025-03-21 07:59:44,1.12,20.0,0.37,1.88,7,4,0,morning,755.0,,
2025-03-21 08:01:21,1.83,6.0,0.18,2.09,8,4,0,morning,97.0,kitchen_faucet,
2025-03-21 08:01:43,1.3,2.0,0.04,0.52,8,4,0,morning,22.0,kitchen_faucet,
2025-03-21 08:09:10,2.35,2.0,0.08,0.94,8,4,0,morning,447.0,kitchen_faucet,
2025-03-21 08:15:48,1.73,172.0,4.96,3.55,8,4,0,morning,398.0,,
2025-03-21 08:19:05,0.4,138.0,0.91,1.88,8,4,0,morning,197.0,,
2025-03-21 08:29:08,0.02,592.0,0.23,1.98,8,4,0,morning,603.0,,
2025-03-21 08:41:13,0.74,671.0,8.33,3.34,8,4,0,morning,725.0,,
2025-03-21 09:18:41,0.03,2094.0,1.11,2.5,9,4,0,morning,2248.0,,
2025-03-21 12:44:47,0.54,23.0,0.21,0.94,12,4,0,afternoon,12366.0,,
2025-03-21 14:42:40,1.39,3.0,0.07,0.83,14,4,0,afternoon,7073.0,kitchen_faucet,
2025-03-21 14:47:23,1.04,3.0,0.05,0.63,14,4,0,afternoon,283.0,kitchen_faucet,
2025-03-21 14:49:42,1.57,7.0,0.18,1.77,14,4,0,afternoon,139.0,kitchen_faucet,
2025-03-21 14:56:26,1.48,12.0,0.3,1.88,14,4,0,afternoon,404.0,,
2025-03-21 15:40:27,0.92,98.0,1.5,1.36,15,4,0,afternoon,2641.0,,
2025-03-21 15:42:30,2.15,33.0,1.18,2.61,15,4,0,afternoon,123.0,,
2025-03-21 15:46:36,0.58,18.0,0.17,0.94,15,4,0,afternoon,246.0,,
2025-03-21 15:51:38,0.91,95.0,1.43,1.36,15,4,0,afternoon,302.0,,
2025-03-21 16:02:05,0.01,458.0,0.09,0.94,16,4,0,afternoon,627.0,,
2025-03-21 16:45:21,0.92,94.0,1.43,1.36,16,4,0,afternoon,2596.0,,
2025-03-21 16:54:55,0.91,94.0,1.43,1.36,16,4,0,afternoon,574.0,,
2025-03-21 17:00:12,0.01,200.0,0.04,0.52,17,4,0,afternoon,317.0,,
2025-03-21 23:15:06,0.2,13.0,0.04,0.52,23,4,0,evening,22494.0,,
2025-03-22 02:22:31,0.0,11228.0,0.04,0.52,2,5,1,night,11245.0,,
2025-03-22 12:32:59,0.0,1110.0,0.04,0.52,12,5,1,afternoon,36628.0,,
2025-03-22 12:41:21,0.01,380.0,0.04,0.52,12,5,1,afternoon,502.0,,
2025-03-22 15:34:34,0.0,8239.0,0.04,0.52,15,5,1,afternoon,10393.0,,
2025-03-23 04:01:33,0.0,14771.0,0.04,0.52,4,6,1,night,44819.0,,
2025-03-23 07:53:31,0.01,240.0,0.04,0.52,7,6,1,morning,13918.0,,
2025-03-23 23:18:59,0.0,40016.0,0.05,0.63,23,6,1,evening,55528.0,,
2025-03-23 23:43:32,0.24,11.0,0.04,0.52,23,6,1,evening,1473.0,,
2025-03-24 02:48:57,0.0,8622.0,0.04,0.52,2,0,0,night,11125.0,,
2025-03-24 12:07:43,0.0,11804.0,0.04,0.52,12,0,0,afternoon,33526.0,,
2025-03-24 15:05:46,0.0,1445.0,0.04,0.52,15,0,0,afternoon,10683.0,,
2025-03-24 16:11:48,0.0,3471.0,0.06,0.73,16,0,0,afternoon,3962.0,,
2025-03-24 16:25:01,1.98,52.0,1.71,2.4,16,0,0,afternoon,793.0,,
2025-03-24 16:27:43,1.67,30.0,0.83,1.88,16,0,0,afternoon,162.0,,
2025-03-24 16:30:23,1.97,100.0,3.29,2.4,16,0,0,afternoon,160.0,,
2025-03-24 16:36:02,0.01,199.0,0.04,0.52,16,0,0,afternoon,339.0,,
2025-03-24 16:45:42,1.42,7.0,0.17,1.88,16,0,0,afternoon,580.0,kitchen_faucet,
2025-03-24 16:47:27,1.74,96.0,2.79,2.3,16,0,0,afternoon,105.0,,
2025-03-24 16:47:43,1.3,6.0,0.13,1.57,16,0,0,afternoon,16.0,kitchen_faucet,
2025-03-24 16:48:46,1.68,23.0,0.64,2.09,16,0,0,afternoon,63.0,,
2025-03-24 16:54:26,1.11,59.0,1.09,1.57,16,0,0,afternoon,340.0,,
2025-03-24 16:58:03,1.94,36.0,1.17,2.5,16,0,0,afternoon,217.0,,
2025-03-24 17:10:31,3.13,1.0,0.05,0.63,17,0,0,afternoon,748.0,kitchen_faucet,
2025-03-24 17:18:36,0.55,18.0,0.17,0.94,17,0,0,afternoon,485.0,,
2025-03-24 19:41:18,2.85,45.0,2.14,3.65,19,0,0,evening,8562.0,,
2025-03-24 19:44:33,0.38,88.0,0.56,3.86,19,0,0,evening,195.0,,
2025-03-24 19:52:46,2.83,50.0,2.36,3.34,19,0,0,evening,493.0,,
2025-03-24 19:59:58,0.2,345.0,1.16,3.03,19,0,0,evening,432.0,,
2025-03-24 20:01:58,1.74,12.0,0.35,1.88,20,0,0,evening,120.0,,
2025-03-24 20:02:10,1.74,6.0,0.17,1.98,20,0,0,evening,12.0,kitchen_faucet,
2025-03-24 20:02:29,2.48,4.0,0.17,1.98,20,0,0,evening,19.0,kitchen_faucet,
2025-03-24 20:27:55,0.87,3.0,0.04,0.52,20,0,0,evening,1526.0,kitchen_faucet,
2025-03-24 21:46:42,0.93,9.0,0.14,1.15,21,0,0,evening,4727.0,kitchen_faucet,
2025-03-24 22:40:31,0.0,2497.0,0.11,1.36,22,0,0,evening,3229.0,,
2025-03-24 22:48:47,1.13,6.0,0.11,1.36,22,0,0,evening,496.0,kitchen_faucet,
2025-03-24 22:49:05,1.36,5.0,0.11,1.36,22,0,0,evening,18.0,kitchen_faucet,
2025-03-24 23:48:51,0.0,1758.0,0.04,0.52,23,0,0,evening,3586.0,,
2025-03-25 05:29:27,0.0,20096.0,0.04,0.52,5,1,0,night,20436.0,,
2025-03-25 07:25:40,0.0,6754.0,0.08,0.94,7,1,0,morning,6973.0,,
2025-03-25 07:33:50,1.42,7.0,0.17,1.67,7,1,0,morning,490.0,kitchen_faucet,
2025-03-25 07:34:52,1.45,18.0,0.43,1.88,7,1,0,morning,62.0,,
2025-03-25 07:35:56,0.55,20.0,0.18,0.94,7,1,0,morning,64.0,,
2025-03-25 07:39:25,1.44,62.0,1.49,2.09,7,1,0,morning,209.0,,
2025-03-25 07:47:28,1.67,5.0,0.14,1.67,7,1,0,morning,483.0,kitchen_faucet,
2025-03-25 07:48:44,3.13,1.0,0.05,0.63,7,1,0,morning,76.0,kitchen_faucet,
2025-03-25 07:52:41,2.09,33.0,1.15,2.5,7,1,0,morning,237.0,,
2025-03-25 07:54:15,1.44,21.0,0.5,1.98,7,1,0,morning,94.0,,
2025-03-25 08:02:39,2.35,2.0,0.08,0.94,8,1,0,morning,504.0,kitchen_faucet,
2025-03-25 08:07:46,1.45,276.0,6.69,3.55,8,1,0,morning,307.0,,
2025-03-25 08:08:46,1.3,2.0,0.04,0.52,8,1,0,morning,60.0,kitchen_faucet,
2025-03-25 08:23:36,0.09,733.0,1.12,2.5,8,1,0,morning,890.0,,
2025-03-25 08:29:36,0.59,15.0,0.15,0.94,8,1,0,morning,360.0,,
2025-03-25 08:57:33,1.79,166.0,4.94,3.55,8,1,0,morning,1677.0,,
2025-03-25 08:59:52,0.06,114.0,0.12,1.15,8,1,0,morning,139.0,,
2025-03-25 09:14:43,0.78,4.0,0.05,0.63,9,1,0,morning,891.0,kitchen_faucet,
2025-03-25 09:15:42,1.42,22.0,0.52,1.88,9,1,0,morning,59.0,,
2025-03-25 09:18:02,1.39,24.0,0.56,1.98,9,1,0,morning,140.0,,
2025-03-25 09:19:30,0.6,13.0,0.13,0.94,9,1,0,morning,88.0,,
2025-03-25 09:20:05,1.63,16.0,0.43,1.98,9,1,0,morning,35.0,,
2025-03-25 09:37:01,0.39,183.0,1.2,2.5,9,1,0,morning,1016.0,,
2025-03-25 09:37:28,1.04,5.0,0.09,1.04,9,1,0,morning,27.0,kitchen_faucet,
2025-03-25 11:19:46,0.01,4823.0,1.08,2.82,11,1,0,morning,6138.0,,
2025-03-25 11:23:11,1.66,198.0,5.48,3.65,11,1,0,morning,205.0,,
2025-03-25 12:02:23,0.01,2245.0,0.54,1.98,12,1,0,afternoon,2352.0,,
2025-03-25 12:34:03,2.07,34.0,1.17,2.61,12,1,0,afternoon,1900.0,,
2025-03-25 13:39:47,2.36,29.0,1.14,2.71,13,1,0,afternoon,3944.0,,
2025-03-25 14:20:20,2.18,29.0,1.05,2.5,14,1,0,afternoon,2433.0,,
2025-03-25 14:24:42,1.51,20.0,0.5,1.88,14,1,0,afternoon,262.0,,
2025-03-25 14:32:44,1.25,20.0,0.42,1.88,14,1,0,afternoon,482.0,,
2025-03-25 14:33:01,1.61,11.0,0.3,1.98,14,1,0,afternoon,17.0,,
2025-03-25 14:33:13,1.17,4.0,0.08,0.94,14,1,0,afternoon,12.0,kitchen_faucet,
2025-03-25 14:33:47,3.65,1.0,0.06,0.73,14,1,0,afternoon,34.0,kitchen_faucet,
2025-03-25 14:33:55,2.61,1.0,0.04,0.52,14,1,0,afternoon,8.0,kitchen_faucet,
2025-03-25 14:37:39,1.62,19.0,0.51,1.88,14,1,0,afternoon,224.0,,
2025-03-25 14:40:23,1.37,29.0,0.66,1.88,14,1,0,afternoon,164.0,,
2025-03-25 14:41:19,1.67,10.0,0.28,1.98,14,1,0,afternoon,56.0,,
2025-03-25 16:12:47,0.66,41.0,0.45,1.67,16,1,0,afternoon,5488.0,,
2025-03-25 16:16:23,2.09,34.0,1.18,2.61,16,1,0,afternoon,216.0,,
2025-03-25 16:28:51,1.54,24.0,0.62,1.98,16,1,0,afternoon,748.0,,
2025-03-25 16:44:23,0.02,752.0,0.25,1.67,16,1,0,afternoon,932.0,,
2025-03-25 16:51:22,1.51,19.0,0.48,2.09,16,1,0,afternoon,419.0,,
2025-03-25 16:55:26,1.57,7.0,0.18,1.88,16,1,0,afternoon,244.0,kitchen_faucet,
2025-03-25 17:02:25,0.96,19.0,0.3,1.36,17,1,0,afternoon,419.0,,
2025-03-25 17:02:45,1.83,2.0,0.06,0.73,17,1,0,afternoon,20.0,kitchen_faucet,
2025-03-25 17:03:23,0.3,30.0,0.15,0.73,17,1,0,afternoon,38.0,,
2025-03-25 17:07:53,0.34,26.0,0.15,0.94,17,1,0,afternoon,270.0,,
2025-03-25 19:43:02,1.92,35.0,1.12,2.4,19,1,0,evening,9309.0,,
2025-03-25 19:57:06,1.17,8.0,0.16,1.46,19,1,0,evening,844.0,kitchen_faucet,
2025-03-25 19:58:03,0.82,7.0,0.1,1.15,19,1,0,evening,57.0,kitchen_faucet,
2025-03-25 20:03:47,1.15,5.0,0.1,1.15,20,1,0,evening,344.0,kitchen_faucet,
2025-03-25 20:08:37,1.57,4.0,0.1,1.25,20,1,0,evening,290.0,kitchen_faucet,
2025-03-25 20:14:03,0.55,16.0,0.15,0.94,20,1,0,evening,326.0,,
2025-03-25 20:36:41,1.74,3.0,0.09,1.04,20,1,0,evening,1358.0,kitchen_faucet,
2025-03-25 22:02:53,3.13,1.0,0.05,0.63,22,1,0,evening,5172.0,kitchen_faucet,
2025-03-25 22:04:14,1.57,4.0,0.1,1.25,22,1,0,evening,81.0,kitchen_faucet,
2025-03-25 22:24:53,2.35,2.0,0.08,0.94,22,1,0,evening,1239.0,kitchen_faucet,
2025-03-25 23:52:50,0.01,251.0,0.05,0.63,23,1,0,evening,5277.0,,
2025-03-26 07:13:21,0.0,8064.0,0.04,0.52,7,2,0,morning,26431.0,,
2025-03-26 07:41:02,0.05,1498.0,1.18,2.5,7,2,0,morning,1661.0,,
2025-03-26 08:05:20,1.23,20.0,0.41,2.09,8,2,0,morning,1458.0,,
2025-03-26 08:06:18,1.17,32.0,0.63,1.36,8,2,0,morning,58.0,,
2025-03-26 08:08:11,1.19,7.0,0.14,1.46,8,2,0,morning,113.0,kitchen_faucet,
2025-03-26 08:24:34,0.03,100.0,0.05,0.63,8,2,0,morning,983.0,,
2025-03-26 08:28:08,1.57,5.0,0.13,1.46,8,2,0,morning,214.0,kitchen_faucet,
2025-03-26 08:30:02,0.87,3.0,0.04,0.52,8,2,0,morning,114.0,kitchen_faucet,
2025-03-26 08:31:50,1.36,10.0,0.23,1.88,8,2,0,morning,108.0,,
2025-03-26 08:32:12,1.71,7.0,0.2,1.98,8,2,0,morning,22.0,kitchen_faucet,
2025-03-26 08:32:41,1.7,4.0,0.11,1.36,8,2,0,morning,29.0,kitchen_faucet,
2025-03-26 08:33:26,0.26,24.0,0.1,0.94,8,2,0,morning,45.0,,
2025-03-26 08:35:50,1.53,13.0,0.33,1.98,8,2,0,morning,144.0,,
2025-03-26 08:36:10,1.88,5.0,0.16,1.88,8,2,0,morning,20.0,kitchen_faucet,
2025-03-26 08:44:23,1.99,58.0,1.92,2.3,8,2,0,morning,493.0,,
2025-03-26 08:49:06,1.66,188.0,5.2,3.13,8,2,0,morning,283.0,,
2025-03-26 11:18:32,0.05,8828.0,6.75,3.34,11,2,0,morning,8966.0,,
2025-03-26 11:22:03,0.27,118.0,0.52,1.98,11,2,0,morning,211.0,,
2025-03-26 12:37:41,1.3,16.0,0.35,1.88,12,2,0,afternoon,4538.0,,
2025-03-26 12:39:23,1.57,4.0,0.1,1.25,12,2,0,afternoon,102.0,kitchen_faucet,
2025-03-26 12:40:38,1.39,6.0,0.14,1.57,12,2,0,afternoon,75.0,kitchen_faucet,
2025-03-26 13:46:06,0.0,1591.0,0.08,0.83,13,2,0,afternoon,3928.0,,
2025-03-26 13:49:26,2.2,9.0,0.33,2.5,13,2,0,afternoon,200.0,kitchen_faucet,
2025-03-26 13:49:43,2.7,6.0,0.27,2.92,13,2,0,afternoon,17.0,kitchen_faucet,
2025-03-26 13:52:42,1.42,62.0,1.47,3.13,13,2,0,afternoon,179.0,,
2025-03-26 13:53:01,0.87,9.0,0.13,0.83,13,2,0,afternoon,19.0,kitchen_faucet,
2025-03-26 13:54:20,1.27,53.0,1.12,2.4,13,2,0,afternoon,79.0,,
2025-03-26 13:57:00,0.83,5.0,0.07,0.83,13,2,0,afternoon,160.0,kitchen_faucet,
2025-03-26 15:17:46,0.03,1438.0,0.72,1.88,15,2,0,afternoon,4846.0,,
2025-03-26 15:18:44,1.36,50.0,1.13,1.57,15,2,0,afternoon,58.0,,
2025-03-26 15:19:33,0.77,15.0,0.19,1.46,15,2,0,afternoon,49.0,,
2025-03-26 15:20:33,0.61,18.0,0.18,0.94,15,2,0,afternoon,60.0,,
2025-03-26 15:22:14,1.88,5.0,0.16,1.88,15,2,0,afternoon,101.0,kitchen_faucet,
2025-03-26 15:23:49,1.61,48.0,1.29,1.77,15,2,0,afternoon,95.0,,WC
2025-03-26 15:24:12,1.77,5.0,0.15,1.77,15,2,0,afternoon,23.0,kitchen_faucet,
2025-03-26 15:24:45,1.57,16.0,0.42,1.98,15,2,0,afternoon,33.0,,
2025-03-26 15:25:14,1.3,2.0,0.04,0.52,15,2,0,afternoon,29.0,kitchen_faucet,
2025-03-26 15:27:18,1.3,8.0,0.17,1.88,15,2,0,afternoon,124.0,kitchen_faucet,
2025-03-26 15:36:28,1.46,20.0,0.49,1.98,15,2,0,afternoon,550.0,,
2025-03-26 15:41:46,1.79,7.0,0.21,1.98,15,2,0,afternoon,318.0,kitchen_faucet,
2025-03-26 15:42:37,2.09,2.0,0.07,0.83,15,2,0,afternoon,51.0,kitchen_faucet,
2025-03-26 15:47:57,1.71,11.0,0.31,1.98,15,2,0,afternoon,320.0,,
2025-03-26 16:06:45,1.57,13.0,0.34,1.98,16,2,0,afternoon,1128.0,,
2025-03-26 16:51:25,1.62,9.0,0.24,1.88,16,2,0,afternoon,2680.0,kitchen_faucet,
2025-03-26 16:52:08,1.74,6.0,0.17,1.88,16,2,0,afternoon,43.0,kitchen_faucet,
2025-03-26 16:52:51,1.49,14.0,0.35,1.88,16,2,0,afternoon,43.0,,
2025-03-26 16:53:42,1.46,10.0,0.24,1.88,16,2,0,afternoon,51.0,,
2025-03-26 16:54:01,1.3,4.0,0.09,1.04,16,2,0,afternoon,19.0,kitchen_faucet,
2025-03-26 16:58:31,1.83,96.0,2.93,3.03,16,2,0,afternoon,270.0,,
2025-03-26 17:00:37,1.7,4.0,0.11,1.36,17,2,0,afternoon,126.0,kitchen_faucet,
2025-03-26 17:01:43,1.58,53.0,1.39,1.98,17,2,0,afternoon,66.0,,
2025-03-26 17:02:49,1.69,43.0,1.21,2.09,17,2,0,afternoon,66.0,,WC
2025-03-26 17:03:09,0.87,3.0,0.04,0.52,17,2,0,afternoon,20.0,kitchen_faucet,
2025-03-26 17:04:55,1.83,2.0,0.06,0.73,17,2,0,afternoon,106.0,kitchen_faucet,
2025-03-26 17:05:44,1.43,4.0,0.1,1.15,17,2,0,afternoon,49.0,kitchen_faucet,
2025-03-26 17:08:02,1.57,2.0,0.05,0.63,17,2,0,afternoon,138.0,kitchen_faucet,
2025-03-26 17:09:38,1.7,8.0,0.23,1.98,17,2,0,afternoon,96.0,kitchen_faucet,
2025-03-26 17:11:24,1.63,42.0,1.14,1.98,17,2,0,afternoon,106.0,,
2025-03-26 17:13:35,1.31,98.0,2.15,2.19,17,2,0,afternoon,131.0,,
2025-03-26 17:31:11,0.0,890.0,0.04,0.52,17,2,0,afternoon,1056.0,,
2025-03-26 17:31:41,0.55,19.0,0.17,0.94,17,2,0,afternoon,30.0,,
2025-03-26 17:44:30,0.92,34.0,0.52,1.36,17,2,0,afternoon,769.0,,
2025-03-26 17:50:50,0.91,93.0,1.41,1.36,17,2,0,afternoon,380.0,,
2025-03-26 18:13:03,0.01,1190.0,0.25,1.77,18,2,0,evening,1333.0,,
2025-03-26 18:52:35,1.42,7.0,0.17,1.77,18,2,0,evening,2372.0,kitchen_faucet,
2025-03-26 20:16:28,3.13,1.0,0.05,0.63,20,2,0,evening,5033.0,kitchen_faucet,
2025-03-26 20:17:52,1.48,44.0,1.09,1.88,20,2,0,evening,84.0,,
2025-03-26 20:30:10,1.57,2.0,0.05,0.63,20,2,0,evening,738.0,kitchen_faucet,
2025-03-26 20:33:18,1.47,16.0,0.39,1.98,20,2,0,evening,188.0,,
2025-03-26 20:33:54,2.61,1.0,0.04,0.52,20,2,0,evening,36.0,kitchen_faucet,
2025-03-26 20:43:13,1.55,40.0,1.03,1.98,20,2,0,evening,559.0,,
2025-03-26 20:43:40,1.51,10.0,0.25,1.98,20,2,0,evening,27.0,,
2025-03-26 20:50:54,0.98,24.0,0.39,1.36,20,2,0,evening,434.0,,
2025-03-26 20:52:44,1.97,57.0,1.87,2.5,20,2,0,evening,110.0,,
2025-03-26 21:42:59,1.36,5.0,0.11,1.36,21,2,0,evening,3015.0,kitchen_faucet,
2025-03-26 22:00:52,0.6,13.0,0.13,0.94,22,2,0,evening,1073.0,,
2025-03-27 07:30:58,0.0,18137.0,1.13,2.5,7,3,0,morning,34206.0,,
2025-03-27 07:40:18,1.6,14.0,0.37,2.09,7,3,0,morning,560.0,,
2025-03-27 07:50:33,0.05,139.0,0.11,1.04,7,3,0,morning,615.0,,
2025-03-27 07:52:37,2.01,39.0,1.3,2.5,7,3,0,morning,124.0,,WC
2025-03-27 08:04:21,1.45,14.0,0.34,1.88,8,3,0,morning,704.0,,
2025-03-27 08:36:53,1.06,247.0,4.36,3.76,8,3,0,morning,1952.0,,
2025-03-27 08:37:08,1.39,9.0,0.21,1.77,8,3,0,morning,15.0,kitchen_faucet,
2025-03-27 08:40:12,0.21,71.0,0.25,1.36,8,3,0,morning,184.0,,
2025-03-27 08:41:33,0.95,43.0,0.68,1.67,8,3,0,morning,81.0,,
2025-03-27 08:43:37,1.13,6.0,0.11,1.36,8,3,0,morning,124.0,kitchen_faucet,
2025-03-27 09:02:32,2.07,29.0,1.0,2.61,9,3,0,morning,1135.0,,
2025-03-27 09:04:33,0.73,5.0,0.06,0.73,9,3,0,morning,121.0,kitchen_faucet,
2025-03-27 09:04:52,0.7,6.0,0.07,0.83,9,3,0,morning,19.0,kitchen_faucet,
2025-03-27 10:11:16,1.92,61.0,1.95,2.3,10,3,0,morning,3984.0,,
2025-03-27 16:59:48,0.0,10375.0,0.16,1.88,16,3,0,afternoon,24512.0,,
2025-03-27 17:07:14,1.43,15.0,0.36,1.77,17,3,0,afternoon,446.0,,
2025-03-27 17:07:57,1.79,7.0,0.21,1.98,17,3,0,afternoon,43.0,kitchen_faucet,
2025-03-27 17:23:01,1.57,137.0,3.57,3.23,17,3,0,afternoon,904.0,,
2025-03-27 17:23:42,2.0,35.0,1.17,2.4,17,3,0,afternoon,41.0,,
2025-03-27 20:08:58,0.02,6360.0,1.77,2.3,20,3,0,evening,9916.0,,
2025-03-27 20:48:32,0.96,30.0,0.48,1.36,20,3,0,evening,2374.0,,
2025-03-27 20:50:38,2.3,29.0,1.11,2.71,20,3,0,evening,126.0,,
2025-03-27 21:49:34,0.78,10.0,0.13,1.15,21,3,0,evening,3536.0,,
2025-03-28 02:41:38,0.0,10556.0,0.04,0.52,2,4,0,night,17524.0,,
2025-03-28 07:48:51,0.0,15363.0,0.22,1.46,7,4,0,morning,18433.0,,
2025-03-28 07:52:26,1.86,35.0,1.09,2.5,7,4,0,morning,215.0,,
2025-03-28 08:00:54,0.55,19.0,0.17,0.94,8,4,0,morning,508.0,,
2025-03-28 08:02:23,0.2,52.0,0.17,0.94,8,4,0,morning,89.0,,
2025-03-28 08:04:16,1.91,3.0,0.1,1.15,8,4,0,morning,113.0,kitchen_faucet,
2025-03-28 08:05:01,1.45,27.0,0.65,1.88,8,4,0,morning,45.0,,
2025-03-28 08:06:54,1.48,31.0,0.77,1.88,8,4,0,morning,113.0,,
2025-03-28 08:22:16,0.87,3.0,0.04,0.52,8,4,0,morning,922.0,kitchen_faucet,
2025-03-28 08:25:06,1.61,11.0,0.3,2.09,8,4,0,morning,170.0,,
2025-03-28 08:26:25,1.57,12.0,0.31,1.88,8,4,0,morning,79.0,,
2025-03-28 08:26:36,1.46,5.0,0.12,1.46,8,4,0,morning,11.0,kitchen_faucet,
2025-03-28 08:31:31,1.32,199.0,4.37,1.77,8,4,0,morning,295.0,,
2025-03-28 08:34:34,1.57,10.0,0.26,1.98,8,4,0,morning,183.0,,
2025-03-28 08:34:48,2.09,2.0,0.07,0.83,8,4,0,morning,14.0,kitchen_faucet,
2025-03-28 08:40:46,0.9,11.0,0.17,1.25,8,4,0,morning,358.0,,
2025-03-28 08:42:30,1.5,17.0,0.43,1.98,8,4,0,morning,104.0,,
2025-03-28 08:45:22,0.77,21.0,0.27,1.57,8,4,0,morning,172.0,,
2025-03-28 08:48:57,1.61,11.0,0.3,1.98,8,4,0,morning,215.0,,
2025-03-28 08:59:29,1.74,6.0,0.17,1.88,8,4,0,morning,632.0,kitchen_faucet,
2025-03-28 09:00:12,1.83,2.0,0.06,0.73,9,4,0,morning,43.0,kitchen_faucet,
2025-03-28 09:01:18,1.41,48.0,1.13,1.88,9,4,0,morning,66.0,,
2025-03-28 09:06:21,1.7,4.0,0.11,1.36,9,4,0,morning,303.0,kitchen_faucet,
2025-03-28 11:05:11,2.2,31.0,1.14,2.71,11,4,0,morning,7130.0,,
2025-03-28 11:07:38,0.96,6.0,0.1,1.15,11,4,0,morning,147.0,kitchen_faucet,
2025-03-28 12:15:36,1.04,45.0,0.78,1.46,12,4,0,afternoon,4078.0,,
2025-03-28 14:48:48,0.02,1832.0,0.57,1.46,14,4,0,afternoon,9192.0,,
2025-03-28 17:11:26,2.17,33.0,1.19,2.4,17,4,0,afternoon,8558.0,,
2025-03-28 17:13:53,1.67,10.0,0.28,1.88,17,4,0,afternoon,147.0,,
2025-03-28 17:14:39,1.55,37.0,0.96,1.98,17,4,0,afternoon,46.0,,
2025-03-28 17:15:05,1.63,16.0,0.43,1.98,17,4,0,afternoon,26.0,,
2025-03-28 17:17:36,0.69,28.0,0.32,1.88,17,4,0,afternoon,151.0,,
2025-03-28 17:18:18,1.57,20.0,0.52,2.09,17,4,0,afternoon,42.0,,
2025-03-28 17:19:35,2.61,2.0,0.09,1.04,17,4,0,afternoon,77.0,kitchen_faucet,
2025-03-28 17:23:36,1.47,93.0,2.28,1.98,17,4,0,afternoon,241.0,,
2025-03-28 17:24:51,1.42,54.0,1.28,1.88,17,4,0,afternoon,75.0,,
2025-03-28 17:29:30,1.62,10.0,0.27,2.09,17,4,0,afternoon,279.0,,
2025-03-28 17:29:40,1.57,3.0,0.08,0.94,17,4,0,afternoon,10.0,kitchen_faucet,
2025-03-28 17:30:13,0.65,8.0,0.09,0.94,17,4,0,afternoon,33.0,kitchen_faucet,
2025-03-28 17:31:16,1.5,15.0,0.37,1.98,17,4,0,afternoon,63.0,,
2025-03-28 17:33:13,1.53,26.0,0.66,1.98,17,4,0,afternoon,117.0,,
2025-03-28 17:34:21,1.55,49.0,1.27,2.09,17,4,0,afternoon,68.0,,WC
2025-03-28 17:36:02,1.48,31.0,0.77,2.09,17,4,0,afternoon,101.0,,
2025-03-28 17:39:42,0.82,74.0,1.02,1.98,17,4,0,afternoon,220.0,,
2025-03-28 17:40:08,1.41,10.0,0.23,1.88,17,4,0,afternoon,26.0,,
2025-03-28 17:42:01,1.52,37.0,0.94,1.98,17,4,0,afternoon,113.0,,
2025-03-28 17:43:32,1.47,55.0,1.35,1.98,17,4,0,afternoon,91.0,,
2025-03-28 17:43:45,1.57,6.0,0.16,1.88,17,4,0,afternoon,13.0,kitchen_faucet,
2025-03-28 17:44:17,1.61,11.0,0.3,1.98,17,4,0,afternoon,32.0,,
2025-03-28 17:46:57,1.84,75.0,2.3,2.19,17,4,0,afternoon,160.0,,
2025-03-28 17:54:33,1.43,449.0,10.7,3.55,17,4,0,afternoon,456.0,,
2025-03-28 17:55:33,1.65,13.0,0.36,1.88,17,4,0,afternoon,60.0,,
2025-03-28 18:03:35,1.65,24.0,0.66,1.98,18,4,0,evening,482.0,,
2025-03-28 18:27:07,0.01,1138.0,0.1,1.15,18,4,0,evening,1412.0,,
2025-03-28 18:32:32,1.94,50.0,1.62,2.71,18,4,0,evening,325.0,,WC
2025-03-28 18:35:25,0.6,13.0,0.13,0.94,18,4,0,evening,173.0,,
2025-03-28 19:27:53,0.55,21.0,0.19,0.94,19,4,0,evening,3148.0,,
2025-03-28 19:34:17,1.57,10.0,0.26,1.98,19,4,0,evening,384.0,,
2025-03-28 19:35:17,0.73,15.0,0.18,1.15,19,4,0,evening,60.0,,
2025-03-28 20:21:02,1.75,47.0,1.37,2.3,20,4,0,evening,2745.0,,WC
2025-03-28 20:27:30,1.57,3.0,0.08,0.94,20,4,0,evening,388.0,kitchen_faucet,
2025-03-28 20:29:33,1.17,4.0,0.08,0.94,20,4,0,evening,123.0,kitchen_faucet,
2025-03-28 20:29:53,1.48,6.0,0.15,1.77,20,4,0,evening,20.0,kitchen_faucet,
2025-03-28 20:32:00,3.13,1.0,0.05,0.63,20,4,0,evening,127.0,kitchen_faucet,
2025-03-28 21:02:37,3.65,1.0,0.06,0.73,21,4,0,evening,1837.0,kitchen_faucet,
2025-03-28 21:03:21,0.84,18.0,0.25,1.36,21,4,0,evening,44.0,,
2025-03-28 22:03:59,0.94,5.0,0.08,0.94,22,4,0,evening,3638.0,kitchen_faucet,
2025-03-28 22:53:04,1.98,50.0,1.65,2.19,22,4,0,evening,2945.0,,WC
2025-03-29 08:10:41,0.0,31468.0,1.74,2.71,8,5,1,morning,33457.0,,
2025-03-29 08:12:30,1.27,7.0,0.15,1.57,8,5,1,morning,109.0,kitchen_faucet,
2025-03-29 08:47:05,0.73,52.0,0.63,1.15,8,5,1,morning,2075.0,,
2025-03-29 08:50:42,1.91,45.0,1.43,2.19,8,5,1,morning,217.0,,WC
2025-03-29 08:53:26,1.48,13.0,0.32,1.77,8,5,1,morning,164.0,,
2025-03-29 09:00:41,0.76,77.0,0.97,1.98,9,5,1,morning,435.0,,
2025-03-29 09:01:59,2.09,2.0,0.07,0.83,9,5,1,morning,78.0,kitchen_faucet,
2025-03-29 09:04:53,1.31,31.0,0.68,1.67,9,5,1,morning,174.0,,
2025-03-29 09:13:45,0.87,3.0,0.04,0.52,9,5,1,morning,532.0,kitchen_faucet,
2025-03-29 09:22:01,1.62,18.0,0.49,1.98,9,5,1,morning,496.0,,
2025-03-29 09:26:04,1.67,5.0,0.14,1.67,9,5,1,morning,243.0,kitchen_faucet,
2025-03-29 09:36:09,1.5,33.0,0.83,1.98,9,5,1,morning,605.0,,
2025-03-29 09:43:58,1.79,7.0,0.21,2.09,9,5,1,morning,469.0,kitchen_faucet,
2025-03-29 09:45:26,1.51,20.0,0.5,1.88,9,5,1,morning,88.0,,
2025-03-29 09:49:10,1.57,6.0,0.16,1.88,9,5,1,morning,224.0,kitchen_faucet,
2025-03-29 09:57:30,2.33,72.0,2.79,3.23,9,5,1,morning,500.0,,
2025-03-29 09:59:05,0.55,16.0,0.15,0.94,9,5,1,morning,95.0,,
2025-03-29 12:35:15,2.24,30.0,1.12,2.71,12,5,1,afternoon,9370.0,,
2025-03-29 12:41:32,1.7,198.0,5.62,3.44,12,5,1,afternoon,377.0,,
2025-03-29 12:47:55,0.04,231.0,0.15,0.94,12,5,1,afternoon,383.0,,
2025-03-29 12:48:15,0.78,4.0,0.05,0.63,12,5,1,afternoon,20.0,kitchen_faucet,
2025-03-29 14:30:56,2.05,30.0,1.03,2.82,14,5,1,afternoon,6161.0,,
2025-03-29 14:59:14,1.84,445.0,13.68,2.3,14,5,1,afternoon,1698.0,,shower
2025-03-29 15:29:04,0.16,1609.0,4.21,2.4,15,5,1,afternoon,1790.0,,
2025-03-29 16:00:27,0.03,1214.0,0.62,1.36,16,5,1,afternoon,1883.0,,
2025-03-29 19:02:45,0.76,46.0,0.58,1.36,19,5,1,evening,10938.0,,
2025-03-29 19:20:23,0.02,339.0,0.1,0.94,19,5,1,evening,1058.0,,
2025-03-29 20:16:01,1.14,71.0,1.35,2.09,20,5,1,evening,3338.0,,
2025-03-29 20:17:50,2.7,100.0,4.5,3.65,20,5,1,evening,109.0,,
2025-03-29 20:34:43,0.0,756.0,0.04,0.52,20,5,1,evening,1013.0,,
2025-03-29 20:45:27,1.91,55.0,1.75,2.4,20,5,1,evening,644.0,,
2025-03-29 21:00:55,1.53,26.0,0.66,1.98,21,5,1,evening,928.0,,
2025-03-29 21:14:11,0.88,19.0,0.28,1.25,21,5,1,evening,796.0,,
2025-03-29 21:55:43,0.04,88.0,0.06,0.73,21,5,1,evening,2492.0,,
2025-03-30 02:48:32,2.16,30.0,1.08,2.82,2,6,1,night,17569.0,,
2025-03-30 09:35:15,1.74,3.0,0.09,1.04,9,6,1,morning,24403.0,kitchen_faucet,
2025-03-30 09:56:07,0.65,24.0,0.26,1.04,9,6,1,morning,1252.0,,
2025-03-30 10:03:48,0.07,226.0,0.28,2.09,10,6,1,morning,461.0,,
2025-03-30 10:13:41,1.93,41.0,1.32,2.49,10,6,1,morning,593.0,,WC
2025-03-30 10:14:53,1.3,6.0,0.13,1.46,10,6,1,morning,72.0,kitchen_faucet,
2025-03-30 10:18:34,0.78,24.0,0.31,1.25,10,6,1,morning,221.0,,
2025-03-30 10:36:37,1.64,20.0,0.55,1.98,10,6,1,morning,1083.0,,
2025-03-30 10:39:17,1.7,16.0,0.45,2.19,10,6,1,morning,160.0,,
2025-03-30 10:39:55,1.57,6.0,0.16,1.77,10,6,1,morning,38.0,kitchen_faucet,
2025-03-30 10:41:11,2.61,1.0,0.04,0.52,10,6,1,morning,76.0,kitchen_faucet,
2025-03-30 10:43:19,0.91,103.0,1.57,1.25,10,6,1,morning,128.0,,
2025-03-30 11:04:07,1.98,33.0,1.09,2.3,11,6,1,morning,1248.0,,
2025-03-30 11:07:20,1.66,22.0,0.61,1.98,11,6,1,morning,193.0,,
2025-03-30 11:16:54,0.94,34.0,0.53,1.36,11,6,1,morning,574.0,,
2025-03-30 11:23:15,0.91,94.0,1.43,1.36,11,6,1,morning,381.0,,
2025-03-30 11:33:56,0.06,430.0,0.45,1.88,11,6,1,morning,641.0,,
2025-03-30 11:46:36,1.04,7.0,0.12,1.25,11,6,1,morning,760.0,kitchen_faucet,
2025-03-30 11:47:12,2.23,26.0,0.97,2.71,11,6,1,morning,36.0,,
2025-03-30 12:38:00,0.34,41.0,0.23,0.83,12,6,1,afternoon,3048.0,,
2025-03-30 12:38:31,1.9,20.0,0.63,2.3,12,6,1,afternoon,31.0,,
2025-03-30 12:39:00,1.8,11.0,0.33,2.4,12,6,1,afternoon,29.0,,
2025-03-30 12:39:57,1.33,45.0,1.0,2.71,12,6,1,afternoon,57.0,,
2025-03-30 12:40:26,2.09,18.0,0.63,2.6,12,6,1,afternoon,29.0,,
2025-03-30 12:41:03,1.8,29.0,0.87,2.3,12,6,1,afternoon,37.0,,
2025-03-30 12:41:46,0.86,37.0,0.53,1.57,12,6,1,afternoon,43.0,,
2025-03-30 12:42:23,0.71,28.0,0.33,1.25,12,6,1,afternoon,37.0,,
2025-03-30 12:43:50,1.69,80.0,2.25,2.3,12,6,1,afternoon,87.0,,
2025-03-30 12:44:50,1.5,54.0,1.35,2.09,12,6,1,afternoon,60.0,,
2025-03-30 12:46:10,1.37,63.0,1.43,2.61,12,6,1,afternoon,80.0,,
2025-03-30 12:47:19,2.03,61.0,2.06,2.61,12,6,1,afternoon,69.0,,
2025-03-30 12:55:55,1.67,10.0,0.28,1.98,12,6,1,afternoon,516.0,,
2025-03-30 13:02:14,1.61,12.0,0.32,1.98,13,6,1,afternoon,379.0,,
2025-03-30 13:10:27,1.65,30.0,0.83,1.88,13,6,1,afternoon,493.0,,
2025-03-30 13:13:20,1.84,114.0,3.5,2.4,13,6,1,afternoon,173.0,,
2025-03-30 13:15:01,1.96,12.0,0.39,2.3,13,6,1,afternoon,101.0,,
2025-03-30 13:17:58,0.63,10.0,0.1,0.94,13,6,1,afternoon,177.0,,
2025-03-30 13:31:02,0.02,630.0,0.18,2.19,13,6,1,afternoon,784.0,,
2025-03-30 13:32:51,1.75,97.0,2.83,2.09,13,6,1,afternoon,109.0,,
2025-03-30 13:33:07,1.19,7.0,0.14,1.57,13,6,1,afternoon,16.0,kitchen_faucet,
2025-03-30 13:33:55,1.81,28.0,0.84,2.4,13,6,1,afternoon,48.0,,
2025-03-30 13:35:10,1.8,18.0,0.54,1.98,13,6,1,afternoon,75.0,,
2025-03-30 13:40:12,1.11,59.0,1.09,1.57,13,6,1,afternoon,302.0,,
2025-03-30 14:50:31,2.12,52.0,1.83,2.82,14,6,1,afternoon,4219.0,,
2025-03-30 14:54:01,1.67,30.0,0.83,1.98,14,6,1,afternoon,210.0,,
2025-03-30 14:55:32,1.87,61.0,1.9,2.5,14,6,1,afternoon,91.0,,
2025-03-30 14:56:47,1.87,17.0,0.53,2.3,14,6,1,afternoon,75.0,,
2025-03-30 14:58:03,1.66,17.0,0.47,2.19,14,6,1,afternoon,76.0,,
2025-03-30 15:00:52,1.49,7.0,0.17,1.88,15,6,1,afternoon,169.0,kitchen_faucet,
2025-03-30 15:37:01,1.05,231.0,4.04,1.57,15,6,1,afternoon,2169.0,,
2025-03-30 15:54:40,1.88,5.0,0.16,1.88,15,6,1,afternoon,1059.0,kitchen_faucet,
2025-03-30 15:56:14,1.73,85.0,2.45,2.19,15,6,1,afternoon,94.0,,
2025-03-30 15:56:31,1.3,6.0,0.13,1.57,15,6,1,afternoon,17.0,kitchen_faucet,
2025-03-30 16:00:13,1.72,62.0,1.77,2.3,16,6,1,afternoon,222.0,,
2025-03-30 16:10:42,1.51,71.0,1.78,1.77,16,6,1,afternoon,629.0,,
2025-03-30 16:25:10,2.35,2.0,0.08,0.94,16,6,1,afternoon,868.0,kitchen_faucet,
2025-03-30 16:27:25,1.78,79.0,2.34,1.98,16,6,1,afternoon,135.0,,
2025-03-30 16:28:10,1.83,2.0,0.06,0.73,16,6,1,afternoon,45.0,kitchen_faucet,
2025-03-30 16:28:47,1.91,3.0,0.1,1.15,16,6,1,afternoon,37.0,kitchen_faucet,
2025-03-30 16:31:37,2.09,2.0,0.07,0.83,16,6,1,afternoon,170.0,kitchen_faucet,
2025-03-30 16:33:49,1.67,5.0,0.14,1.67,16,6,1,afternoon,132.0,kitchen_faucet,
2025-03-30 16:35:03,1.0,64.0,1.07,1.98,16,6,1,afternoon,74.0,,
2025-03-30 16:44:58,0.02,193.0,0.06,0.73,16,6,1,afternoon,595.0,,
2025-03-30 16:58:25,1.5,23.0,0.57,1.98,16,6,1,afternoon,807.0,,
2025-03-30 17:00:05,2.35,2.0,0.08,0.94,17,6,1,afternoon,100.0,kitchen_faucet,
2025-03-30 17:01:54,1.57,53.0,1.38,2.09,17,6,1,afternoon,109.0,,
2025-03-30 17:02:58,1.57,12.0,0.31,1.98,17,6,1,afternoon,64.0,,
2025-03-30 17:12:02,0.68,17.0,0.19,1.46,17,6,1,afternoon,544.0,,
2025-03-30 17:13:52,1.63,8.0,0.22,1.98,17,6,1,afternoon,110.0,kitchen_faucet,
2025-03-30 17:14:35,1.73,13.0,0.37,2.19,17,6,1,afternoon,43.0,,
2025-03-30 17:14:52,1.65,6.0,0.17,1.88,17,6,1,afternoon,17.0,kitchen_faucet,
2025-03-30 17:15:34,2.09,2.0,0.07,0.83,17,6,1,afternoon,42.0,kitchen_faucet,
2025-03-30 17:16:03,1.57,9.0,0.23,1.88,17,6,1,afternoon,29.0,kitchen_faucet,
2025-03-30 17:17:41,1.5,16.0,0.4,1.98,17,6,1,afternoon,98.0,,
2025-03-30 17:20:40,1.69,29.0,0.82,1.88,17,6,1,afternoon,179.0,,
2025-03-30 17:23:19,1.77,99.0,2.92,2.5,17,6,1,afternoon,159.0,,
2025-03-30 17:24:42,1.83,14.0,0.43,2.19,17,6,1,afternoon,83.0,,
2025-03-30 17:31:10,0.05,170.0,0.15,0.94,17,6,1,afternoon,388.0,,
2025-03-30 17:33:32,1.7,16.0,0.45,2.3,17,6,1,afternoon,142.0,,
2025-03-30 17:34:23,1.58,34.0,0.9,1.98,17,6,1,afternoon,51.0,,
2025-03-30 17:35:54,1.46,25.0,0.61,1.77,17,6,1,afternoon,91.0,,
2025-03-30 17:39:08,1.83,6.0,0.18,2.09,17,6,1,afternoon,194.0,kitchen_faucet,
2025-03-30 17:40:48,1.74,90.0,2.61,2.4,17,6,1,afternoon,100.0,,
2025-03-30 17:41:04,1.3,6.0,0.13,1.57,17,6,1,afternoon,16.0,kitchen_faucet,
2025-03-30 17:41:47,1.85,22.0,0.68,2.4,17,6,1,afternoon,43.0,,
2025-03-30 17:43:44,1.84,17.0,0.52,2.19,17,6,1,afternoon,117.0,,
2025-03-30 17:49:31,1.09,59.0,1.07,1.57,17,6,1,afternoon,347.0,,
2025-03-30 18:39:18,2.22,83.0,3.07,2.92,18,6,1,evening,2987.0,,
2025-03-30 18:46:31,1.67,30.0,0.83,1.77,18,6,1,evening,433.0,,
2025-03-30 18:46:49,2.09,4.0,0.14,1.67,18,6,1,evening,18.0,kitchen_faucet,
2025-03-30 18:49:40,1.83,104.0,3.17,2.3,18,6,1,evening,171.0,,
2025-03-30 18:50:24,1.84,15.0,0.46,2.5,18,6,1,evening,44.0,,
2025-03-30 18:51:24,1.77,13.0,0.38,2.19,18,6,1,evening,60.0,,
2025-03-30 19:08:55,0.01,725.0,0.17,1.98,19,6,1,evening,1051.0,,
2025-03-30 19:10:41,1.71,95.0,2.7,2.4,19,6,1,evening,106.0,,
2025-03-30 19:10:56,1.22,6.0,0.12,1.46,19,6,1,evening,15.0,kitchen_faucet,
2025-03-30 19:11:40,1.85,24.0,0.74,2.19,19,6,1,evening,44.0,,
2025-03-30 19:12:35,1.84,15.0,0.46,2.19,19,6,1,evening,55.0,,
2025-03-30 19:18:30,1.06,59.0,1.04,1.57,19,6,1,evening,355.0,,
2025-03-30 19:31:08,1.13,6.0,0.11,1.36,19,6,1,evening,758.0,kitchen_faucet,
2025-03-30 19:31:49,2.61,1.0,0.04,0.52,19,6,1,evening,41.0,kitchen_faucet,
2025-03-30 19:37:16,1.51,10.0,0.25,1.98,19,6,1,evening,327.0,,
2025-03-30 19:38:10,2.26,3.0,0.11,1.36,19,6,1,evening,54.0,kitchen_faucet,
2025-03-30 19:39:22,1.57,11.0,0.29,1.88,19,6,1,evening,72.0,,
2025-03-30 19:47:05,3.09,54.0,2.78,3.76,19,6,1,evening,463.0,,
2025-03-30 20:02:08,0.0,791.0,0.04,0.52,20,6,1,evening,903.0,,
2025-03-30 20:11:20,0.01,538.0,0.06,0.73,20,6,1,evening,552.0,,
2025-03-30 20:14:32,0.29,47.0,0.23,2.61,20,6,1,evening,192.0,,
2025-03-30 20:34:38,1.3,14.0,0.3,1.67,20,6,1,evening,1206.0,,
2025-03-30 21:22:29,1.3,6.0,0.13,1.36,21,6,1,evening,2871.0,kitchen_faucet,
2025-03-30 21:22:44,1.12,7.0,0.13,1.36,21,6,1,evening,15.0,kitchen_faucet,
2025-03-30 21:22:57,1.04,7.0,0.12,1.15,21,6,1,evening,13.0,kitchen_faucet,
2025-03-30 22:20:34,0.04,2695.0,1.83,2.3,22,6,1,evening,3457.0,,
2025-03-30 22:39:50,1.22,3.0,0.06,0.73,22,6,1,evening,1156.0,kitchen_faucet,
2025-03-30 22:41:06,1.59,23.0,0.61,1.88,22,6,1,evening,76.0,,
2025-03-30 22:41:26,1.57,11.0,0.29,1.98,22,6,1,evening,20.0,,
2025-03-30 22:43:40,3.13,1.0,0.05,0.63,22,6,1,evening,134.0,kitchen_faucet,
2025-03-30 22:45:55,1.51,9.0,0.23,1.88,22,6,1,evening,135.0,kitchen_faucet,
2025-03-30 22:47:15,2.25,29.0,1.09,3.13,22,6,1,evening,80.0,,
2025-03-30 22:54:04,1.63,30.0,0.82,1.88,22,6,1,evening,409.0,,
2025-03-30 22:55:48,1.75,74.0,2.16,2.61,22,6,1,evening,104.0,,
2025-03-30 22:57:03,1.83,16.0,0.49,2.3,22,6,1,evening,75.0,,
2025-03-30 22:58:56,1.75,14.0,0.41,2.3,22,6,1,evening,113.0,,
2025-03-30 23:31:58,1.04,253.0,4.39,1.57,23,6,1,evening,1982.0,,
2025-03-30 23:41:48,1.77,5.0,0.15,1.77,23,6,1,evening,590.0,kitchen_faucet,
2025-03-30 23:43:27,1.72,89.0,2.56,2.19,23,6,1,evening,99.0,,
2025-03-30 23:43:43,1.3,6.0,0.13,1.57,23,6,1,evening,16.0,kitchen_faucet,
2025-03-30 23:45:58,1.81,15.0,0.45,2.4,23,6,1,evening,135.0,,
2025-03-30 23:50:40,1.09,59.0,1.07,1.57,23,6,1,evening,282.0,,
2025-03-31 06:46:05,0.54,29.0,0.26,0.94,6,0,0,morning,24925.0,,
2025-03-31 06:47:07,0.54,24.0,0.22,0.94,6,0,0,morning,62.0,,
2025-03-31 07:05:51,1.83,49.0,1.5,2.5,7,0,0,morning,1124.0,,WC
2025-03-31 07:06:38,1.46,36.0,0.88,1.88,7,0,0,morning,47.0,,
2025-03-31 07:13:54,1.7,8.0,0.23,1.88,7,0,0,morning,436.0,kitchen_faucet,
2025-03-31 07:19:22,1.87,87.0,2.71,3.65,7,0,0,morning,328.0,,
2025-03-31 07:34:05,0.47,584.0,4.54,3.13,7,0,0,morning,883.0,,
2025-03-31 07:38:01,1.14,17.0,0.32,1.36,7,0,0,morning,236.0,,
2025-03-31 07:41:47,0.05,51.0,0.04,0.52,7,0,0,morning,226.0,,
2025-03-31 07:45:05,0.67,7.0,0.08,0.94,7,0,0,morning,198.0,kitchen_faucet,
2025-03-31 08:07:34,1.89,57.0,1.79,2.3,8,0,0,morning,1349.0,,
2025-03-31 08:08:46,1.25,5.0,0.1,1.25,8,0,0,morning,72.0,kitchen_faucet,
2025-03-31 08:13:13,1.55,195.0,5.05,3.55,8,0,0,morning,267.0,,
2025-03-31 12:16:14,0.0,14413.0,1.12,2.5,12,0,0,afternoon,14581.0,,
2025-03-31 13:03:57,2.26,3.0,0.11,1.36,13,0,0,afternoon,2863.0,kitchen_faucet,
2025-03-31 13:08:48,0.75,7.0,0.09,1.04,13,0,0,afternoon,291.0,kitchen_faucet,
2025-03-31 13:30:19,0.59,16.0,0.16,0.94,13,0,0,afternoon,1291.0,,
2025-03-31 14:58:07,1.58,27.0,0.71,1.98,14,0,0,afternoon,5268.0,,
2025-03-31 15:00:14,1.71,78.0,2.23,2.19,15,0,0,afternoon,127.0,,
2025-03-31 15:01:31,1.59,43.0,1.14,2.09,15,0,0,afternoon,77.0,,
2025-03-31 15:02:33,1.39,32.0,0.74,1.77,15,0,0,afternoon,62.0,,
2025-03-31 15:03:08,1.17,8.0,0.16,1.46,15,0,0,afternoon,35.0,kitchen_faucet,
2025-03-31 15:04:59,0.46,68.0,0.52,1.98,15,0,0,afternoon,111.0,,
2025-03-31 15:06:19,1.7,4.0,0.11,1.36,15,0,0,afternoon,80.0,kitchen_faucet,
2025-03-31 15:08:16,1.96,4.0,0.13,1.57,15,0,0,afternoon,117.0,kitchen_faucet,
2025-03-31 15:09:27,1.52,23.0,0.58,1.88,15,0,0,afternoon,71.0,,
2025-03-31 15:18:01,1.91,3.0,0.1,1.15,15,0,0,afternoon,514.0,kitchen_faucet,
2025-03-31 15:22:05,1.39,6.0,0.14,1.67,15,0,0,afternoon,244.0,kitchen_faucet,
2025-03-31 15:29:29,1.63,8.0,0.22,1.98,15,0,0,afternoon,444.0,kitchen_faucet,
2025-03-31 15:42:36,1.67,10.0,0.28,1.98,15,0,0,afternoon,787.0,,
2025-03-31 15:43:49,1.51,36.0,0.9,1.98,15,0,0,afternoon,73.0,,
2025-03-31 15:45:01,0.65,8.0,0.09,0.94,15,0,0,afternoon,72.0,kitchen_faucet,
2025-03-31 15:49:31,1.68,9.0,0.25,1.98,15,0,0,afternoon,270.0,kitchen_faucet,
2025-03-31 15:52:09,1.38,11.0,0.25,1.98,15,0,0,afternoon,158.0,,
2025-03-31 15:52:53,1.65,26.0,0.71,2.09,15,0,0,afternoon,44.0,,
2025-03-31 16:01:35,1.95,34.0,1.1,2.61,16,0,0,afternoon,522.0,,
2025-03-31 16:08:29,1.83,6.0,0.18,1.88,16,0,0,afternoon,414.0,kitchen_faucet,
2025-03-31 16:11:24,0.59,15.0,0.15,0.94,16,0,0,afternoon,175.0,,
2025-03-31 16:20:38,1.68,85.0,2.38,2.3,16,0,0,afternoon,554.0,,
2025-03-31 20:37:53,0.0,12731.0,0.08,0.94,20,0,0,evening,15435.0,,
2025-03-31 20:42:35,3.13,1.0,0.05,0.63,20,0,0,evening,282.0,kitchen_faucet,
2025-03-31 21:32:16,0.76,13.0,0.17,1.15,21,0,0,evening,2981.0,,
2025-03-31 21:38:49,1.99,34.0,1.13,2.4,21,0,0,evening,393.0,,
2025-03-31 21:54:30,0.01,817.0,0.17,1.46,21,0,0,evening,941.0,,
2025-03-31 22:02:00,1.7,4.0,0.11,1.36,22,0,0,evening,450.0,kitchen_faucet,
2025-03-31 22:03:09,1.53,32.0,0.82,1.98,22,0,0,evening,69.0,,
2025-03-31 22:04:12,1.37,8.0,0.18,1.67,22,0,0,evening,63.0,kitchen_faucet,
2025-03-31 22:05:22,1.68,23.0,0.64,2.09,22,0,0,evening,70.0,,
2025-03-31 22:06:00,1.5,15.0,0.37,1.98,22,0,0,evening,38.0,,
2025-03-31 22:08:11,1.64,7.0,0.19,2.09,22,0,0,evening,131.0,kitchen_faucet,
2025-03-31 22:09:00,2.22,4.0,0.15,1.77,22,0,0,evening,49.0,kitchen_faucet,
2025-03-31 22:12:12,0.54,169.0,1.53,1.36,22,0,0,evening,192.0,,
2025-03-31 22:44:57,0.02,1690.0,0.55,1.36,22,0,0,evening,1965.0,,
2025-03-31 22:51:18,0.91,94.0,1.43,1.36,22,0,0,evening,381.0,,
2025-04-01 07:07:30,0.0,29336.0,1.08,2.3,7,1,0,morning,29772.0,,
2025-04-01 07:13:41,1.54,23.0,0.59,1.98,7,1,0,morning,371.0,,
2025-04-01 07:14:49,1.88,5.0,0.16,1.88,7,1,0,morning,68.0,kitchen_faucet,
2025-04-01 07:19:59,0.85,16.0,0.23,1.25,7,1,0,morning,310.0,,
2025-04-01 07:23:54,1.48,19.0,0.47,1.98,7,1,0,morning,235.0,,
2025-04-01 07:27:54,1.44,37.0,0.89,1.88,7,1,0,morning,240.0,,
2025-04-01 07:30:33,1.85,51.0,1.57,2.3,7,1,0,morning,159.0,,
2025-04-01 07:30:52,1.83,4.0,0.12,1.46,7,1,0,morning,19.0,kitchen_faucet,
2025-04-01 07:32:05,0.26,64.0,0.28,1.88,7,1,0,morning,73.0,,
2025-04-01 07:34:00,1.6,63.0,1.68,2.09,7,1,0,morning,115.0,,
2025-04-01 07:34:28,1.39,3.0,0.07,0.83,7,1,0,morning,28.0,kitchen_faucet,
2025-04-01 07:35:05,0.83,10.0,0.14,1.04,7,1,0,morning,37.0,,
2025-04-01 07:37:32,0.55,20.0,0.18,0.94,7,1,0,morning,147.0,,
2025-04-01 07:38:20,0.29,16.0,0.08,0.73,7,1,0,morning,48.0,,
2025-04-01 07:39:06,1.61,22.0,0.59,1.98,7,1,0,morning,46.0,,
2025-04-01 07:40:14,1.64,7.0,0.19,1.88,7,1,0,morning,68.0,kitchen_faucet,
2025-04-01 07:41:18,0.91,23.0,0.35,1.25,7,1,0,morning,64.0,,
2025-04-01 07:42:16,0.7,44.0,0.51,2.19,7,1,0,morning,58.0,,
2025-04-01 08:04:50,0.0,1155.0,0.08,0.94,8,1,0,morning,1354.0,,
2025-04-01 08:05:38,0.69,25.0,0.29,1.15,8,1,0,morning,48.0,,
2025-04-01 08:06:19,1.57,21.0,0.55,1.98,8,1,0,morning,41.0,,
2025-04-01 08:07:02,1.22,9.0,0.18,1.57,8,1,0,morning,43.0,kitchen_faucet,
2025-04-01 08:14:43,0.08,134.0,0.17,1.98,8,1,0,morning,461.0,,
2025-04-01 08:14:58,1.74,3.0,0.09,1.04,8,1,0,morning,15.0,kitchen_faucet,
2025-04-01 08:16:18,0.86,14.0,0.2,1.46,8,1,0,morning,80.0,,
2025-04-01 08:18:18,1.24,8.0,0.17,1.57,8,1,0,morning,120.0,kitchen_faucet,
2025-04-01 08:18:45,0.7,6.0,0.07,0.83,8,1,0,morning,27.0,kitchen_faucet,
2025-04-01 08:23:24,1.88,48.0,1.5,2.09,8,1,0,morning,279.0,,WC
2025-04-01 08:45:26,1.58,125.0,3.29,3.34,8,1,0,morning,1322.0,,
2025-04-01 10:39:44,0.05,6620.0,5.87,1.88,10,1,0,morning,6858.0,,
2025-04-01 10:42:07,1.3,33.0,0.71,1.77,10,1,0,morning,143.0,,
2025-04-01 10:58:31,2.12,65.0,2.3,2.71,10,1,0,morning,984.0,,
2025-04-01 11:34:31,1.36,5.0,0.11,1.36,11,1,0,morning,2160.0,kitchen_faucet,
2025-04-01 11:41:13,1.62,9.0,0.24,1.88,11,1,0,morning,402.0,kitchen_faucet,
2025-04-01 13:50:04,2.23,30.0,1.11,2.71,13,1,0,afternoon,7731.0,,
2025-04-01 15:16:21,1.98,33.0,1.09,2.4,15,1,0,afternoon,5177.0,,
2025-04-01 15:18:35,1.08,102.0,1.83,1.88,15,1,0,afternoon,134.0,,
2025-04-01 15:19:00,1.48,6.0,0.15,1.67,15,1,0,afternoon,25.0,kitchen_faucet,
2025-04-01 15:23:15,1.58,36.0,0.95,2.09,15,1,0,afternoon,255.0,,
2025-04-01 15:29:33,0.57,44.0,0.42,1.67,15,1,0,afternoon,378.0,,
2025-04-01 15:46:30,1.61,11.0,0.3,1.98,15,1,0,afternoon,1017.0,,
2025-04-01 16:14:34,1.57,17.0,0.44,2.09,16,1,0,afternoon,1684.0,,
2025-04-01 16:18:33,1.57,8.0,0.21,2.09,16,1,0,afternoon,239.0,kitchen_faucet,
2025-04-01 16:19:34,1.57,5.0,0.13,1.57,16,1,0,afternoon,61.0,kitchen_faucet,
2025-04-01 16:22:24,0.7,6.0,0.07,0.83,16,1,0,afternoon,170.0,kitchen_faucet,
2025-04-01 16:24:02,1.48,13.0,0.32,1.88,16,1,0,afternoon,98.0,,
2025-04-01 16:24:26,1.83,6.0,0.18,1.88,16,1,0,afternoon,24.0,kitchen_faucet,
2025-04-01 16:44:53,1.43,8.0,0.19,1.77,16,1,0,afternoon,1227.0,kitchen_faucet,
2025-04-01 17:18:55,0.96,6.0,0.1,1.15,17,1,0,afternoon,2042.0,kitchen_faucet,
2025-04-01 17:55:12,1.81,42.0,1.27,2.61,17,1,0,afternoon,2177.0,,WC
2025-04-01 19:53:42,3.13,1.0,0.05,0.63,19,1,0,evening,7110.0,kitchen_faucet,
2025-04-01 20:14:44,0.03,962.0,0.46,1.88,20,1,0,evening,1262.0,,
2025-04-01 20:16:14,2.31,30.0,1.16,3.13,20,1,0,evening,90.0,,
2025-04-01 20:53:54,0.91,8.0,0.12,1.15,20,1,0,evening,2260.0,kitchen_faucet,
2025-04-01 21:23:16,0.57,21.0,0.2,0.94,21,1,0,evening,1762.0,,
2025-04-01 21:26:13,1.51,36.0,0.9,1.88,21,1,0,evening,177.0,,
2025-04-01 21:27:32,1.79,7.0,0.21,1.98,21,1,0,evening,79.0,kitchen_faucet,
2025-04-01 21:28:22,1.83,4.0,0.12,1.46,21,1,0,evening,50.0,kitchen_faucet,
2025-04-01 21:31:39,1.53,45.0,1.15,1.98,21,1,0,evening,197.0,,
2025-04-02 07:17:46,0.0,35063.0,0.04,0.52,7,2,0,morning,35167.0,,
2025-04-02 07:19:34,1.9,34.0,1.08,2.4,7,2,0,morning,108.0,,
2025-04-02 07:20:13,1.47,11.0,0.27,1.88,7,2,0,morning,39.0,,
2025-04-02 07:22:27,1.83,2.0,0.06,0.73,7,2,0,morning,134.0,kitchen_faucet,
2025-04-02 07:23:14,1.57,8.0,0.21,1.88,7,2,0,morning,47.0,kitchen_faucet,
2025-04-02 07:24:15,1.61,23.0,0.62,2.09,7,2,0,morning,61.0,,
2025-04-02 07:26:08,3.65,1.0,0.06,0.73,7,2,0,morning,113.0,kitchen_faucet,
2025-04-02 07:33:19,1.51,55.0,1.38,1.98,7,2,0,morning,431.0,,
2025-04-02 07:34:58,1.13,18.0,0.34,1.88,7,2,0,morning,99.0,,
2025-04-02 07:39:01,1.51,9.0,0.23,1.88,7,2,0,morning,243.0,kitchen_faucet,
2025-04-02 07:44:26,0.55,20.0,0.18,0.94,7,2,0,morning,325.0,,
2025-04-02 07:48:04,1.83,2.0,0.06,0.73,7,2,0,morning,218.0,kitchen_faucet,
2025-04-02 07:48:31,0.42,15.0,0.1,1.25,7,2,0,morning,27.0,,
2025-04-02 07:50:48,1.25,5.0,0.1,1.25,7,2,0,morning,137.0,kitchen_faucet,
2025-04-02 07:51:06,1.3,2.0,0.04,0.52,7,2,0,morning,18.0,kitchen_faucet,
2025-04-02 07:53:03,1.99,47.0,1.56,2.61,7,2,0,morning,117.0,,WC
2025-04-02 07:53:48,1.67,5.0,0.14,1.67,7,2,0,morning,45.0,kitchen_faucet,
2025-04-02 07:57:13,0.6,7.0,0.07,0.83,7,2,0,morning,205.0,kitchen_faucet,
2025-04-02 08:01:34,0.91,246.0,3.72,3.55,8,2,0,morning,261.0,,
2025-04-02 08:10:11,0.01,332.0,0.04,0.52,8,2,0,morning,517.0,,
2025-04-02 08:12:14,1.48,32.0,0.79,1.98,8,2,0,morning,123.0,,
2025-04-02 08:41:07,1.89,58.0,1.83,2.4,8,2,0,morning,1733.0,,
2025-04-02 08:45:40,1.81,163.0,4.9,3.55,8,2,0,morning,273.0,,shower
2025-04-02 15:42:38,0.0,24787.0,0.82,1.88,15,2,0,afternoon,25018.0,,
2025-04-02 15:51:10,1.83,4.0,0.12,1.46,15,2,0,afternoon,512.0,kitchen_faucet,
2025-04-02 15:56:38,1.49,27.0,0.67,1.88,15,2,0,afternoon,328.0,,
2025-04-02 16:32:49,1.93,34.0,1.1,2.19,16,2,0,afternoon,2171.0,,
2025-04-02 17:28:23,0.58,19.0,0.18,0.94,17,2,0,afternoon,3334.0,,
2025-04-02 20:50:06,0.85,16.0,0.23,1.25,20,2,0,evening,12103.0,,
2025-04-02 20:55:17,1.51,9.0,0.23,1.88,20,2,0,evening,311.0,kitchen_faucet,
2025-04-03 04:14:14,0.0,15127.0,0.04,0.52,4,3,0,night,26337.0,,
2025-04-03 07:08:33,0.01,7552.0,1.26,1.88,7,3,0,morning,10459.0,,
2025-04-03 07:10:30,1.7,4.0,0.11,1.36,7,3,0,morning,117.0,kitchen_faucet,
2025-04-03 07:13:25,0.54,26.0,0.23,0.94,7,3,0,morning,175.0,,
2025-04-03 07:13:56,0.67,7.0,0.08,0.94,7,3,0,morning,31.0,kitchen_faucet,
2025-04-03 07:22:57,1.41,30.0,0.7,1.77,7,3,0,morning,541.0,,
2025-04-03 07:29:02,1.57,4.0,0.1,1.25,7,3,0,morning,365.0,kitchen_faucet,
2025-04-03 07:29:53,1.51,37.0,0.93,1.98,7,3,0,morning,51.0,,
2025-04-03 07:34:21,1.53,68.0,1.74,1.98,7,3,0,morning,268.0,,
2025-04-03 07:34:58,1.54,21.0,0.54,1.98,7,3,0,morning,37.0,,
2025-04-03 07:35:09,1.43,4.0,0.1,1.15,7,3,0,morning,11.0,kitchen_faucet,
2025-04-03 07:36:30,1.43,16.0,0.38,1.88,7,3,0,morning,81.0,,
2025-04-03 07:39:02,0.04,140.0,0.1,1.15,7,3,0,morning,152.0,,
2025-04-03 07:41:07,1.54,22.0,0.57,1.98,7,3,0,morning,125.0,,
2025-04-03 07:50:29,1.83,4.0,0.12,1.46,7,3,0,morning,562.0,kitchen_faucet,
2025-04-03 08:04:15,1.4,731.0,17.02,3.34,8,3,0,morning,826.0,,
2025-04-03 08:05:15,2.61,1.0,0.04,0.52,8,3,0,morning,60.0,kitchen_faucet,
2025-04-03 08:07:54,1.51,30.0,0.76,1.77,8,3,0,morning,159.0,,
2025-04-03 08:17:58,1.41,24.0,0.57,1.88,8,3,0,morning,604.0,,
2025-04-03 08:26:28,3.13,1.0,0.05,0.63,8,3,0,morning,510.0,kitchen_faucet,
2025-04-03 08:28:13,1.64,7.0,0.19,1.88,8,3,0,morning,105.0,kitchen_faucet,
2025-04-03 08:29:04,2.09,2.0,0.07,0.83,8,3,0,morning,51.0,kitchen_faucet,
2025-04-03 09:11:55,1.63,148.0,4.01,3.44,9,3,0,morning,2571.0,,
2025-04-03 09:57:40,1.77,5.0,0.15,1.77,9,3,0,morning,2745.0,kitchen_faucet,
2025-04-03 10:01:21,2.61,2.0,0.09,1.04,10,3,0,morning,221.0,kitchen_faucet,
2025-04-03 12:30:10,2.28,29.0,1.1,2.82,12,3,0,afternoon,8929.0,,
2025-04-03 12:49:41,2.09,2.0,0.07,0.83,12,3,0,afternoon,1171.0,kitchen_faucet,
2025-04-03 12:52:40,1.08,16.0,0.29,2.09,12,3,0,afternoon,179.0,,
2025-04-03 12:53:57,1.57,58.0,1.51,2.09,12,3,0,afternoon,77.0,,
2025-04-03 12:54:33,1.66,11.0,0.3,2.09,12,3,0,afternoon,36.0,,
2025-04-03 12:55:25,1.76,19.0,0.56,2.19,12,3,0,afternoon,52.0,,
2025-04-03 12:55:51,1.52,12.0,0.3,1.98,12,3,0,afternoon,26.0,,
2025-04-03 13:41:10,0.05,2279.0,1.72,2.09,13,3,0,afternoon,2719.0,,
2025-04-03 14:44:52,0.67,7.0,0.08,0.94,14,3,0,afternoon,3822.0,kitchen_faucet,
2025-04-03 15:13:30,1.57,10.0,0.26,1.88,15,3,0,afternoon,1718.0,,
2025-04-03 15:18:48,1.48,131.0,3.23,1.98,15,3,0,afternoon,318.0,,
2025-04-03 15:20:41,1.65,18.0,0.5,2.09,15,3,0,afternoon,113.0,,
2025-04-03 15:22:39,1.48,35.0,0.86,1.77,15,3,0,afternoon,118.0,,
2025-04-03 15:30:48,1.5,90.0,2.25,1.98,15,3,0,afternoon,489.0,,
2025-04-03 15:31:01,2.35,2.0,0.08,0.94,15,3,0,afternoon,13.0,kitchen_faucet,
2025-04-03 15:49:36,0.91,97.0,1.48,1.36,15,3,0,afternoon,1115.0,,
2025-04-03 15:54:35,0.03,177.0,0.08,0.94,15,3,0,afternoon,299.0,,
2025-04-03 16:25:52,0.99,41.0,0.68,1.46,16,3,0,afternoon,1877.0,,
2025-04-03 16:32:11,0.91,93.0,1.42,1.36,16,3,0,afternoon,379.0,,
2025-04-03 19:02:25,0.01,8847.0,1.34,2.5,19,3,0,evening,9014.0,,
2025-04-03 19:04:55,2.91,89.0,4.32,3.55,19,3,0,evening,150.0,,
2025-04-03 19:11:05,0.21,160.0,0.56,2.4,19,3,0,evening,370.0,,
2025-04-03 19:48:32,0.7,6.0,0.07,0.83,19,3,0,evening,2247.0,kitchen_faucet,
2025-04-03 19:55:19,1.3,2.0,0.04,0.52,19,3,0,evening,407.0,kitchen_faucet,
2025-04-03 20:18:47,1.53,15.0,0.38,1.88,20,3,0,evening,1408.0,,
2025-04-03 21:14:45,1.04,5.0,0.09,1.04,21,3,0,evening,3358.0,kitchen_faucet,
2025-04-04 03:25:30,1.04,5.0,0.09,1.04,3,4,0,night,22245.0,kitchen_faucet,
2025-04-04 06:52:56,0.0,24351.0,1.03,2.3,6,4,0,morning,12446.0,,
2025-04-04 06:59:02,1.57,9.0,0.23,1.88,6,4,0,morning,366.0,kitchen_faucet,
2025-04-04 07:11:50,1.7,86.0,2.43,2.09,7,4,0,morning,768.0,,
2025-04-04 07:13:38,0.81,9.0,0.12,1.15,7,4,0,morning,108.0,kitchen_faucet,
2025-04-04 07:26:02,1.63,8.0,0.22,1.88,7,4,0,morning,744.0,kitchen_faucet,
2025-04-04 07:27:46,1.41,86.0,2.03,1.88,7,4,0,morning,104.0,,
2025-04-04 07:43:03,2.19,30.0,1.1,2.71,7,4,0,morning,917.0,,
2025-04-04 07:45:46,1.61,13.0,0.35,1.98,7,4,0,morning,163.0,,
2025-04-04 07:46:47,0.89,31.0,0.46,1.36,7,4,0,morning,61.0,,
2025-04-04 07:51:06,0.37,7.0,0.04,0.52,7,4,0,morning,259.0,kitchen_faucet,
2025-04-04 07:51:47,0.18,17.0,0.05,0.63,7,4,0,morning,41.0,,
2025-04-04 07:53:03,1.52,37.0,0.94,1.98,7,4,0,morning,76.0,,
2025-04-04 07:59:27,0.61,12.0,0.12,0.94,7,4,0,morning,384.0,,
2025-04-04 08:12:46,1.91,58.0,1.84,2.61,8,4,0,morning,799.0,,
2025-04-04 08:23:54,1.86,209.0,6.49,3.23,8,4,0,morning,668.0,,shower
2025-04-04 08:30:40,0.25,215.0,0.9,1.88,8,4,0,morning,406.0,,
2025-04-04 09:46:09,1.46,190.0,4.63,2.5,9,4,0,morning,4529.0,,
2025-04-04 09:53:45,0.02,254.0,0.08,0.94,9,4,0,morning,456.0,,
2025-04-04 09:55:38,1.66,21.0,0.58,2.09,9,4,0,morning,113.0,,
2025-04-04 12:31:53,0.54,23.0,0.21,0.94,12,4,0,afternoon,9375.0,,
2025-04-04 16:07:49,1.21,50.0,1.01,1.67,16,4,0,afternoon,12956.0,,
2025-04-04 17:46:09,1.94,35.0,1.13,2.5,17,4,0,afternoon,5900.0,,
2025-04-04 18:47:59,0.09,593.0,0.84,1.36,18,4,0,evening,3710.0,,
2025-04-04 18:50:56,0.67,46.0,0.51,1.15,18,4,0,evening,177.0,,
2025-04-04 18:54:31,0.22,45.0,0.17,1.67,18,4,0,evening,215.0,,
2025-04-04 18:54:55,0.63,10.0,0.1,1.15,18,4,0,evening,24.0,,
2025-04-04 20:32:42,0.01,5860.0,1.1,2.61,20,4,0,evening,5867.0,,
2025-04-04 20:58:21,1.3,2.0,0.04,0.52,20,4,0,evening,1539.0,kitchen_faucet,
2025-04-05 00:08:13,0.14,88.0,0.21,1.15,0,5,1,night,11392.0,,
2025-04-05 00:09:43,0.45,14.0,0.1,0.94,0,5,1,night,90.0,,
2025-04-05 07:34:28,1.97,39.0,1.28,2.4,7,5,1,morning,26685.0,,WC
2025-04-05 07:37:04,0.56,14.0,0.13,0.94,7,5,1,morning,156.0,,
2025-04-05 07:37:40,1.48,12.0,0.3,1.77,7,5,1,morning,36.0,,
2025-04-05 07:44:17,2.09,2.0,0.07,0.83,7,5,1,morning,397.0,kitchen_faucet,
2025-04-05 07:48:57,0.26,67.0,0.3,1.77,7,5,1,morning,280.0,,
2025-04-05 07:58:44,1.91,3.0,0.1,1.15,7,5,1,morning,587.0,kitchen_faucet,
2025-04-05 08:05:28,2.02,33.0,1.11,2.61,8,5,1,morning,404.0,,
2025-04-05 08:06:38,1.75,29.0,0.84,2.19,8,5,1,morning,70.0,,
2025-04-05 08:09:03,1.85,84.0,2.59,2.5,8,5,1,morning,145.0,,
2025-04-05 08:10:16,1.74,15.0,0.43,2.3,8,5,1,morning,73.0,,
2025-04-05 08:15:04,0.38,83.0,0.52,2.19,8,5,1,morning,288.0,,
2025-04-05 08:22:30,0.01,322.0,0.05,0.63,8,5,1,morning,446.0,,
2025-04-05 08:31:40,2.61,4.0,0.17,2.09,8,5,1,morning,550.0,kitchen_faucet,
2025-04-05 08:33:18,2.25,87.0,3.26,3.13,8,5,1,morning,98.0,,
2025-04-05 08:33:34,1.3,6.0,0.13,1.57,8,5,1,morning,16.0,kitchen_faucet,
2025-04-05 08:34:33,1.48,6.0,0.15,1.77,8,5,1,morning,59.0,kitchen_faucet,
2025-04-05 08:35:09,1.73,16.0,0.46,2.09,8,5,1,morning,36.0,,
2025-04-05 08:36:22,1.57,10.0,0.26,1.88,8,5,1,morning,73.0,,
2025-04-05 08:39:00,0.87,3.0,0.04,0.52,8,5,1,morning,158.0,kitchen_faucet,
2025-04-05 08:45:06,1.09,59.0,1.07,1.46,8,5,1,morning,366.0,,
2025-04-05 09:25:42,0.59,16.0,0.16,0.94,9,5,1,morning,2436.0,,
2025-04-05 09:26:05,1.83,2.0,0.06,0.73,9,5,1,morning,23.0,kitchen_faucet,
2025-04-05 09:26:28,0.52,9.0,0.08,0.73,9,5,1,morning,23.0,kitchen_faucet,
2025-04-05 09:51:14,0.02,154.0,0.04,0.52,9,5,1,morning,1486.0,,
2025-04-05 09:54:26,1.57,9.0,0.23,1.88,9,5,1,morning,192.0,kitchen_faucet,
2025-04-05 09:55:00,1.48,6.0,0.15,1.77,9,5,1,morning,34.0,kitchen_faucet,
2025-04-05 11:47:04,1.85,35.0,1.08,2.4,11,5,1,morning,6724.0,,
2025-04-05 11:49:36,1.42,11.0,0.26,1.88,11,5,1,morning,152.0,,
2025-04-05 14:27:10,1.47,16.0,0.39,1.88,14,5,1,afternoon,9454.0,,
2025-04-05 17:25:15,0.52,27.0,0.23,0.94,17,5,1,afternoon,10685.0,,
2025-04-05 19:01:17,2.16,50.0,1.8,2.92,19,5,1,evening,5762.0,,WC
2025-04-05 19:04:03,2.79,41.0,1.9,3.65,19,5,1,evening,166.0,,WC
2025-04-05 19:05:30,1.45,9.0,0.22,1.88,19,5,1,evening,87.0,kitchen_faucet,
2025-04-05 19:07:14,1.42,70.0,1.65,1.88,19,5,1,evening,104.0,,
2025-04-05 19:08:32,2.09,2.0,0.07,0.83,19,5,1,evening,78.0,kitchen_faucet,
2025-04-05 19:09:31,1.5,50.0,1.25,3.55,19,5,1,evening,59.0,,WC
2025-04-05 19:25:56,0.2,862.0,2.93,3.76,19,5,1,evening,985.0,,
2025-04-05 19:30:20,0.49,113.0,0.93,1.77,19,5,1,evening,264.0,,
2025-04-05 20:03:53,1.4,107.0,2.5,1.88,20,5,1,evening,2013.0,,
2025-04-05 20:16:02,0.56,14.0,0.13,0.94,20,5,1,evening,729.0,,
2025-04-05 20:57:06,0.18,2287.0,6.9,3.03,20,5,1,evening,2464.0,,
2025-04-05 20:58:34,3.65,1.0,0.06,0.73,20,5,1,evening,88.0,kitchen_faucet,
2025-04-05 21:06:05,0.55,20.0,0.18,0.94,21,5,1,evening,451.0,,
2025-04-05 21:06:20,1.15,5.0,0.1,1.15,21,5,1,evening,15.0,kitchen_faucet,
2025-04-05 21:09:35,0.92,61.0,0.94,1.36,21,5,1,evening,195.0,,
2025-04-05 21:10:42,0.92,35.0,0.54,1.36,21,5,1,evening,67.0,,
2025-04-05 21:14:46,1.67,5.0,0.14,1.67,21,5,1,evening,244.0,kitchen_faucet,
2025-04-05 21:46:36,0.94,34.0,0.53,1.36,21,5,1,evening,1910.0,,
2025-04-05 21:52:56,0.89,94.0,1.39,1.25,21,5,1,evening,380.0,,
2025-04-05 22:02:49,0.05,95.0,0.09,1.04,22,5,1,evening,593.0,,
2025-04-06 08:55:30,0.0,27616.0,0.76,1.77,8,6,1,morning,39161.0,,
2025-04-06 08:59:09,1.57,74.0,1.93,2.4,8,6,1,morning,219.0,,
2025-04-06 08:59:43,0.57,20.0,0.19,0.94,8,6,1,morning,34.0,,
2025-04-06 09:14:55,1.39,3.0,0.07,0.83,9,6,1,morning,912.0,kitchen_faucet,
2025-04-06 09:41:04,0.94,21.0,0.33,1.36,9,6,1,morning,1569.0,,
2025-04-06 09:43:13,1.74,6.0,0.17,1.88,9,6,1,morning,129.0,kitchen_faucet,
2025-04-06 09:59:52,1.97,52.0,1.7,2.61,9,6,1,morning,999.0,,
2025-04-06 10:06:07,0.05,135.0,0.1,1.15,10,6,1,morning,375.0,,
2025-04-06 10:06:21,1.3,2.0,0.04,0.52,10,6,1,morning,14.0,kitchen_faucet,
2025-04-06 10:06:35,0.94,5.0,0.08,0.94,10,6,1,morning,14.0,kitchen_faucet,
2025-04-06 10:52:56,1.64,7.0,0.19,1.98,10,6,1,morning,2781.0,kitchen_faucet,
2025-04-06 11:14:07,1.57,9.0,0.23,1.88,11,6,1,morning,1271.0,kitchen_faucet,
2025-04-06 11:38:27,0.03,528.0,0.3,1.77,11,6,1,morning,1460.0,,
2025-04-06 11:40:41,0.18,127.0,0.38,2.09,11,6,1,morning,134.0,,
2025-04-06 11:41:19,1.83,2.0,0.06,0.73,11,6,1,morning,38.0,kitchen_faucet,
2025-04-06 11:45:18,0.78,4.0,0.05,0.63,11,6,1,morning,239.0,kitchen_faucet,
2025-04-06 11:56:19,0.58,17.0,0.17,0.94,11,6,1,morning,661.0,,
2025-04-06 13:22:04,1.87,687.0,21.36,3.23,13,6,1,afternoon,5145.0,,
2025-04-06 13:27:12,0.07,173.0,0.19,1.88,13,6,1,afternoon,308.0,,
2025-04-06 13:28:17,1.86,27.0,0.83,2.5,13,6,1,afternoon,65.0,,
2025-04-06 14:07:02,0.01,2246.0,0.36,1.77,14,6,1,afternoon,2325.0,,
2025-04-06 14:21:21,1.65,6.0,0.17,1.88,14,6,1,afternoon,859.0,kitchen_faucet,
2025-04-06 14:21:46,1.38,11.0,0.25,1.67,14,6,1,afternoon,25.0,,
2025-04-06 14:22:52,1.47,44.0,1.08,1.88,14,6,1,afternoon,66.0,,
2025-04-06 14:23:19,2.09,2.0,0.07,0.83,14,6,1,afternoon,27.0,kitchen_faucet,
2025-04-06 14:24:23,1.53,29.0,0.74,1.88,14,6,1,afternoon,64.0,,
2025-04-06 14:25:20,1.49,36.0,0.9,2.09,14,6,1,afternoon,57.0,,
2025-04-06 14:25:30,3.13,1.0,0.05,0.63,14,6,1,afternoon,10.0,kitchen_faucet,
2025-04-06 14:25:51,1.04,15.0,0.26,1.57,14,6,1,afternoon,21.0,,
2025-04-06 14:26:28,1.57,3.0,0.08,0.94,14,6,1,afternoon,37.0,kitchen_faucet,
2025-04-06 14:27:01,1.19,14.0,0.28,1.77,14,6,1,afternoon,33.0,,
2025-04-06 14:27:17,1.57,7.0,0.18,1.98,14,6,1,afternoon,16.0,kitchen_faucet,
2025-04-06 14:27:59,1.61,21.0,0.57,2.09,14,6,1,afternoon,42.0,,
2025-04-06 14:34:31,1.52,11.0,0.28,1.98,14,6,1,afternoon,392.0,,
2025-04-06 14:35:32,1.51,9.0,0.23,1.88,14,6,1,afternoon,61.0,kitchen_faucet,
2025-04-06 14:45:34,1.68,9.0,0.25,2.09,14,6,1,afternoon,602.0,kitchen_faucet,
2025-04-06 14:51:10,0.46,17.0,0.13,0.83,14,6,1,afternoon,336.0,,
2025-04-06 15:05:12,0.61,6.0,0.06,0.73,15,6,1,afternoon,842.0,kitchen_faucet,
2025-04-06 15:07:16,0.47,10.0,0.08,0.83,15,6,1,afternoon,124.0,,
2025-04-06 15:12:04,0.75,36.0,0.45,1.15,15,6,1,afternoon,288.0,,
2025-04-06 15:52:01,0.0,2183.0,0.05,0.63,15,6,1,afternoon,2397.0,,
2025-04-06 15:53:39,1.74,3.0,0.09,1.04,15,6,1,afternoon,98.0,kitchen_faucet,
2025-04-06 16:58:34,0.0,2671.0,0.21,0.94,16,6,1,afternoon,3895.0,,
2025-04-06 17:00:32,0.52,48.0,0.42,0.94,17,6,1,afternoon,118.0,,
2025-04-06 17:01:18,1.04,17.0,0.3,1.46,17,6,1,afternoon,46.0,,
2025-04-06 17:03:57,1.39,3.0,0.07,0.83,17,6,1,afternoon,159.0,kitchen_faucet,
2025-04-06 17:04:38,2.0,35.0,1.17,2.5,17,6,1,afternoon,41.0,,
2025-04-06 17:07:32,0.11,86.0,0.16,1.88,17,6,1,afternoon,174.0,,
2025-04-06 17:14:55,1.7,4.0,0.11,1.36,17,6,1,afternoon,443.0,kitchen_faucet,
2025-04-06 17:45:21,0.73,5.0,0.06,0.73,17,6,1,afternoon,1826.0,kitchen_faucet,
2025-04-06 18:39:55,0.02,620.0,0.23,1.98,18,6,1,evening,3274.0,,
2025-04-06 18:40:18,1.64,7.0,0.19,1.98,18,6,1,evening,23.0,kitchen_faucet,
2025-04-06 18:49:03,2.61,1.0,0.04,0.52,18,6,1,evening,525.0,kitchen_faucet,
2025-04-06 18:50:32,1.74,3.0,0.09,1.04,18,6,1,evening,89.0,kitchen_faucet,
2025-04-06 19:10:47,0.0,1050.0,0.04,0.52,19,6,1,evening,1215.0,,
2025-04-06 19:15:49,1.72,10.0,0.29,1.88,19,6,1,evening,302.0,,
2025-04-06 19:19:01,1.43,4.0,0.1,1.15,19,6,1,evening,192.0,kitchen_faucet,
2025-04-06 19:20:42,1.3,8.0,0.17,1.88,19,6,1,evening,101.0,kitchen_faucet,
2025-04-06 19:21:20,1.19,14.0,0.28,1.46,19,6,1,evening,38.0,,
2025-04-06 19:22:29,0.94,47.0,0.74,1.88,19,6,1,evening,69.0,,
2025-04-06 19:22:52,1.62,10.0,0.27,1.88,19,6,1,evening,23.0,,
2025-04-06 19:24:32,1.5,64.0,1.6,1.98,19,6,1,evening,100.0,,
2025-04-06 19:26:15,1.5,24.0,0.6,2.09,19,6,1,evening,103.0,,
2025-04-06 19:27:26,1.5,16.0,0.4,2.09,19,6,1,evening,71.0,,
2025-04-06 19:28:14,1.47,22.0,0.54,1.88,19,6,1,evening,48.0,,
2025-04-06 19:28:35,1.7,8.0,0.23,1.88,19,6,1,evening,21.0,kitchen_faucet,
2025-04-06 19:28:51,1.83,2.0,0.06,0.73,19,6,1,evening,16.0,kitchen_faucet,
2025-04-06 19:29:08,1.3,4.0,0.09,1.04,19,6,1,evening,17.0,kitchen_faucet,
2025-04-06 19:31:15,1.57,23.0,0.6,1.98,19,6,1,evening,127.0,,
2025-04-06 20:06:00,0.52,20.0,0.17,0.94,20,6,1,evening,2085.0,,
2025-04-06 20:10:19,1.77,5.0,0.15,1.77,20,6,1,evening,259.0,kitchen_faucet,
2025-04-06 20:14:40,1.96,46.0,1.5,2.3,20,6,1,evening,261.0,,WC
2025-04-06 20:41:09,2.35,2.0,0.08,0.94,20,6,1,evening,1589.0,kitchen_faucet,
2025-04-06 20:41:52,1.62,10.0,0.27,1.88,20,6,1,evening,43.0,,
2025-04-06 20:45:31,1.35,12.0,0.27,1.77,20,6,1,evening,219.0,,
2025-04-06 20:47:15,1.42,55.0,1.3,1.88,20,6,1,evening,104.0,,
2025-04-06 21:23:59,1.24,8.0,0.17,1.67,21,6,1,evening,2204.0,kitchen_faucet,
2025-04-06 21:34:49,0.46,17.0,0.13,0.83,21,6,1,evening,650.0,,
2025-04-06 21:35:59,1.48,6.0,0.15,1.57,21,6,1,evening,70.0,kitchen_faucet,
2025-04-06 21:53:40,1.6,14.0,0.37,1.98,21,6,1,evening,1061.0,,
2025-04-06 21:59:17,0.94,98.0,1.54,1.36,21,6,1,evening,337.0,,
2025-04-06 22:02:07,1.04,9.0,0.16,1.36,22,6,1,evening,170.0,kitchen_faucet,
2025-04-06 22:02:47,1.11,8.0,0.15,1.36,22,6,1,evening,40.0,kitchen_faucet,
2025-04-06 22:10:27,0.41,210.0,1.43,1.36,22,6,1,evening,460.0,,
2025-04-06 22:23:14,0.67,93.0,1.04,1.15,22,6,1,evening,767.0,,
2025-04-06 22:25:13,1.17,4.0,0.08,0.94,22,6,1,evening,119.0,kitchen_faucet,
2025-04-06 22:29:04,0.56,15.0,0.14,0.94,22,6,1,evening,231.0,,
2025-04-06 23:01:38,0.9,95.0,1.42,1.36,23,6,1,evening,1954.0,,
2025-04-06 23:11:11,0.89,94.0,1.4,1.36,23,6,1,evening,573.0,,
2025-04-07 00:06:27,0.0,3049.0,0.04,0.52,0,0,0,night,3316.0,,
2025-04-07 00:22:18,2.09,30.0,1.04,2.5,0,0,0,night,951.0,,
2025-04-07 03:35:02,0.55,17.0,0.16,0.94,3,0,0,night,11564.0,,
2025-04-07 07:16:23,1.47,432.0,10.58,3.23,7,0,0,morning,13281.0,,
2025-04-07 07:17:35,1.04,5.0,0.09,1.04,7,0,0,morning,72.0,kitchen_faucet,
2025-04-07 07:22:39,2.26,3.0,0.11,1.36,7,0,0,morning,304.0,kitchen_faucet,
2025-04-07 07:26:16,1.54,18.0,0.46,1.88,7,0,0,morning,217.0,,
2025-04-07 07:26:29,0.6,7.0,0.07,0.83,7,0,0,morning,13.0,kitchen_faucet,
2025-04-07 07:28:09,1.64,7.0,0.19,1.88,7,0,0,morning,100.0,kitchen_faucet,
2025-04-07 07:31:20,1.74,3.0,0.09,1.04,7,0,0,morning,191.0,kitchen_faucet,
2025-04-07 07:34:17,0.75,7.0,0.09,1.04,7,0,0,morning,177.0,kitchen_faucet,
2025-04-07 07:39:12,1.4,29.0,0.68,1.88,7,0,0,morning,295.0,,
2025-04-07 07:40:01,1.57,9.0,0.23,1.88,7,0,0,morning,49.0,kitchen_faucet,
2025-04-07 07:42:44,1.89,55.0,1.73,2.4,7,0,0,morning,163.0,,
2025-04-07 07:48:07,1.57,3.0,0.08,0.94,7,0,0,morning,323.0,kitchen_faucet,
2025-04-07 07:51:21,1.91,6.0,0.19,1.98,7,0,0,morning,194.0,kitchen_faucet,
2025-04-07 08:00:54,1.83,4.0,0.12,1.46,8,0,0,morning,573.0,kitchen_faucet,
2025-04-07 08:02:40,0.65,8.0,0.09,0.94,8,0,0,morning,106.0,kitchen_faucet,
2025-04-07 08:23:09,0.07,125.0,0.14,1.46,8,0,0,morning,1229.0,,
2025-04-07 08:26:34,1.82,52.0,1.57,2.4,8,0,0,morning,205.0,,
2025-04-07 08:38:43,1.6,162.0,4.33,3.34,8,0,0,morning,729.0,,
2025-04-07 14:58:45,0.0,22617.0,1.17,3.03,14,0,0,afternoon,22802.0,,
2025-04-07 15:09:56,0.97,7.0,0.11,1.25,15,0,0,afternoon,671.0,kitchen_faucet,
2025-04-07 15:20:37,1.6,30.0,0.8,1.77,15,0,0,afternoon,641.0,,
2025-04-07 15:22:58,1.87,81.0,2.52,2.5,15,0,0,afternoon,141.0,,
2025-04-07 15:24:18,1.8,20.0,0.6,2.4,15,0,0,afternoon,80.0,,
2025-04-07 15:43:45,0.01,1015.0,0.25,1.98,15,0,0,afternoon,1167.0,,
2025-04-07 15:44:38,1.91,6.0,0.19,2.19,15,0,0,afternoon,53.0,kitchen_faucet,
2025-04-07 15:46:11,1.7,85.0,2.41,2.3,15,0,0,afternoon,93.0,,
2025-04-07 15:46:48,1.22,27.0,0.55,1.57,15,0,0,afternoon,37.0,,
2025-04-07 15:47:29,1.73,22.0,0.63,2.19,15,0,0,afternoon,41.0,,
2025-04-07 15:54:01,2.09,3.0,0.1,1.25,15,0,0,afternoon,392.0,kitchen_faucet,
2025-04-07 15:55:32,1.11,58.0,1.07,1.57,15,0,0,afternoon,91.0,,
2025-04-07 16:13:32,1.51,20.0,0.5,1.88,16,0,0,afternoon,1080.0,,
2025-04-07 16:33:58,1.68,9.0,0.25,1.98,16,0,0,afternoon,1226.0,kitchen_faucet,
2025-04-07 18:21:21,1.96,34.0,1.11,2.5,18,0,0,evening,6443.0,,
2025-04-07 18:53:19,1.95,35.0,1.14,2.3,18,0,0,evening,1918.0,,
2025-04-07 20:17:50,1.22,3.0,0.06,0.73,20,0,0,evening,5071.0,kitchen_faucet,
2025-04-07 21:27:05,0.0,2993.0,0.1,0.73,21,0,0,evening,4155.0,,
2025-04-07 21:28:31,0.11,80.0,0.15,1.36,21,0,0,evening,86.0,,
2025-04-07 21:28:48,1.04,8.0,0.14,1.46,21,0,0,evening,17.0,kitchen_faucet,
2025-04-07 21:43:08,0.04,250.0,0.17,1.25,21,0,0,evening,860.0,,
2025-04-07 22:06:48,0.01,1287.0,0.15,1.77,22,0,0,evening,1420.0,,
2025-04-07 22:15:03,0.78,4.0,0.05,0.63,22,0,0,evening,495.0,kitchen_faucet,
2025-04-07 22:15:22,0.78,4.0,0.05,0.63,22,0,0,evening,19.0,kitchen_faucet,
2025-04-07 23:19:28,0.78,4.0,0.05,0.63,23,0,0,evening,3846.0,kitchen_faucet,
2025-04-07 23:24:58,0.1,25.0,0.04,0.52,23,0,0,evening,330.0,,
2025-04-07 23:26:11,1.11,8.0,0.15,1.36,23,0,0,evening,73.0,kitchen_faucet,
2025-04-07 23:32:19,0.07,355.0,0.41,1.88,23,0,0,evening,368.0,,
2025-04-07 23:32:45,1.24,13.0,0.27,1.57,23,0,0,evening,26.0,,
2025-04-07 23:40:00,0.55,20.0,0.18,0.94,23,0,0,evening,435.0,,
2025-04-07 23:41:46,0.55,18.0,0.17,0.94,23,0,0,evening,106.0,,
2025-04-07 23:42:54,0.55,19.0,0.17,0.94,23,0,0,evening,68.0,,
2025-04-07 23:45:34,1.11,100.0,1.84,2.71,23,0,0,evening,160.0,,
2025-04-07 23:48:25,0.18,55.0,0.17,1.36,23,0,0,evening,171.0,,
2025-04-07 23:49:05,1.11,8.0,0.15,1.36,23,0,0,evening,40.0,kitchen_faucet,
2025-04-07 23:51:54,1.04,9.0,0.16,1.36,23,0,0,evening,169.0,kitchen_faucet,
2025-04-07 23:56:44,0.9,93.0,1.39,1.36,23,0,0,evening,290.0,,
2025-04-08 00:45:12,0.9,93.0,1.39,1.36,0,1,0,night,2908.0,,
2025-04-08 00:54:47,0.89,93.0,1.38,1.36,0,1,0,night,575.0,,
2025-04-08 05:48:34,2.16,30.0,1.08,2.61,5,1,0,night,17627.0,,
2025-04-08 06:44:41,1.78,38.0,1.13,2.19,6,1,0,morning,3367.0,,
2025-04-08 07:14:38,1.13,6.0,0.11,1.36,7,1,0,morning,1797.0,kitchen_faucet,
2025-04-08 07:23:51,1.37,32.0,0.73,1.88,7,1,0,morning,553.0,,
2025-04-08 07:26:35,1.32,17.0,0.37,1.77,7,1,0,morning,164.0,,
2025-04-08 07:38:40,0.75,104.0,1.3,1.25,7,1,0,morning,725.0,,
2025-04-08 07:40:33,1.63,16.0,0.43,1.98,7,1,0,morning,113.0,,
2025-04-08 07:43:35,2.03,30.0,1.02,2.5,7,1,0,morning,182.0,,
2025-04-08 07:45:26,0.83,5.0,0.07,0.83,7,1,0,morning,111.0,kitchen_faucet,
2025-04-08 07:46:05,0.36,13.0,0.08,0.73,7,1,0,morning,39.0,,
2025-04-08 07:50:33,1.04,3.0,0.05,0.63,7,1,0,morning,268.0,kitchen_faucet,
2025-04-08 08:01:46,0.22,47.0,0.17,1.04,8,1,0,morning,673.0,,
2025-04-08 08:06:35,0.4,235.0,1.57,2.3,8,1,0,morning,289.0,,
2025-04-08 08:07:15,1.09,33.0,0.6,1.88,8,1,0,morning,40.0,,
2025-04-08 08:18:21,0.14,489.0,1.1,2.4,8,1,0,morning,666.0,,
2025-04-08 08:27:33,1.42,18.0,0.43,1.77,8,1,0,morning,552.0,,
2025-04-08 08:41:23,1.36,498.0,11.25,3.23,8,1,0,morning,830.0,,
2025-04-08 08:42:52,1.41,20.0,0.47,1.88,8,1,0,morning,89.0,,
2025-04-08 08:44:08,1.46,57.0,1.39,1.88,8,1,0,morning,76.0,,
2025-04-08 08:45:17,1.38,45.0,1.03,1.67,8,1,0,morning,69.0,,
2025-04-08 08:45:57,1.57,3.0,0.08,0.94,8,1,0,morning,40.0,kitchen_faucet,
2025-04-08 08:47:05,1.51,29.0,0.73,1.98,8,1,0,morning,68.0,,
2025-04-08 08:53:21,1.7,4.0,0.11,1.36,8,1,0,morning,376.0,kitchen_faucet,
2025-04-08 08:55:32,1.44,17.0,0.41,1.88,8,1,0,morning,131.0,,
2025-04-08 09:01:17,0.78,4.0,0.05,0.63,9,1,0,morning,345.0,kitchen_faucet,
2025-04-08 09:02:07,1.3,2.0,0.04,0.52,9,1,0,morning,50.0,kitchen_faucet,
2025-04-08 09:03:18,1.67,5.0,0.14,1.67,9,1,0,morning,71.0,kitchen_faucet,
2025-04-08 09:06:56,1.4,13.0,0.3,1.77,9,1,0,morning,218.0,,
2025-04-08 09:12:21,2.61,1.0,0.04,0.52,9,1,0,morning,325.0,kitchen_faucet,
2025-04-08 09:13:06,0.59,16.0,0.16,0.94,9,1,0,morning,45.0,,
2025-04-08 09:31:36,2.09,30.0,1.04,2.71,9,1,0,morning,1110.0,,
2025-04-08 11:07:12,0.76,39.0,0.5,1.67,11,1,0,morning,5736.0,,
2025-04-08 11:07:45,0.98,8.0,0.13,1.25,11,1,0,morning,33.0,kitchen_faucet,
2025-04-08 11:13:34,1.71,73.0,2.08,2.3,11,1,0,morning,349.0,,
2025-04-08 11:13:49,3.65,1.0,0.06,0.73,11,1,0,morning,15.0,kitchen_faucet,
2025-04-08 11:19:47,1.47,132.0,3.23,3.65,11,1,0,morning,358.0,,
2025-04-08 11:30:39,1.76,35.0,1.03,2.3,11,1,0,morning,652.0,,
2025-04-08 11:37:23,1.48,322.0,7.97,1.77,11,1,0,morning,404.0,,
2025-04-08 11:44:07,0.07,169.0,0.19,1.88,11,1,0,morning,404.0,,
2025-04-08 11:45:54,1.91,3.0,0.1,1.15,11,1,0,morning,107.0,kitchen_faucet,
2025-04-08 11:47:01,1.83,2.0,0.06,0.73,11,1,0,morning,67.0,kitchen_faucet,
2025-04-08 11:47:53,0.07,39.0,0.04,0.52,11,1,0,morning,52.0,,
2025-04-08 11:49:27,0.97,72.0,1.17,1.67,11,1,0,morning,94.0,,
2025-04-08 12:06:17,1.1,9.0,0.17,1.57,12,1,0,afternoon,1010.0,kitchen_faucet,
2025-04-08 12:30:46,0.09,66.0,0.1,1.15,12,1,0,afternoon,1469.0,,
2025-04-08 12:36:54,1.51,10.0,0.25,1.77,12,1,0,afternoon,368.0,,
2025-04-08 12:37:28,1.88,5.0,0.16,1.88,12,1,0,afternoon,34.0,kitchen_faucet,
2025-04-08 12:59:24,1.83,35.0,1.07,2.3,12,1,0,afternoon,1316.0,,
2025-04-08 13:06:10,1.91,3.0,0.1,1.15,13,1,0,afternoon,406.0,kitchen_faucet,
2025-04-08 13:11:07,1.48,12.0,0.3,1.88,13,1,0,afternoon,297.0,,
2025-04-08 13:11:27,1.38,11.0,0.25,1.88,13,1,0,afternoon,20.0,,
2025-04-08 13:13:45,1.39,15.0,0.35,1.77,13,1,0,afternoon,138.0,,
2025-04-08 13:24:24,1.37,268.0,6.1,1.88,13,1,0,afternoon,639.0,,
2025-04-08 13:28:19,0.39,97.0,0.63,1.77,13,1,0,afternoon,235.0,,
2025-04-08 13:30:21,1.71,7.0,0.2,1.88,13,1,0,afternoon,122.0,kitchen_faucet,
2025-04-08 13:32:52,1.39,131.0,3.03,1.77,13,1,0,afternoon,151.0,,
2025-04-08 13:35:00,0.09,40.0,0.06,0.73,13,1,0,afternoon,128.0,,
2025-04-08 13:35:50,0.11,39.0,0.07,0.83,13,1,0,afternoon,50.0,,
2025-04-08 13:48:06,1.51,10.0,0.25,1.88,13,1,0,afternoon,736.0,,
2025-04-08 14:02:38,0.78,4.0,0.05,0.63,14,1,0,afternoon,872.0,kitchen_faucet,
2025-04-08 14:03:07,0.73,5.0,0.06,0.73,14,1,0,afternoon,29.0,kitchen_faucet,
2025-04-08 14:16:45,1.62,10.0,0.27,1.88,14,1,0,afternoon,818.0,,
2025-04-08 14:32:33,1.35,165.0,3.7,1.77,14,1,0,afternoon,948.0,,
2025-04-08 14:35:08,1.47,59.0,1.44,1.88,14,1,0,afternoon,155.0,,
2025-04-08 14:36:52,1.53,43.0,1.1,1.98,14,1,0,afternoon,104.0,,
2025-04-08 14:37:41,0.95,39.0,0.62,1.57,14,1,0,afternoon,49.0,,
2025-04-08 14:38:26,1.32,15.0,0.33,1.88,14,1,0,afternoon,45.0,,
2025-04-08 14:42:47,1.43,209.0,4.97,1.77,14,1,0,afternoon,261.0,,
2025-04-08 14:52:51,1.44,554.0,13.26,1.88,14,1,0,afternoon,604.0,,
2025-04-08 14:57:45,1.48,18.0,0.44,1.88,14,1,0,afternoon,294.0,,
2025-04-08 14:58:39,1.61,11.0,0.3,1.98,14,1,0,afternoon,54.0,,
2025-04-08 15:01:18,2.19,29.0,1.06,2.61,15,1,0,afternoon,159.0,,
2025-04-08 15:11:36,1.23,58.0,1.19,1.98,15,1,0,afternoon,618.0,,
2025-04-08 15:24:57,0.49,134.0,1.1,1.04,15,1,0,afternoon,801.0,,
2025-04-08 16:59:55,0.0,2302.0,0.07,0.83,16,1,0,afternoon,5698.0,,
2025-04-08 17:37:50,3.13,1.0,0.05,0.63,17,1,0,afternoon,2275.0,kitchen_faucet,
2025-04-08 17:38:59,0.51,33.0,0.28,1.88,17,1,0,afternoon,69.0,,
2025-04-08 17:54:47,1.93,33.0,1.06,2.3,17,1,0,afternoon,948.0,,
2025-04-08 18:13:44,1.74,3.0,0.09,1.04,18,1,0,evening,1137.0,kitchen_faucet,
2025-04-08 19:07:04,1.91,3.0,0.1,1.15,19,1,0,evening,3200.0,kitchen_faucet,
2025-04-08 19:32:51,0.0,1517.0,0.1,0.94,19,1,0,evening,1547.0,,
2025-04-08 19:44:19,2.53,40.0,1.69,3.03,19,1,0,evening,688.0,,WC
2025-04-08 19:46:00,2.53,69.0,2.9,3.55,19,1,0,evening,101.0,,
2025-04-08 19:48:46,1.76,106.0,3.1,2.4,19,1,0,evening,166.0,,
2025-04-08 19:49:35,1.67,5.0,0.14,1.67,19,1,0,evening,49.0,kitchen_faucet,
2025-04-08 19:50:40,1.88,15.0,0.47,2.5,19,1,0,evening,65.0,,
2025-04-08 19:53:16,1.24,8.0,0.17,1.88,19,1,0,evening,156.0,kitchen_faucet,
2025-04-08 19:54:09,2.09,3.0,0.1,1.25,19,1,0,evening,53.0,kitchen_faucet,
2025-04-08 19:54:46,1.42,28.0,0.66,1.77,19,1,0,evening,37.0,,
2025-04-08 19:56:19,1.47,33.0,0.81,1.88,19,1,0,evening,93.0,,
2025-04-08 20:02:05,0.7,6.0,0.07,0.83,20,1,0,evening,346.0,kitchen_faucet,
2025-04-08 20:04:46,1.88,5.0,0.16,1.88,20,1,0,evening,161.0,kitchen_faucet,
2025-04-08 20:06:33,1.7,96.0,2.71,2.19,20,1,0,evening,107.0,,
2025-04-08 20:06:48,1.46,5.0,0.12,1.46,20,1,0,evening,15.0,kitchen_faucet,
2025-04-08 20:07:53,1.7,24.0,0.68,1.88,20,1,0,evening,65.0,,
2025-04-08 20:08:56,1.04,8.0,0.14,1.36,20,1,0,evening,63.0,kitchen_faucet,
2025-04-08 20:09:45,0.6,7.0,0.07,0.83,20,1,0,evening,49.0,kitchen_faucet,
2025-04-08 20:14:08,1.1,59.0,1.08,1.57,20,1,0,evening,263.0,,
2025-04-08 20:18:29,0.52,10.0,0.09,0.83,20,1,0,evening,261.0,,
2025-04-08 20:34:28,0.02,860.0,0.31,1.67,20,1,0,evening,959.0,,
2025-04-08 20:37:14,2.16,29.0,1.04,2.5,20,1,0,evening,166.0,,
2025-04-08 20:44:24,0.16,77.0,0.21,0.94,20,1,0,evening,430.0,,
2025-04-08 20:59:55,1.15,5.0,0.1,1.15,20,1,0,evening,931.0,kitchen_faucet,
2025-04-08 21:00:59,1.5,8.0,0.2,1.88,21,1,0,evening,64.0,kitchen_faucet,
2025-04-08 21:03:45,2.09,3.0,0.1,1.25,21,1,0,evening,166.0,kitchen_faucet,
2025-04-08 21:04:30,1.53,15.0,0.38,1.98,21,1,0,evening,45.0,,
2025-04-08 21:09:28,0.05,115.0,0.1,1.15,21,1,0,evening,298.0,,
2025-04-08 21:11:21,1.39,3.0,0.07,0.83,21,1,0,evening,113.0,kitchen_faucet,
2025-04-08 21:15:18,1.57,5.0,0.13,1.57,21,1,0,evening,237.0,kitchen_faucet,
2025-04-08 21:29:50,1.65,6.0,0.17,1.88,21,1,0,evening,872.0,kitchen_faucet,
2025-04-08 22:04:11,0.8,13.0,0.17,1.15,22,1,0,evening,2061.0,,
2025-04-08 22:44:59,0.1,101.0,0.17,1.46,22,1,0,evening,2448.0,,
2025-04-08 22:56:42,2.02,32.0,1.08,2.5,22,1,0,evening,703.0,,
2025-04-08 23:46:25,1.87,34.0,1.06,2.4,23,1,0,evening,2983.0,,
2025-04-08 23:51:33,1.3,4.0,0.09,1.04,23,1,0,evening,308.0,kitchen_faucet,
2025-04-08 23:53:49,1.2,24.0,0.48,1.77,23,1,0,evening,136.0,,
2025-04-09 00:01:12,0.02,140.0,0.04,0.52,0,2,0,night,443.0,,
2025-04-09 02:28:29,0.0,3447.0,0.05,0.63,2,2,0,night,8837.0,,
2025-04-09 05:57:07,0.0,9339.0,0.05,0.63,5,2,0,night,12518.0,,
2025-04-09 07:07:22,1.33,99.0,2.19,2.4,7,2,0,morning,4215.0,,
2025-04-09 07:08:57,0.51,34.0,0.29,0.94,7,2,0,morning,95.0,,
2025-04-09 07:10:15,1.49,14.0,0.35,1.88,7,2,0,morning,78.0,,
2025-04-09 07:11:54,1.83,6.0,0.18,1.98,7,2,0,morning,99.0,kitchen_faucet,
2025-04-09 07:16:43,0.05,257.0,0.22,0.94,7,2,0,morning,289.0,,
2025-04-09 07:17:20,0.58,19.0,0.18,0.94,7,2,0,morning,37.0,,
2025-04-09 07:18:13,0.58,18.0,0.17,0.94,7,2,0,morning,53.0,,
2025-04-09 07:28:02,0.53,56.0,0.5,1.46,7,2,0,morning,589.0,,
2025-04-09 07:29:32,1.76,34.0,1.0,2.4,7,2,0,morning,90.0,,
2025-04-09 07:33:49,1.28,9.0,0.19,1.57,7,2,0,morning,257.0,kitchen_faucet,
2025-04-09 07:48:29,1.53,132.0,3.37,3.55,7,2,0,morning,880.0,,
2025-04-09 07:51:48,1.6,15.0,0.4,1.98,7,2,0,morning,199.0,,
2025-04-09 08:12:14,1.99,33.0,1.1,2.3,8,2,0,morning,1226.0,,
2025-04-09 08:23:53,1.04,3.0,0.05,0.63,8,2,0,morning,699.0,kitchen_faucet,
2025-04-09 08:24:32,2.61,1.0,0.04,0.52,8,2,0,morning,39.0,kitchen_faucet,
2025-04-09 08:27:35,1.1,10.0,0.18,1.36,8,2,0,morning,183.0,,
2025-04-09 08:27:58,1.3,2.0,0.04,0.52,8,2,0,morning,23.0,kitchen_faucet,
2025-04-09 08:36:45,1.8,206.0,6.17,3.44,8,2,0,morning,527.0,,shower
2025-04-09 09:07:06,0.0,1661.0,0.08,0.94,9,2,0,morning,1821.0,,
2025-04-09 09:09:28,0.19,116.0,0.37,1.77,9,2,0,morning,142.0,,
2025-04-09 09:10:13,1.44,17.0,0.41,1.88,9,2,0,morning,45.0,,
2025-04-09 09:30:42,2.61,1.0,0.04,0.52,9,2,0,morning,1229.0,kitchen_faucet,
2025-04-09 09:54:37,0.65,92.0,0.99,2.61,9,2,0,morning,1435.0,,
2025-04-09 10:07:31,2.09,2.0,0.07,0.83,10,2,0,morning,774.0,kitchen_faucet,
2025-04-09 11:02:14,1.76,34.0,1.0,2.3,11,2,0,morning,3283.0,,
2025-04-09 12:18:56,0.0,4361.0,0.04,0.52,12,2,0,afternoon,4602.0,,
2025-04-09 13:39:07,1.81,218.0,6.57,2.3,13,2,0,afternoon,4811.0,,shower
2025-04-09 13:39:47,2.1,29.0,1.02,2.61,13,2,0,afternoon,40.0,,
2025-04-09 14:08:26,1.6,46.0,1.23,2.09,14,2,0,afternoon,1719.0,,WC
2025-04-09 14:12:30,1.72,182.0,5.21,2.61,14,2,0,afternoon,244.0,,
2025-04-09 14:15:49,0.46,17.0,0.13,0.83,14,2,0,afternoon,199.0,,
2025-04-09 14:30:37,1.72,10.0,0.29,2.09,14,2,0,afternoon,888.0,,
2025-04-09 14:39:27,1.04,3.0,0.05,0.63,14,2,0,afternoon,530.0,kitchen_faucet,
2025-04-09 14:39:53,0.58,17.0,0.17,0.94,14,2,0,afternoon,26.0,,
2025-04-09 16:25:52,0.06,1467.0,1.53,2.61,16,2,0,afternoon,6359.0,,
2025-04-09 16:27:32,0.52,5.0,0.04,0.52,16,2,0,afternoon,100.0,kitchen_faucet,
2025-04-09 16:48:26,0.52,8.0,0.07,0.73,16,2,0,afternoon,1254.0,kitchen_faucet,
2025-04-09 16:50:04,1.3,92.0,2.0,1.98,16,2,0,afternoon,98.0,,
2025-04-09 16:59:01,0.35,12.0,0.07,0.83,16,2,0,afternoon,537.0,,
2025-04-09 17:01:57,1.44,29.0,0.7,1.88,17,2,0,afternoon,176.0,,
2025-04-09 17:06:09,1.65,12.0,0.33,1.88,17,2,0,afternoon,252.0,,
2025-04-09 17:08:34,1.76,8.0,0.23,1.98,17,2,0,afternoon,145.0,kitchen_faucet,
2025-04-09 17:33:13,0.0,959.0,0.05,0.63,17,2,0,afternoon,1479.0,,
2025-04-09 17:33:56,0.26,14.0,0.06,0.73,17,2,0,afternoon,43.0,,
2025-04-09 18:05:53,1.89,48.0,1.51,2.3,18,2,0,evening,1917.0,,WC
2025-04-09 18:38:01,0.0,1343.0,0.07,0.83,18,2,0,evening,1928.0,,
2025-04-09 18:38:57,0.14,34.0,0.08,0.94,18,2,0,evening,56.0,,
2025-04-09 18:59:49,0.37,412.0,2.54,3.55,18,2,0,evening,1252.0,,
2025-04-09 19:47:34,1.57,146.0,3.82,3.23,19,2,0,evening,2865.0,,
2025-04-09 20:03:44,0.75,7.0,0.09,1.04,20,2,0,evening,970.0,kitchen_faucet,
2025-04-09 20:55:43,0.0,2222.0,0.08,0.94,20,2,0,evening,3119.0,,
2025-04-09 21:11:49,1.22,9.0,0.18,1.46,21,2,0,evening,966.0,kitchen_faucet,
2025-04-09 22:43:40,1.83,35.0,1.07,2.5,22,2,0,evening,5511.0,,
2025-04-09 23:05:33,0.02,1226.0,0.45,1.46,23,2,0,evening,1313.0,,
2025-04-09 23:08:08,0.63,10.0,0.1,0.94,23,2,0,evening,155.0,,
2025-04-09 23:44:36,0.04,98.0,0.06,0.63,23,2,0,evening,2188.0,,
2025-04-09 23:45:27,0.34,43.0,0.24,0.83,23,2,0,evening,51.0,,
2025-04-10 01:29:39,0.0,3126.0,0.05,0.63,1,3,0,night,6252.0,,
2025-04-10 06:45:39,2.09,30.0,1.04,2.92,6,3,0,morning,18960.0,,
2025-04-10 07:06:23,1.87,33.0,1.03,2.4,7,3,0,morning,1244.0,,
2025-04-10 07:08:15,1.51,10.0,0.25,1.88,7,3,0,morning,112.0,,
2025-04-10 07:09:34,1.53,15.0,0.38,1.98,7,3,0,morning,79.0,,
2025-04-10 07:10:53,1.91,3.0,0.1,1.15,7,3,0,morning,79.0,kitchen_faucet,
2025-04-10 07:15:46,2.09,2.0,0.07,0.83,7,3,0,morning,293.0,kitchen_faucet,
2025-04-10 07:19:00,1.41,23.0,0.54,1.88,7,3,0,morning,194.0,,
2025-04-10 07:21:09,2.16,30.0,1.08,2.71,7,3,0,morning,129.0,,
2025-04-10 07:23:16,0.55,19.0,0.17,0.94,7,3,0,morning,127.0,,
2025-04-10 07:23:45,0.56,15.0,0.14,0.94,7,3,0,morning,29.0,,
2025-04-10 07:27:38,1.42,28.0,0.66,1.77,7,3,0,morning,233.0,,
2025-04-10 07:29:30,1.7,34.0,0.97,1.98,7,3,0,morning,112.0,,
2025-04-10 07:46:33,1.47,22.0,0.54,1.88,7,3,0,morning,1023.0,,
2025-04-10 07:49:52,1.57,13.0,0.34,1.88,7,3,0,morning,199.0,,
2025-04-10 07:50:11,1.61,12.0,0.32,1.98,7,3,0,morning,19.0,,
2025-04-10 07:51:27,1.37,16.0,0.37,1.77,7,3,0,morning,76.0,,
2025-04-10 07:52:55,1.11,8.0,0.15,1.36,7,3,0,morning,88.0,kitchen_faucet,
2025-04-10 07:54:01,1.12,7.0,0.13,1.46,7,3,0,morning,66.0,kitchen_faucet,
2025-04-10 07:57:51,1.84,34.0,1.04,2.19,7,3,0,morning,230.0,,
2025-04-10 08:02:01,0.32,188.0,1.01,1.98,8,3,0,morning,250.0,,
2025-04-10 08:02:28,1.15,5.0,0.1,1.15,8,3,0,morning,27.0,kitchen_faucet,
2025-04-10 08:03:30,2.54,37.0,1.57,3.34,8,3,0,morning,62.0,,WC
2025-04-10 08:03:58,1.57,2.0,0.05,0.63,8,3,0,morning,28.0,kitchen_faucet,
2025-04-10 08:04:45,1.26,31.0,0.65,1.67,8,3,0,morning,47.0,,
2025-04-10 08:07:29,0.03,75.0,0.04,0.52,8,3,0,morning,164.0,,
2025-04-10 08:12:05,0.89,7.0,0.1,1.15,8,3,0,morning,276.0,kitchen_faucet,
2025-04-10 08:15:47,1.67,100.0,2.78,3.13,8,3,0,morning,222.0,,
2025-04-10 08:26:36,0.46,588.0,4.51,3.34,8,3,0,morning,649.0,,
2025-04-10 08:29:34,1.2,17.0,0.34,1.77,8,3,0,morning,178.0,,
2025-04-10 08:36:46,1.25,33.0,0.69,1.67,8,3,0,morning,432.0,,
2025-04-10 08:38:05,1.22,3.0,0.06,0.73,8,3,0,morning,79.0,kitchen_faucet,
2025-04-10 08:40:04,0.73,87.0,1.06,1.15,8,3,0,morning,119.0,,
2025-04-10 08:41:03,1.27,30.0,0.63,1.57,8,3,0,morning,59.0,,
2025-04-10 08:41:39,0.3,28.0,0.14,1.36,8,3,0,morning,36.0,,
2025-04-10 08:50:14,1.39,3.0,0.07,0.83,8,3,0,morning,515.0,kitchen_faucet,
2025-04-10 08:51:45,1.04,5.0,0.09,1.04,8,3,0,morning,91.0,kitchen_faucet,
2025-04-10 09:00:07,0.02,152.0,0.05,0.63,9,3,0,morning,502.0,,
2025-04-10 09:22:49,0.03,111.0,0.05,0.63,9,3,0,morning,1362.0,,
2025-04-10 10:01:58,1.83,2.0,0.06,0.73,10,3,0,morning,2349.0,kitchen_faucet,
2025-04-10 10:10:21,0.87,3.0,0.04,0.52,10,3,0,morning,503.0,kitchen_faucet,
2025-04-10 10:14:05,1.79,7.0,0.21,1.98,10,3,0,morning,224.0,kitchen_faucet,
2025-04-10 10:15:21,1.48,18.0,0.44,1.77,10,3,0,morning,76.0,,
2025-04-10 10:35:24,0.01,1162.0,0.11,1.36,10,3,0,morning,1203.0,,
2025-04-10 10:46:15,0.01,563.0,0.09,1.04,10,3,0,morning,651.0,,
2025-04-10 10:49:39,1.57,8.0,0.21,1.98,10,3,0,morning,204.0,kitchen_faucet,
2025-04-10 10:50:05,1.28,11.0,0.23,1.67,10,3,0,morning,26.0,,
2025-04-10 10:52:27,0.7,6.0,0.07,0.83,10,3,0,morning,142.0,kitchen_faucet,
2025-04-10 10:52:45,0.73,5.0,0.06,0.73,10,3,0,morning,18.0,kitchen_faucet,
2025-04-10 11:02:42,1.62,9.0,0.24,2.09,11,3,0,morning,597.0,kitchen_faucet,
2025-04-10 11:02:50,2.61,1.0,0.04,0.52,11,3,0,morning,8.0,kitchen_faucet,
2025-04-10 11:06:18,1.98,33.0,1.09,2.5,11,3,0,morning,208.0,,
2025-04-10 11:06:51,0.87,3.0,0.04,0.52,11,3,0,morning,33.0,kitchen_faucet,
2025-04-10 11:10:42,2.09,2.0,0.07,0.83,11,3,0,morning,231.0,kitchen_faucet,
2025-04-10 11:21:17,0.57,55.0,0.52,0.94,11,3,0,morning,635.0,,
2025-04-10 11:21:38,1.25,5.0,0.1,1.25,11,3,0,morning,21.0,kitchen_faucet,
2025-04-10 11:38:09,0.67,7.0,0.08,0.94,11,3,0,morning,991.0,kitchen_faucet,
2025-04-10 11:38:23,0.78,4.0,0.05,0.63,11,3,0,morning,14.0,kitchen_faucet,
2025-04-10 12:06:47,2.06,40.0,1.37,2.4,12,3,0,afternoon,1704.0,,WC
2025-04-10 13:31:36,0.01,4801.0,0.74,1.98,13,3,0,afternoon,5089.0,,
2025-04-10 13:41:51,1.48,36.0,0.89,1.98,13,3,0,afternoon,615.0,,
2025-04-10 14:25:41,0.67,136.0,1.51,1.36,14,3,0,afternoon,2630.0,,
2025-04-10 14:35:15,0.18,338.0,1.03,2.09,14,3,0,afternoon,574.0,,
2025-04-10 14:36:10,1.57,5.0,0.13,1.57,14,3,0,afternoon,55.0,kitchen_faucet,
2025-04-10 14:48:18,0.59,16.0,0.16,0.94,14,3,0,afternoon,728.0,,
2025-04-10 14:50:38,2.36,29.0,1.14,3.03,14,3,0,afternoon,140.0,,
2025-04-10 15:02:31,0.94,34.0,0.53,1.36,15,3,0,afternoon,713.0,,
2025-04-10 15:08:51,0.91,94.0,1.43,1.36,15,3,0,afternoon,380.0,,
2025-04-10 15:37:02,0.5,1263.0,10.61,3.13,15,3,0,afternoon,1691.0,,
2025-04-10 15:41:29,0.51,70.0,0.59,1.36,15,3,0,afternoon,267.0,,
2025-04-10 15:51:00,0.87,3.0,0.04,0.52,15,3,0,afternoon,571.0,kitchen_faucet,
2025-04-10 16:15:46,0.23,296.0,1.14,2.71,16,3,0,afternoon,1486.0,,
2025-04-10 16:34:54,1.66,11.0,0.3,2.09,16,3,0,afternoon,1148.0,,
2025-04-10 17:18:29,0.01,2532.0,0.37,1.67,17,3,0,afternoon,2615.0,,
2025-04-10 18:38:09,0.09,3179.0,4.83,3.13,18,3,0,evening,4780.0,,
2025-04-10 18:38:19,2.09,2.0,0.07,0.83,18,3,0,evening,10.0,kitchen_faucet,
2025-04-10 19:08:48,0.0,1573.0,0.08,0.94,19,3,0,evening,1829.0,,
2025-04-10 19:30:02,2.23,29.0,1.08,2.71,19,3,0,evening,1274.0,,
2025-04-10 20:10:02,0.78,4.0,0.05,0.63,20,3,0,evening,2400.0,kitchen_faucet,
2025-04-10 20:14:37,0.73,5.0,0.06,0.73,20,3,0,evening,275.0,kitchen_faucet,
2025-04-10 20:16:03,0.78,4.0,0.05,0.63,20,3,0,evening,86.0,kitchen_faucet,
2025-04-10 20:35:46,0.06,843.0,0.8,1.88,20,3,0,evening,1183.0,,
2025-04-10 20:36:02,1.51,10.0,0.25,1.98,20,3,0,evening,16.0,,
2025-04-10 20:37:56,1.48,36.0,0.89,1.98,20,3,0,evening,114.0,,
2025-04-10 20:38:35,1.57,5.0,0.13,1.57,20,3,0,evening,39.0,kitchen_faucet,
2025-04-10 20:39:18,1.54,21.0,0.54,1.88,20,3,0,evening,43.0,,
2025-04-10 20:41:04,1.57,14.0,0.37,1.98,20,3,0,evening,106.0,,
2025-04-10 20:43:56,1.53,90.0,2.3,1.98,20,3,0,evening,172.0,,
2025-04-10 20:44:13,1.67,5.0,0.14,1.67,20,3,0,evening,17.0,kitchen_faucet,
2025-04-10 20:46:14,1.42,7.0,0.17,1.88,20,3,0,evening,121.0,kitchen_faucet,
2025-04-10 20:46:43,1.12,7.0,0.13,1.57,20,3,0,evening,29.0,kitchen_faucet,
2025-04-10 20:48:38,0.22,107.0,0.4,1.15,20,3,0,evening,115.0,,
2025-04-10 20:54:00,1.06,33.0,0.58,1.57,20,3,0,evening,322.0,,
2025-04-10 20:56:17,0.1,97.0,0.16,1.25,20,3,0,evening,137.0,,
2025-04-10 21:27:18,0.0,1843.0,0.07,0.83,21,3,0,evening,1861.0,,
2025-04-10 21:59:30,0.78,4.0,0.05,0.63,21,3,0,evening,1932.0,kitchen_faucet,
2025-04-10 22:05:04,1.5,8.0,0.2,1.88,22,3,0,evening,334.0,kitchen_faucet,
2025-04-10 22:15:23,0.06,106.0,0.11,1.25,22,3,0,evening,619.0,,
2025-04-10 22:16:34,2.05,32.0,1.1,2.4,22,3,0,evening,71.0,,
2025-04-11 05:40:46,2.21,30.0,1.1,3.03,5,4,0,night,26652.0,,
2025-04-11 07:27:45,1.77,39.0,1.15,2.61,7,4,0,morning,6419.0,,
2025-04-11 07:29:53,1.04,5.0,0.09,1.04,7,4,0,morning,128.0,kitchen_faucet,
2025-04-11 07:32:49,1.9,33.0,1.04,2.19,7,4,0,morning,176.0,,
2025-04-11 07:32:58,1.57,3.0,0.08,0.94,7,4,0,morning,9.0,kitchen_faucet,
2025-04-11 07:34:43,0.66,44.0,0.49,1.15,7,4,0,morning,105.0,,
2025-04-11 07:40:28,0.86,20.0,0.29,1.25,7,4,0,morning,345.0,,
2025-04-11 07:41:26,0.7,35.0,0.41,1.15,7,4,0,morning,58.0,,
2025-04-11 07:46:14,1.03,217.0,3.72,1.15,7,4,0,morning,288.0,,
2025-04-11 07:46:39,1.25,15.0,0.31,1.88,7,4,0,morning,25.0,,
2025-04-11 07:47:28,0.52,23.0,0.2,0.94,7,4,0,morning,49.0,,
2025-04-11 07:50:15,0.04,60.0,0.04,0.52,7,4,0,morning,167.0,,
2025-04-11 07:51:54,0.87,33.0,0.48,1.36,7,4,0,morning,99.0,,
2025-04-11 07:53:04,1.83,2.0,0.06,0.73,7,4,0,morning,70.0,kitchen_faucet,
2025-04-11 07:55:32,0.54,24.0,0.22,0.94,7,4,0,morning,148.0,,
2025-04-11 07:58:25,0.55,21.0,0.19,0.94,7,4,0,morning,173.0,,
2025-04-11 07:58:53,0.96,6.0,0.1,1.15,7,4,0,morning,28.0,kitchen_faucet,
2025-04-11 08:07:44,3.13,1.0,0.05,0.63,8,4,0,morning,531.0,kitchen_faucet,
2025-04-11 08:08:02,1.51,10.0,0.25,1.88,8,4,0,morning,18.0,,
2025-04-11 08:08:23,1.77,5.0,0.15,1.77,8,4,0,morning,21.0,kitchen_faucet,
2025-04-11 08:13:58,0.73,5.0,0.06,0.73,8,4,0,morning,335.0,kitchen_faucet,
2025-04-11 08:16:51,1.64,14.0,0.38,1.98,8,4,0,morning,173.0,,
2025-04-11 08:20:21,0.21,126.0,0.44,1.88,8,4,0,morning,210.0,,
2025-04-11 08:26:27,1.66,221.0,6.13,3.23,8,4,0,morning,366.0,,
2025-04-11 08:28:26,1.82,41.0,1.24,2.09,8,4,0,morning,119.0,,WC
2025-04-11 08:35:35,0.9,72.0,1.08,2.4,8,4,0,morning,429.0,,
2025-04-11 08:36:09,1.43,8.0,0.19,1.88,8,4,0,morning,34.0,kitchen_faucet,
2025-04-11 08:59:23,1.95,34.0,1.1,2.5,8,4,0,morning,1394.0,,
2025-04-11 10:26:20,1.8,42.0,1.26,2.4,10,4,0,morning,5217.0,,WC
2025-04-11 10:28:48,2.17,30.0,1.09,2.71,10,4,0,morning,148.0,,
2025-04-11 10:36:21,1.81,337.0,10.15,2.19,10,4,0,morning,453.0,,shower
2025-04-11 10:36:51,1.93,17.0,0.55,2.4,10,4,0,morning,30.0,,
2025-04-11 10:39:18,1.71,103.0,2.93,2.19,10,4,0,morning,147.0,,
2025-04-11 10:54:57,1.5,17.0,0.43,1.88,10,4,0,morning,939.0,,
2025-04-11 11:16:15,1.77,263.0,7.77,3.44,11,4,0,morning,1278.0,,
2025-04-11 11:17:34,1.54,24.0,0.62,1.98,11,4,0,morning,79.0,,
2025-04-11 11:28:13,1.3,4.0,0.09,1.04,11,4,0,morning,639.0,kitchen_faucet,
2025-04-11 12:40:14,1.59,19.0,0.5,1.98,12,4,0,afternoon,4321.0,,
2025-04-11 12:40:47,2.61,1.0,0.04,0.52,12,4,0,afternoon,33.0,kitchen_faucet,
2025-04-11 12:44:32,1.7,4.0,0.11,1.36,12,4,0,afternoon,225.0,kitchen_faucet,
2025-04-11 12:45:17,2.01,39.0,1.3,2.5,12,4,0,afternoon,45.0,,WC
2025-04-11 12:52:17,1.32,233.0,5.11,1.77,12,4,0,afternoon,420.0,,
2025-04-11 13:04:51,0.01,651.0,0.08,0.94,13,4,0,afternoon,754.0,,
2025-04-11 13:05:33,1.32,15.0,0.33,1.67,13,4,0,afternoon,42.0,,
2025-04-11 13:28:30,0.02,1072.0,0.35,1.88,13,4,0,afternoon,1377.0,,
2025-04-11 13:32:23,1.17,16.0,0.31,1.46,13,4,0,afternoon,233.0,,
2025-04-11 13:32:35,3.65,1.0,0.06,0.73,13,4,0,afternoon,12.0,kitchen_faucet,
2025-04-11 13:35:49,1.57,12.0,0.31,1.98,13,4,0,afternoon,194.0,,
2025-04-11 13:36:56,1.52,21.0,0.53,1.98,13,4,0,afternoon,67.0,,
2025-04-11 13:38:59,3.65,1.0,0.06,0.73,13,4,0,afternoon,123.0,kitchen_faucet,
2025-04-11 13:43:05,3.65,1.0,0.06,0.73,13,4,0,afternoon,246.0,kitchen_faucet,
2025-04-11 13:51:07,1.49,7.0,0.17,1.77,13,4,0,afternoon,482.0,kitchen_faucet,
2025-04-11 13:54:32,1.39,3.0,0.07,0.83,13,4,0,afternoon,205.0,kitchen_faucet,
2025-04-11 14:17:02,1.75,11.0,0.32,1.98,14,4,0,afternoon,1350.0,,
2025-04-11 14:27:36,0.78,4.0,0.05,0.63,14,4,0,afternoon,634.0,kitchen_faucet,
2025-04-11 14:38:48,1.65,6.0,0.17,1.98,14,4,0,afternoon,672.0,kitchen_faucet,
2025-04-11 14:42:04,1.59,21.0,0.56,1.98,14,4,0,afternoon,196.0,,
2025-04-11 14:44:47,0.99,37.0,0.61,1.36,14,4,0,afternoon,163.0,,
2025-04-11 14:46:33,1.43,45.0,1.07,1.98,14,4,0,afternoon,106.0,,
2025-04-11 15:30:07,0.0,2593.0,0.06,0.73,15,4,0,afternoon,2614.0,,
2025-04-11 15:31:38,1.22,3.0,0.06,0.73,15,4,0,afternoon,91.0,kitchen_faucet,
2025-04-11 15:33:50,2.46,29.0,1.19,3.03,15,4,0,afternoon,132.0,,
2025-04-11 15:48:34,1.57,3.0,0.08,0.94,15,4,0,afternoon,884.0,kitchen_faucet,
2025-04-11 16:01:50,0.73,5.0,0.06,0.73,16,4,0,afternoon,796.0,kitchen_faucet,
2025-04-11 17:07:36,1.97,35.0,1.15,2.71,17,4,0,afternoon,3946.0,,
2025-04-11 17:13:13,0.13,326.0,0.7,1.77,17,4,0,afternoon,337.0,,
2025-04-11 17:22:02,3.13,1.0,0.05,0.63,17,4,0,afternoon,529.0,kitchen_faucet,
2025-04-11 18:38:05,0.01,4549.0,1.1,2.5,18,4,0,evening,4563.0,,
2025-04-11 18:42:52,2.03,72.0,2.43,3.13,18,4,0,evening,287.0,,
2025-04-11 18:43:45,1.46,25.0,0.61,1.98,18,4,0,evening,53.0,,
2025-04-11 18:44:16,1.4,16.0,0.37,1.88,18,4,0,evening,31.0,,
2025-04-11 19:41:16,0.32,712.0,3.85,3.23,19,4,0,evening,3420.0,,
2025-04-11 19:45:48,0.23,51.0,0.19,1.46,19,4,0,evening,272.0,,
2025-04-11 19:49:21,1.6,14.0,0.37,1.98,19,4,0,evening,213.0,,
2025-04-11 19:53:30,1.22,97.0,1.97,2.09,19,4,0,evening,249.0,,
2025-04-11 19:54:43,1.83,2.0,0.06,0.73,19,4,0,evening,73.0,kitchen_faucet,
2025-04-11 19:56:44,1.11,8.0,0.15,1.36,19,4,0,evening,121.0,kitchen_faucet,
2025-04-11 20:00:14,1.04,9.0,0.16,1.36,20,4,0,evening,210.0,kitchen_faucet,
2025-04-11 20:05:04,0.89,94.0,1.4,1.36,20,4,0,evening,290.0,,
2025-04-11 20:56:32,0.03,2774.0,1.43,1.36,20,4,0,evening,3088.0,,
2025-04-11 21:05:48,0.9,94.0,1.41,1.36,21,4,0,evening,556.0,,
2025-04-11 21:35:13,0.21,1510.0,5.36,2.4,21,4,0,evening,1765.0,,
2025-04-11 21:51:39,0.46,9.0,0.07,0.83,21,4,0,evening,986.0,kitchen_faucet,
2025-04-11 22:16:56,1.63,30.0,0.82,1.88,22,4,0,evening,1517.0,,
2025-04-11 22:19:22,1.84,86.0,2.64,2.09,22,4,0,evening,146.0,,
2025-04-11 22:22:44,1.51,30.0,0.76,1.88,22,4,0,evening,202.0,,
2025-04-11 22:24:28,1.87,45.0,1.4,2.09,22,4,0,evening,104.0,,WC
2025-04-11 22:33:31,1.96,34.0,1.11,2.5,22,4,0,evening,543.0,,
2025-04-11 22:39:40,2.48,4.0,0.17,1.98,22,4,0,evening,369.0,kitchen_faucet,
2025-04-11 22:41:22,1.7,92.0,2.6,2.3,22,4,0,evening,102.0,,
2025-04-11 22:41:39,1.3,6.0,0.13,1.57,22,4,0,evening,17.0,kitchen_faucet,
2025-04-11 22:48:29,1.11,59.0,1.09,1.57,22,4,0,evening,410.0,,
2025-04-11 22:55:30,0.6,7.0,0.07,0.83,22,4,0,evening,421.0,kitchen_faucet,
2025-04-11 23:12:59,0.52,11.0,0.1,0.73,23,4,0,evening,1049.0,,
2025-04-12 00:02:25,0.0,2855.0,0.05,0.63,0,5,1,night,2966.0,,
2025-04-12 08:04:37,0.01,26464.0,2.37,2.4,8,5,1,morning,28932.0,,
2025-04-12 08:28:01,1.3,8.0,0.17,1.67,8,5,1,morning,1404.0,kitchen_faucet,
2025-04-12 08:31:06,1.41,10.0,0.23,1.67,8,5,1,morning,185.0,,
2025-04-12 08:33:49,1.46,15.0,0.37,1.77,8,5,1,morning,163.0,,
2025-04-12 08:34:41,1.86,35.0,1.09,2.3,8,5,1,morning,52.0,,
2025-04-12 08:35:18,2.12,29.0,1.03,2.71,8,5,1,morning,37.0,,
2025-04-12 08:35:56,1.04,3.0,0.05,0.63,8,5,1,morning,38.0,kitchen_faucet,
2025-04-12 08:45:58,1.85,48.0,1.48,2.71,8,5,1,morning,602.0,,WC
2025-04-12 08:51:38,1.3,6.0,0.13,1.46,8,5,1,morning,340.0,kitchen_faucet,
2025-04-12 09:03:32,1.57,6.0,0.16,1.77,9,5,1,morning,714.0,kitchen_faucet,
2025-04-12 09:04:29,1.63,8.0,0.22,1.88,9,5,1,morning,57.0,kitchen_faucet,
2025-04-12 09:05:56,1.57,5.0,0.13,1.57,9,5,1,morning,87.0,kitchen_faucet,
2025-04-12 09:09:58,1.91,6.0,0.19,1.98,9,5,1,morning,242.0,kitchen_faucet,
2025-04-12 09:10:52,1.68,9.0,0.25,1.88,9,5,1,morning,54.0,kitchen_faucet,
2025-04-12 09:12:15,1.46,30.0,0.73,1.88,9,5,1,morning,83.0,,
2025-04-12 09:14:25,1.43,4.0,0.1,1.15,9,5,1,morning,130.0,kitchen_faucet,
2025-04-12 09:14:46,3.65,1.0,0.06,0.73,9,5,1,morning,21.0,kitchen_faucet,
2025-04-12 09:17:25,0.55,20.0,0.18,0.94,9,5,1,morning,159.0,,
2025-04-12 09:28:33,1.7,4.0,0.11,1.36,9,5,1,morning,668.0,kitchen_faucet,
2025-04-12 09:29:12,1.39,9.0,0.21,1.67,9,5,1,morning,39.0,kitchen_faucet,
2025-04-12 09:31:29,1.51,29.0,0.73,2.09,9,5,1,morning,137.0,,
2025-04-12 09:32:12,1.65,6.0,0.17,1.88,9,5,1,morning,43.0,kitchen_faucet,
2025-04-12 09:33:32,1.61,26.0,0.7,1.98,9,5,1,morning,80.0,,
2025-04-12 09:34:52,1.51,9.0,0.23,1.88,9,5,1,morning,80.0,kitchen_faucet,
2025-04-12 09:44:08,0.07,393.0,0.45,1.88,9,5,1,morning,556.0,,
2025-04-12 09:44:32,1.67,5.0,0.14,1.67,9,5,1,morning,24.0,kitchen_faucet,
2025-04-12 09:46:40,1.95,68.0,2.21,2.4,9,5,1,morning,128.0,,
2025-04-12 09:52:29,0.64,9.0,0.1,0.94,9,5,1,morning,349.0,kitchen_faucet,
2025-04-12 09:55:05,0.9,22.0,0.33,1.98,9,5,1,morning,156.0,,
2025-04-12 09:56:24,1.57,2.0,0.05,0.63,9,5,1,morning,79.0,kitchen_faucet,
2025-04-12 09:56:54,1.96,21.0,0.69,2.4,9,5,1,morning,30.0,,
2025-04-12 09:57:15,1.65,13.0,0.36,2.19,9,5,1,morning,21.0,,
2025-04-12 09:57:51,1.63,17.0,0.46,1.98,9,5,1,morning,36.0,,
2025-04-12 10:01:35,1.11,22.0,0.41,1.57,10,5,1,morning,224.0,,
2025-04-12 10:02:20,1.57,9.0,0.23,1.88,10,5,1,morning,45.0,kitchen_faucet,
2025-04-12 10:04:20,1.57,26.0,0.68,1.98,10,5,1,morning,120.0,,
2025-04-12 10:04:39,2.09,2.0,0.07,0.83,10,5,1,morning,19.0,kitchen_faucet,
2025-04-12 10:08:26,1.67,5.0,0.14,1.67,10,5,1,morning,227.0,kitchen_faucet,
2025-04-12 10:09:37,1.48,13.0,0.32,1.88,10,5,1,morning,71.0,,
2025-04-12 10:16:54,1.57,15.0,0.39,1.98,10,5,1,morning,437.0,,
2025-04-12 10:19:02,1.4,13.0,0.3,1.77,10,5,1,morning,128.0,,
2025-04-12 10:22:14,1.32,32.0,0.7,1.67,10,5,1,morning,192.0,,
2025-04-12 10:23:14,1.44,25.0,0.6,1.77,10,5,1,morning,60.0,,
2025-04-12 10:30:03,1.26,31.0,0.65,1.67,10,5,1,morning,409.0,,
2025-04-12 10:38:31,0.14,19.0,0.04,0.52,10,5,1,morning,508.0,,
2025-04-12 10:39:43,1.33,50.0,1.1,1.77,10,5,1,morning,72.0,,
2025-04-12 10:41:04,1.48,12.0,0.3,1.88,10,5,1,morning,81.0,,
2025-04-12 10:57:12,0.0,850.0,0.07,0.83,10,5,1,morning,968.0,,
2025-04-12 11:00:19,1.65,13.0,0.36,1.98,11,5,1,morning,187.0,,
2025-04-12 11:06:34,1.1,29.0,0.53,1.57,11,5,1,morning,375.0,,
2025-04-12 11:12:41,1.7,238.0,6.75,3.65,11,5,1,morning,367.0,,
2025-04-12 11:16:25,0.05,68.0,0.05,0.63,11,5,1,morning,224.0,,
2025-04-12 11:24:24,1.67,215.0,5.99,3.03,11,5,1,morning,479.0,,
2025-04-12 11:39:45,0.67,7.0,0.08,0.94,11,5,1,morning,921.0,kitchen_faucet,
2025-04-12 11:40:20,0.87,3.0,0.04,0.52,11,5,1,morning,35.0,kitchen_faucet,
2025-04-12 11:40:51,0.96,6.0,0.1,1.15,11,5,1,morning,31.0,kitchen_faucet,
2025-04-12 11:42:19,0.55,22.0,0.2,0.94,11,5,1,morning,88.0,,
2025-04-12 11:52:17,0.05,562.0,0.49,1.77,11,5,1,morning,598.0,,
2025-04-12 11:52:29,2.61,1.0,0.04,0.52,11,5,1,morning,12.0,kitchen_faucet,
2025-04-12 11:54:29,1.08,14.0,0.25,1.46,11,5,1,morning,120.0,,
2025-04-12 13:10:13,0.0,4467.0,0.07,0.83,13,5,1,afternoon,4544.0,,
2025-04-12 14:02:45,0.52,5.0,0.04,0.52,14,5,1,afternoon,3152.0,kitchen_faucet,
2025-04-12 16:42:30,0.01,6756.0,1.23,2.61,16,5,1,afternoon,9585.0,,
2025-04-12 17:11:13,0.01,1646.0,0.15,1.04,17,5,1,afternoon,1723.0,,
2025-04-12 17:12:38,0.78,4.0,0.05,0.63,17,5,1,afternoon,85.0,kitchen_faucet,
2025-04-12 17:39:53,0.59,8.0,0.08,0.94,17,5,1,afternoon,1635.0,kitchen_faucet,
2025-04-12 17:48:35,0.55,17.0,0.16,0.94,17,5,1,afternoon,522.0,,
2025-04-12 18:53:46,1.34,14.0,0.31,1.77,18,5,1,evening,3911.0,,
2025-04-12 18:54:52,1.83,2.0,0.06,0.73,18,5,1,evening,66.0,kitchen_faucet,
2025-04-12 18:59:13,1.36,10.0,0.23,1.98,18,5,1,evening,261.0,,
2025-04-12 19:28:44,0.02,932.0,0.24,1.88,19,5,1,evening,1771.0,,
2025-04-12 19:30:17,0.52,17.0,0.15,0.94,19,5,1,evening,93.0,,
2025-04-12 19:40:57,0.65,8.0,0.09,0.94,19,5,1,evening,640.0,kitchen_faucet,
2025-04-12 19:49:09,0.02,454.0,0.16,1.77,19,5,1,evening,492.0,,
2025-04-12 19:51:34,2.53,100.0,4.21,3.34,19,5,1,evening,145.0,,
2025-04-12 19:55:34,2.05,30.0,1.03,2.4,19,5,1,evening,240.0,,
2025-04-12 19:56:59,2.19,67.0,2.44,2.71,19,5,1,evening,85.0,,
2025-04-12 19:58:14,2.18,29.0,1.05,2.82,19,5,1,evening,75.0,,
2025-04-12 20:23:09,0.01,1293.0,0.15,1.77,20,5,1,evening,1495.0,,
2025-04-12 21:22:44,1.92,241.0,7.7,3.03,21,5,1,evening,3575.0,,shower
2025-04-12 21:37:18,0.55,16.0,0.15,0.94,21,5,1,evening,874.0,,
2025-04-12 21:54:56,1.84,162.0,4.96,2.3,21,5,1,evening,1058.0,,shower
2025-04-12 23:37:49,0.0,5601.0,0.04,0.52,23,5,1,evening,6173.0,,
2025-04-12 23:39:19,1.59,18.0,0.48,2.09,23,5,1,evening,90.0,,
2025-04-13 00:04:59,0.0,1505.0,0.1,1.25,0,6,1,night,1540.0,,
2025-04-13 00:07:23,0.9,99.0,1.48,1.36,0,6,1,night,144.0,,
2025-04-13 00:44:53,0.94,34.0,0.53,1.36,0,6,1,night,2250.0,,
2025-04-13 00:51:13,0.9,93.0,1.4,1.36,0,6,1,night,380.0,,
2025-04-13 08:05:14,0.0,2691.0,0.09,1.04,8,6,1,morning,26041.0,,
2025-04-13 08:20:53,0.01,733.0,0.1,1.15,8,6,1,morning,939.0,,
2025-04-13 08:28:15,1.04,4.0,0.07,0.83,8,6,1,morning,442.0,kitchen_faucet,
2025-04-13 08:28:44,0.62,11.0,0.11,0.94,8,6,1,morning,29.0,,
2025-04-13 08:57:56,0.07,959.0,1.16,2.5,8,6,1,morning,1752.0,,
2025-04-13 09:08:53,0.44,13.0,0.1,0.83,9,6,1,morning,657.0,,
2025-04-13 09:26:38,1.76,112.0,3.29,2.4,9,6,1,morning,1065.0,,
2025-04-13 09:26:58,0.37,10.0,0.06,0.73,9,6,1,morning,20.0,,
2025-04-13 09:27:59,1.67,5.0,0.14,1.67,9,6,1,morning,61.0,kitchen_faucet,
2025-04-13 09:28:49,1.53,14.0,0.36,1.88,9,6,1,morning,50.0,,
2025-04-13 09:34:00,1.12,7.0,0.13,1.36,9,6,1,morning,311.0,kitchen_faucet,
2025-04-13 09:34:48,1.11,25.0,0.46,1.98,9,6,1,morning,48.0,,
2025-04-13 09:36:16,1.39,12.0,0.28,1.77,9,6,1,morning,88.0,,
2025-04-13 09:43:32,2.14,29.0,1.03,2.5,9,6,1,morning,436.0,,
2025-04-13 09:47:21,0.14,62.0,0.15,1.25,9,6,1,morning,229.0,,
2025-04-13 10:33:39,0.58,18.0,0.17,0.94,10,6,1,morning,2778.0,,
2025-04-13 10:50:57,1.42,11.0,0.26,1.88,10,6,1,morning,1038.0,,
2025-04-13 11:13:29,2.28,29.0,1.1,2.92,11,6,1,morning,1352.0,,
2025-04-13 11:26:49,1.38,11.0,0.25,1.77,11,6,1,morning,800.0,,
2025-04-13 11:27:58,1.57,55.0,1.44,2.09,11,6,1,morning,69.0,,
2025-04-13 11:28:36,1.47,22.0,0.54,1.88,11,6,1,morning,38.0,,
2025-04-13 11:32:10,0.06,180.0,0.17,0.94,11,6,1,morning,214.0,,
2025-04-13 11:43:14,1.59,43.0,1.14,2.09,11,6,1,morning,664.0,,
2025-04-13 11:59:24,1.6,43.0,1.15,2.09,11,6,1,morning,970.0,,
2025-04-13 12:04:00,0.05,48.0,0.04,0.52,12,6,1,afternoon,276.0,,
2025-04-13 12:05:18,1.6,28.0,0.75,1.98,12,6,1,afternoon,78.0,,
2025-04-13 12:06:47,1.57,2.0,0.05,0.63,12,6,1,afternoon,89.0,kitchen_faucet,
2025-04-13 12:07:38,2.0,37.0,1.23,2.5,12,6,1,afternoon,51.0,,WC
2025-04-13 12:34:39,1.57,2.0,0.05,0.63,12,6,1,afternoon,1621.0,kitchen_faucet,
2025-04-13 12:35:36,1.62,9.0,0.24,2.3,12,6,1,afternoon,57.0,kitchen_faucet,
2025-04-13 12:36:23,1.86,7.0,0.22,2.19,12,6,1,afternoon,47.0,kitchen_faucet,
2025-04-13 12:37:21,1.98,29.0,0.96,2.3,12,6,1,afternoon,58.0,,
2025-04-13 12:37:45,2.61,3.0,0.13,1.57,12,6,1,afternoon,24.0,kitchen_faucet,
2025-04-13 12:38:29,1.54,39.0,1.0,1.98,12,6,1,afternoon,44.0,,
2025-04-13 12:58:35,0.07,332.0,0.4,1.77,12,6,1,afternoon,1206.0,,
2025-04-13 13:04:53,1.71,14.0,0.4,2.92,13,6,1,afternoon,378.0,,
2025-04-13 13:05:41,0.8,32.0,0.43,1.67,13,6,1,afternoon,48.0,,
2025-04-13 13:36:16,1.51,9.0,0.23,1.88,13,6,1,afternoon,1835.0,kitchen_faucet,
2025-04-13 14:06:01,0.04,1220.0,0.82,1.46,14,6,1,afternoon,1785.0,,
2025-04-13 14:29:39,0.96,6.0,0.1,1.15,14,6,1,afternoon,1418.0,kitchen_faucet,
2025-04-13 14:36:34,1.3,32.0,0.7,1.98,14,6,1,afternoon,415.0,,
2025-04-13 14:46:31,1.9,439.0,13.9,2.92,14,6,1,afternoon,597.0,,shower
2025-04-13 14:51:32,0.02,169.0,0.04,0.52,14,6,1,afternoon,301.0,,
2025-04-13 15:09:34,1.47,143.0,3.5,3.97,15,6,1,afternoon,1082.0,,
2025-04-13 15:27:55,2.11,190.0,6.69,2.82,15,6,1,afternoon,1101.0,,shower
2025-04-13 15:29:51,0.83,5.0,0.07,0.83,15,6,1,afternoon,116.0,kitchen_faucet,
2025-04-13 15:31:00,0.52,15.0,0.13,0.94,15,6,1,afternoon,69.0,,
2025-04-13 15:31:17,0.72,8.0,0.1,1.04,15,6,1,afternoon,17.0,kitchen_faucet,
2025-04-13 15:37:20,0.45,7.0,0.05,0.63,15,6,1,afternoon,363.0,kitchen_faucet,
2025-04-13 15:37:45,0.59,8.0,0.08,0.94,15,6,1,afternoon,25.0,kitchen_faucet,
2025-04-13 15:41:50,0.89,17.0,0.25,1.36,15,6,1,afternoon,245.0,,
2025-04-13 15:47:46,1.05,293.0,5.12,2.82,15,6,1,afternoon,356.0,,
2025-04-13 16:18:20,2.09,34.0,1.18,2.61,16,6,1,afternoon,1834.0,,
2025-04-13 16:18:52,0.39,12.0,0.08,0.94,16,6,1,afternoon,32.0,,
2025-04-13 16:30:31,2.01,34.0,1.14,2.5,16,6,1,afternoon,699.0,,
2025-04-13 16:42:10,2.0,35.0,1.17,2.4,16,6,1,afternoon,699.0,,
2025-04-13 16:43:38,2.01,34.0,1.14,2.5,16,6,1,afternoon,88.0,,
2025-04-13 16:58:38,1.15,47.0,0.9,1.57,16,6,1,afternoon,900.0,,
2025-04-13 17:00:27,1.04,50.0,0.87,1.46,17,6,1,afternoon,109.0,,
2025-04-13 17:02:56,2.05,121.0,4.13,2.71,17,6,1,afternoon,149.0,,shower
2025-04-13 17:04:20,2.0,42.0,1.4,2.5,17,6,1,afternoon,84.0,,WC
2025-04-13 17:15:48,1.99,61.0,2.03,2.3,17,6,1,afternoon,688.0,,
2025-04-13 17:19:08,1.95,35.0,1.14,2.3,17,6,1,afternoon,200.0,,
2025-04-13 17:26:39,1.11,75.0,1.38,1.46,17,6,1,afternoon,451.0,,
2025-04-13 17:33:10,1.95,61.0,1.98,2.3,17,6,1,afternoon,391.0,,
2025-04-13 17:42:31,0.14,515.0,1.21,2.61,17,6,1,afternoon,561.0,,
2025-04-13 18:00:25,2.06,35.0,1.2,2.5,18,6,1,evening,1074.0,,WC
2025-04-13 18:08:40,2.09,2.0,0.07,0.83,18,6,1,evening,495.0,kitchen_faucet,
2025-04-13 18:26:55,2.04,34.0,1.16,2.82,18,6,1,evening,1095.0,,
2025-04-13 18:33:25,1.83,4.0,0.12,1.46,18,6,1,evening,390.0,kitchen_faucet,
2025-04-13 18:34:12,0.64,32.0,0.34,1.04,18,6,1,evening,47.0,,
2025-04-13 18:49:30,0.04,629.0,0.39,1.88,18,6,1,evening,918.0,,
2025-04-13 18:53:35,2.06,37.0,1.27,2.61,18,6,1,evening,245.0,,WC
2025-04-13 18:56:51,1.57,4.0,0.1,1.25,18,6,1,evening,196.0,kitchen_faucet,
2025-04-13 18:57:05,1.67,5.0,0.14,1.67,18,6,1,evening,14.0,kitchen_faucet,
2025-04-13 18:59:01,1.43,15.0,0.36,1.88,18,6,1,evening,116.0,,
2025-04-13 18:59:29,1.43,8.0,0.19,1.77,18,6,1,evening,28.0,kitchen_faucet,
2025-04-13 18:59:44,1.57,5.0,0.13,1.57,18,6,1,evening,15.0,kitchen_faucet,
2025-04-13 19:23:41,2.54,122.0,5.17,3.55,19,6,1,evening,1437.0,,shower
2025-04-13 19:25:56,2.34,88.0,3.43,3.76,19,6,1,evening,135.0,,
2025-04-13 19:28:11,2.21,35.0,1.29,2.5,19,6,1,evening,135.0,,WC
2025-04-13 19:31:32,1.4,13.0,0.3,1.88,19,6,1,evening,201.0,,
2025-04-13 19:45:25,1.98,90.0,2.97,2.61,19,6,1,evening,833.0,,
2025-04-13 19:48:58,0.87,3.0,0.04,0.52,19,6,1,evening,213.0,kitchen_faucet,
2025-04-13 19:49:17,0.63,10.0,0.1,0.94,19,6,1,evening,19.0,,
2025-04-13 19:56:45,0.75,7.0,0.09,1.04,19,6,1,evening,448.0,kitchen_faucet,
2025-04-13 19:57:50,1.91,35.0,1.11,2.4,19,6,1,evening,65.0,,
2025-04-13 20:18:39,3.13,1.0,0.05,0.63,20,6,1,evening,1249.0,kitchen_faucet,
2025-04-13 20:19:43,1.42,49.0,1.16,2.61,20,6,1,evening,64.0,,
2025-04-13 20:20:33,1.49,37.0,0.92,2.09,20,6,1,evening,50.0,,
2025-04-13 20:29:06,2.74,60.0,2.74,3.65,20,6,1,evening,513.0,,
2025-04-13 20:29:39,2.17,24.0,0.87,2.71,20,6,1,evening,33.0,,
2025-04-13 20:32:15,2.02,38.0,1.28,2.4,20,6,1,evening,156.0,,WC
2025-04-13 20:35:42,1.31,82.0,1.79,1.98,20,6,1,evening,207.0,,
2025-04-13 20:38:26,1.36,77.0,1.74,1.88,20,6,1,evening,164.0,,
2025-04-13 20:41:04,1.34,25.0,0.56,1.57,20,6,1,evening,158.0,,
2025-04-13 20:43:57,0.34,14.0,0.08,0.94,20,6,1,evening,173.0,,
2025-04-13 20:45:28,0.55,18.0,0.17,0.94,20,6,1,evening,91.0,,
2025-04-13 20:47:37,1.97,35.0,1.15,2.61,20,6,1,evening,129.0,,
2025-04-13 21:10:26,1.63,30.0,0.82,1.88,21,6,1,evening,1369.0,,
2025-04-13 21:13:19,1.83,114.0,3.47,2.4,21,6,1,evening,173.0,,
2025-04-13 21:29:36,0.0,647.0,0.05,0.63,21,6,1,evening,977.0,,
2025-04-13 21:31:13,1.34,7.0,0.16,1.77,21,6,1,evening,97.0,kitchen_faucet,
2025-04-13 21:32:55,1.73,94.0,2.7,2.4,21,6,1,evening,102.0,,
2025-04-13 21:33:09,1.39,6.0,0.14,1.57,21,6,1,evening,14.0,kitchen_faucet,
2025-04-13 21:34:12,1.85,22.0,0.68,2.19,21,6,1,evening,63.0,,
2025-04-13 21:39:52,1.12,58.0,1.08,1.57,21,6,1,evening,340.0,,
2025-04-13 21:53:07,1.93,53.0,1.7,2.4,21,6,1,evening,795.0,,
2025-04-13 22:20:01,0.6,14.0,0.14,0.94,22,6,1,evening,1614.0,,
2025-04-13 22:56:58,0.78,4.0,0.05,0.63,22,6,1,evening,2217.0,kitchen_faucet,
2025-04-13 22:58:46,1.99,36.0,1.19,2.4,22,6,1,evening,108.0,,
2025-04-13 23:48:29,1.24,62.0,1.28,1.77,23,6,1,evening,2983.0,,
2025-04-13 23:49:58,2.23,30.0,1.11,2.82,23,6,1,evening,89.0,,
2025-04-14 07:02:47,1.91,39.0,1.24,2.3,7,0,0,morning,25969.0,,WC
2025-04-14 07:07:49,1.3,16.0,0.35,1.57,7,0,0,morning,302.0,,
2025-04-14 07:09:36,1.33,98.0,2.17,2.3,7,0,0,morning,107.0,,
2025-04-14 07:15:42,0.02,146.0,0.04,0.52,7,0,0,morning,366.0,,
2025-04-14 07:16:49,1.61,12.0,0.32,1.98,7,0,0,morning,67.0,,
2025-04-14 07:17:10,1.83,6.0,0.18,1.98,7,0,0,morning,21.0,kitchen_faucet,
2025-04-14 07:22:03,1.57,18.0,0.47,1.98,7,0,0,morning,293.0,,
2025-04-14 07:23:38,1.47,53.0,1.3,2.09,7,0,0,morning,95.0,,
2025-04-14 07:27:42,0.37,34.0,0.21,0.83,7,0,0,morning,244.0,,
2025-04-14 07:28:24,1.57,2.0,0.05,0.63,7,0,0,morning,42.0,kitchen_faucet,
2025-04-14 07:35:18,0.55,18.0,0.17,0.94,7,0,0,morning,414.0,,
2025-04-14 07:43:35,1.1,214.0,3.93,3.44,7,0,0,morning,497.0,,
2025-04-14 07:46:25,1.5,24.0,0.6,1.77,7,0,0,morning,170.0,,
2025-04-14 07:49:02,0.8,55.0,0.73,1.36,7,0,0,morning,157.0,,
2025-04-14 07:55:00,0.89,94.0,1.4,1.36,7,0,0,morning,358.0,,
2025-04-14 07:55:56,0.89,10.0,0.15,1.57,7,0,0,morning,56.0,,
2025-04-14 07:59:07,0.33,19.0,0.1,1.25,7,0,0,morning,191.0,,
2025-04-14 07:59:20,0.78,4.0,0.05,0.63,7,0,0,morning,13.0,kitchen_faucet,
2025-04-14 08:09:35,1.67,252.0,7.01,3.23,8,0,0,morning,615.0,,
2025-04-14 08:12:36,1.04,62.0,1.07,2.61,8,0,0,morning,181.0,,
2025-04-14 08:28:19,1.95,67.0,2.18,2.71,8,0,0,morning,943.0,,
2025-04-14 08:29:53,0.87,3.0,0.04,0.52,8,0,0,morning,94.0,kitchen_faucet,
2025-04-14 11:40:14,3.65,1.0,0.06,0.73,11,0,0,morning,11421.0,kitchen_faucet,
2025-04-14 11:41:58,1.99,32.0,1.06,2.71,11,0,0,morning,104.0,,
2025-04-14 12:56:48,1.52,12.0,0.3,1.88,12,0,0,afternoon,4490.0,,
2025-04-14 13:21:50,1.5,16.0,0.4,1.88,13,0,0,afternoon,1502.0,,
2025-04-14 13:22:16,0.64,9.0,0.1,1.04,13,0,0,afternoon,26.0,kitchen_faucet,
2025-04-14 13:37:43,2.36,29.0,1.14,2.92,13,0,0,afternoon,927.0,,
2025-04-14 13:38:45,1.04,18.0,0.31,1.57,13,0,0,afternoon,62.0,,
2025-04-14 13:50:16,0.89,10.0,0.15,1.15,13,0,0,afternoon,691.0,,
2025-04-14 13:50:34,3.13,1.0,0.05,0.63,13,0,0,afternoon,18.0,kitchen_faucet,
2025-04-14 13:57:32,0.02,412.0,0.14,1.67,13,0,0,afternoon,418.0,,
2025-04-14 14:06:56,1.91,3.0,0.1,1.15,14,0,0,afternoon,564.0,kitchen_faucet,
2025-04-14 14:22:16,0.72,32.0,0.38,1.25,14,0,0,afternoon,920.0,,
2025-04-14 14:24:26,0.74,39.0,0.48,1.15,14,0,0,afternoon,130.0,,
2025-04-14 14:25:39,1.0,23.0,0.38,1.36,14,0,0,afternoon,73.0,,
2025-04-14 14:27:58,1.43,30.0,0.71,1.88,14,0,0,afternoon,139.0,,
2025-04-14 14:30:05,1.49,46.0,1.14,1.98,14,0,0,afternoon,127.0,,
2025-04-14 14:35:07,1.48,6.0,0.15,1.77,14,0,0,afternoon,302.0,kitchen_faucet,
2025-04-14 14:43:55,1.43,12.0,0.29,1.57,14,0,0,afternoon,528.0,,
2025-04-14 14:47:58,1.17,17.0,0.33,1.57,14,0,0,afternoon,243.0,,
2025-04-14 14:49:39,1.74,3.0,0.09,1.04,14,0,0,afternoon,101.0,kitchen_faucet,
2025-04-14 14:52:05,1.43,28.0,0.67,1.98,14,0,0,afternoon,146.0,,
2025-04-14 15:33:44,0.73,5.0,0.06,0.73,15,0,0,afternoon,2499.0,kitchen_faucet,
2025-04-14 15:51:29,0.73,5.0,0.06,0.73,15,0,0,afternoon,1065.0,kitchen_faucet,
2025-04-14 16:18:03,0.0,705.0,0.05,0.63,16,0,0,afternoon,1594.0,,
2025-04-14 16:28:42,0.04,311.0,0.21,0.94,16,0,0,afternoon,639.0,,
2025-04-14 16:34:22,1.83,4.0,0.12,1.46,16,0,0,afternoon,340.0,kitchen_faucet,
2025-04-14 17:25:22,1.51,9.0,0.23,1.77,17,0,0,afternoon,3060.0,kitchen_faucet,
2025-04-14 17:32:51,2.21,44.0,1.62,2.71,17,0,0,afternoon,449.0,,WC
2025-04-14 18:27:33,0.2,1816.0,5.94,3.13,18,0,0,evening,3282.0,,
2025-04-14 18:29:22,1.84,66.0,2.03,2.4,18,0,0,evening,109.0,,
2025-04-14 18:52:22,1.96,40.0,1.3,2.4,18,0,0,evening,1380.0,,WC
2025-04-14 18:55:56,1.99,45.0,1.5,2.5,18,0,0,evening,214.0,,WC
2025-04-14 19:00:39,0.94,5.0,0.08,0.94,19,0,0,evening,283.0,kitchen_faucet,
2025-04-14 19:34:52,0.06,1994.0,2.08,3.44,19,0,0,evening,2053.0,,
2025-04-14 19:37:31,1.17,16.0,0.31,1.57,19,0,0,evening,159.0,,
2025-04-14 19:58:41,2.86,33.0,1.57,3.23,19,0,0,evening,1270.0,,WC
2025-04-14 20:03:07,1.39,36.0,0.83,1.88,20,0,0,evening,266.0,,
2025-04-14 20:05:49,2.3,29.0,1.11,3.23,20,0,0,evening,162.0,,
2025-04-14 20:19:05,0.99,29.0,0.48,1.88,20,0,0,evening,796.0,,
2025-04-14 20:19:17,1.3,2.0,0.04,0.52,20,0,0,evening,12.0,kitchen_faucet,
2025-04-14 20:45:46,0.03,221.0,0.11,1.36,20,0,0,evening,1589.0,,
2025-04-14 21:23:37,1.93,36.0,1.16,2.19,21,0,0,evening,2271.0,,
2025-04-14 21:28:34,0.55,20.0,0.18,0.94,21,0,0,evening,297.0,,
2025-04-14 21:29:42,0.42,10.0,0.07,0.83,21,0,0,evening,68.0,,
2025-04-14 21:31:29,0.12,96.0,0.2,0.94,21,0,0,evening,107.0,,
2025-04-14 22:43:41,1.91,36.0,1.15,2.61,22,0,0,evening,4332.0,,
2025-04-14 23:46:17,2.18,29.0,1.05,2.82,23,0,0,evening,3756.0,,
2025-04-15 00:31:00,2.14,29.0,1.03,2.5,0,1,0,night,2683.0,,
2025-04-15 07:12:04,0.01,6798.0,1.19,2.71,7,1,0,morning,24064.0,,
2025-04-15 07:48:25,0.0,1822.0,0.04,0.52,7,1,0,morning,2181.0,,
2025-04-15 07:49:44,0.77,23.0,0.3,1.15,7,1,0,morning,79.0,,
2025-04-15 07:50:51,1.21,28.0,0.57,1.67,7,1,0,morning,67.0,,
2025-04-15 07:51:45,2.06,33.0,1.13,2.5,7,1,0,morning,54.0,,
2025-04-15 08:01:12,1.04,5.0,0.09,1.04,8,1,0,morning,567.0,kitchen_faucet,
2025-04-15 08:02:06,2.04,34.0,1.16,2.5,8,1,0,morning,54.0,,
2025-04-15 08:30:07,1.65,30.0,0.83,1.77,8,1,0,morning,1681.0,,
2025-04-15 08:32:20,1.8,74.0,2.23,2.19,8,1,0,morning,133.0,,
2025-04-15 08:32:59,0.52,20.0,0.17,0.94,8,1,0,morning,39.0,,
2025-04-15 08:36:14,1.49,51.0,1.27,1.98,8,1,0,morning,195.0,,
2025-04-15 08:38:11,1.51,72.0,1.81,1.88,8,1,0,morning,117.0,,
2025-04-15 08:39:08,1.43,19.0,0.45,1.98,8,1,0,morning,57.0,,
2025-04-15 08:40:54,1.3,8.0,0.17,1.67,8,1,0,morning,106.0,kitchen_faucet,
2025-04-15 08:42:06,1.68,9.0,0.25,1.98,8,1,0,morning,72.0,kitchen_faucet,
2025-04-15 08:45:09,1.21,109.0,2.2,2.3,8,1,0,morning,183.0,,
2025-04-15 08:45:41,1.5,24.0,0.6,1.77,8,1,0,morning,32.0,,
2025-04-15 08:45:53,2.61,1.0,0.04,0.52,8,1,0,morning,12.0,kitchen_faucet,
2025-04-15 08:46:03,1.74,3.0,0.09,1.04,8,1,0,morning,10.0,kitchen_faucet,
2025-04-15 08:47:30,1.48,6.0,0.15,1.77,8,1,0,morning,87.0,kitchen_faucet,
2025-04-15 08:49:11,1.69,91.0,2.57,2.09,8,1,0,morning,101.0,,
2025-04-15 08:49:28,1.3,6.0,0.13,1.57,8,1,0,morning,17.0,kitchen_faucet,
2025-04-15 08:55:52,1.48,263.0,6.47,3.34,8,1,0,morning,384.0,,
2025-04-15 08:56:54,1.67,48.0,1.34,2.09,8,1,0,morning,62.0,,WC
2025-04-15 08:57:07,1.74,3.0,0.09,1.04,8,1,0,morning,13.0,kitchen_faucet,
2025-04-15 09:06:46,0.16,501.0,1.33,2.71,9,1,0,morning,579.0,,
2025-04-15 09:11:20,0.05,109.0,0.1,0.94,9,1,0,morning,274.0,,
2025-04-15 09:15:37,1.73,28.0,0.81,1.88,9,1,0,morning,257.0,,
2025-04-15 09:18:08,1.9,90.0,2.85,2.19,9,1,0,morning,151.0,,
2025-04-15 09:18:54,1.76,16.0,0.47,2.4,9,1,0,morning,46.0,,
2025-04-15 09:20:29,1.81,17.0,0.51,2.19,9,1,0,morning,95.0,,
2025-04-15 09:21:58,1.39,9.0,0.21,1.88,9,1,0,morning,89.0,kitchen_faucet,
2025-04-15 09:33:34,0.14,542.0,1.27,1.98,9,1,0,morning,696.0,,
2025-04-15 09:33:51,1.83,6.0,0.18,2.09,9,1,0,morning,17.0,kitchen_faucet,
2025-04-15 09:35:54,1.67,114.0,3.17,2.4,9,1,0,morning,123.0,,
2025-04-15 09:36:59,0.86,54.0,0.77,1.77,9,1,0,morning,65.0,,
2025-04-15 09:39:54,0.9,93.0,1.4,1.36,9,1,0,morning,175.0,,
2025-04-15 09:42:37,1.09,59.0,1.07,1.57,9,1,0,morning,163.0,,
2025-04-15 10:57:47,1.58,31.0,0.82,1.88,10,1,0,morning,4510.0,,
2025-04-15 11:00:03,1.78,76.0,2.26,2.3,11,1,0,morning,136.0,,
2025-04-15 11:01:38,2.42,30.0,1.21,2.82,11,1,0,morning,95.0,,WC
2025-04-15 11:03:33,2.03,34.0,1.15,2.3,11,1,0,morning,115.0,,
2025-04-15 11:06:01,2.09,2.0,0.07,0.83,11,1,0,morning,148.0,kitchen_faucet,
2025-04-15 11:15:28,1.98,5.0,0.17,1.98,11,1,0,morning,567.0,kitchen_faucet,
2025-04-15 11:17:14,1.72,96.0,2.75,2.3,11,1,0,morning,106.0,,
2025-04-15 11:17:29,1.39,6.0,0.14,1.57,11,1,0,morning,15.0,kitchen_faucet,
2025-04-15 11:23:49,1.1,58.0,1.06,1.57,11,1,0,morning,380.0,,
2025-04-15 11:33:22,1.7,8.0,0.23,1.88,11,1,0,morning,573.0,kitchen_faucet,
2025-04-15 11:36:08,1.52,11.0,0.28,1.88,11,1,0,morning,166.0,,
2025-04-15 11:38:11,0.48,107.0,0.86,1.88,11,1,0,morning,123.0,,
2025-04-15 11:40:38,1.8,86.0,2.58,2.3,11,1,0,morning,147.0,,
2025-04-15 11:55:44,0.02,683.0,0.2,2.19,11,1,0,morning,906.0,,
2025-04-15 11:57:30,1.74,96.0,2.79,1.98,11,1,0,morning,106.0,,
2025-04-15 11:57:45,1.39,6.0,0.14,1.57,11,1,0,morning,15.0,kitchen_faucet,
2025-04-15 11:58:59,1.93,13.0,0.42,2.19,11,1,0,morning,74.0,,
2025-04-15 12:04:21,1.1,59.0,1.08,1.57,12,1,0,afternoon,322.0,,
2025-04-15 12:17:34,1.93,389.0,12.52,3.13,12,1,0,afternoon,793.0,,shower
2025-04-15 12:19:27,0.98,17.0,0.28,1.36,12,1,0,afternoon,113.0,,
2025-04-15 12:20:13,0.52,5.0,0.04,0.52,12,1,0,afternoon,46.0,kitchen_faucet,
2025-04-15 12:21:39,1.22,6.0,0.12,1.36,12,1,0,afternoon,86.0,kitchen_faucet,
2025-04-15 12:22:04,1.39,3.0,0.07,0.83,12,1,0,afternoon,25.0,kitchen_faucet,
2025-04-15 12:22:15,3.65,1.0,0.06,0.73,12,1,0,afternoon,11.0,kitchen_faucet,
2025-04-15 12:22:41,2.09,2.0,0.07,0.83,12,1,0,afternoon,26.0,kitchen_faucet,
2025-04-15 12:22:56,2.61,1.0,0.04,0.52,12,1,0,afternoon,15.0,kitchen_faucet,
2025-04-15 12:24:10,1.07,37.0,0.66,1.46,12,1,0,afternoon,74.0,,
2025-04-15 12:25:01,2.35,2.0,0.08,0.94,12,1,0,afternoon,51.0,kitchen_faucet,
2025-04-15 14:06:09,0.0,6020.0,0.12,1.46,14,1,0,afternoon,6068.0,,
2025-04-15 14:21:16,2.23,195.0,7.24,3.13,14,1,0,afternoon,907.0,,shower
2025-04-15 14:24:07,1.34,25.0,0.56,1.77,14,1,0,afternoon,171.0,,
2025-04-15 14:24:15,2.09,2.0,0.07,0.83,14,1,0,afternoon,8.0,kitchen_faucet,
2025-04-15 14:39:27,0.02,434.0,0.17,2.09,14,1,0,afternoon,912.0,,
2025-04-15 14:41:14,1.82,96.0,2.9,2.19,14,1,0,afternoon,107.0,,
2025-04-15 14:42:49,1.72,86.0,2.46,2.5,14,1,0,afternoon,95.0,,
2025-04-15 14:43:15,1.43,15.0,0.36,1.98,14,1,0,afternoon,26.0,,
2025-04-15 14:44:41,1.33,27.0,0.6,1.98,14,1,0,afternoon,86.0,,
2025-04-15 14:44:54,1.22,3.0,0.06,0.73,14,1,0,afternoon,13.0,kitchen_faucet,
2025-04-15 14:45:08,1.46,5.0,0.12,1.46,14,1,0,afternoon,14.0,kitchen_faucet,
2025-04-15 14:45:45,1.57,18.0,0.47,1.98,14,1,0,afternoon,37.0,,
2025-04-15 14:47:03,1.35,32.0,0.72,1.98,14,1,0,afternoon,78.0,,
2025-04-15 14:47:15,1.46,5.0,0.12,1.46,14,1,0,afternoon,12.0,kitchen_faucet,
2025-04-15 14:49:38,1.09,59.0,1.07,1.57,14,1,0,afternoon,143.0,,
2025-04-15 15:02:26,1.96,4.0,0.13,1.57,15,1,0,afternoon,768.0,kitchen_faucet,
2025-04-15 15:03:49,1.39,6.0,0.14,1.57,15,1,0,afternoon,83.0,kitchen_faucet,
2025-04-15 16:14:49,0.78,4.0,0.05,0.63,16,1,0,afternoon,4260.0,kitchen_faucet,
2025-04-15 16:33:39,0.07,775.0,0.9,1.88,16,1,0,afternoon,1130.0,,
2025-04-15 16:36:13,1.92,95.0,3.04,2.3,16,1,0,afternoon,154.0,,
2025-04-15 16:37:15,1.84,15.0,0.46,2.4,16,1,0,afternoon,62.0,,
2025-04-15 16:51:37,0.03,287.0,0.17,1.98,16,1,0,afternoon,862.0,,
2025-04-15 16:53:26,1.79,98.0,2.92,2.4,16,1,0,afternoon,109.0,,
2025-04-15 16:53:43,1.3,6.0,0.13,1.57,16,1,0,afternoon,17.0,kitchen_faucet,
2025-04-15 16:54:44,1.8,22.0,0.66,2.3,16,1,0,afternoon,61.0,,
2025-04-15 17:00:26,1.11,58.0,1.07,1.57,17,1,0,afternoon,342.0,,
2025-04-15 17:20:51,2.4,5.0,0.2,2.4,17,1,0,afternoon,1225.0,kitchen_faucet,
2025-04-15 17:23:31,1.75,29.0,0.84,1.88,17,1,0,afternoon,160.0,,
2025-04-15 17:25:47,1.93,75.0,2.42,2.4,17,1,0,afternoon,136.0,,
2025-04-15 17:41:19,1.91,6.0,0.19,2.09,17,1,0,afternoon,932.0,kitchen_faucet,
2025-04-15 17:43:06,1.78,97.0,2.88,2.19,17,1,0,afternoon,107.0,,
2025-04-15 17:43:22,1.39,6.0,0.14,1.57,17,1,0,afternoon,16.0,kitchen_faucet,
2025-04-15 17:49:43,1.11,58.0,1.07,1.57,17,1,0,afternoon,381.0,,
2025-04-15 18:14:10,1.3,6.0,0.13,1.57,18,1,0,evening,1467.0,kitchen_faucet,
2025-04-15 18:19:13,1.57,9.0,0.23,1.98,18,1,0,evening,303.0,kitchen_faucet,
2025-04-15 18:21:33,1.99,43.0,1.43,2.5,18,1,0,evening,140.0,,WC
2025-04-15 18:23:01,2.09,34.0,1.18,2.5,18,1,0,evening,88.0,,
2025-04-15 19:52:30,1.36,15.0,0.34,1.77,19,1,0,evening,5369.0,,
2025-04-15 19:52:42,1.77,5.0,0.15,1.77,19,1,0,evening,12.0,kitchen_faucet,
2025-04-15 19:58:55,1.61,13.0,0.35,1.88,19,1,0,evening,373.0,,
2025-04-15 19:59:32,1.74,3.0,0.09,1.04,19,1,0,evening,37.0,kitchen_faucet,
2025-04-15 20:39:21,1.83,4.0,0.12,1.46,20,1,0,evening,2389.0,kitchen_faucet,
2025-04-15 21:34:41,2.39,29.0,1.16,2.82,21,1,0,evening,3320.0,,
2025-04-15 21:48:28,1.04,5.0,0.09,1.04,21,1,0,evening,827.0,kitchen_faucet,
2025-04-15 22:15:03,2.09,34.0,1.18,2.61,22,1,0,evening,1595.0,,
2025-04-15 22:27:02,0.47,40.0,0.31,0.94,22,1,0,evening,719.0,,
2025-04-15 22:28:22,0.97,27.0,0.43,1.36,22,1,0,evening,80.0,,
2025-04-15 22:29:25,1.1,9.0,0.17,1.36,22,1,0,evening,63.0,kitchen_faucet,
2025-04-15 22:31:03,1.51,51.0,1.29,1.88,22,1,0,evening,98.0,,
2025-04-15 22:33:00,1.25,5.0,0.1,1.25,22,1,0,evening,117.0,kitchen_faucet,
2025-04-16 04:53:03,0.0,17434.0,0.37,1.15,4,2,0,night,22803.0,,
2025-04-16 07:23:13,2.2,81.0,2.97,2.92,7,2,0,morning,9010.0,,
2025-04-16 07:26:39,1.3,2.0,0.04,0.52,7,2,0,morning,206.0,kitchen_faucet,
2025-04-16 07:27:05,2.61,2.0,0.09,1.04,7,2,0,morning,26.0,kitchen_faucet,
2025-04-16 07:31:40,1.65,12.0,0.33,1.98,7,2,0,morning,275.0,,
2025-04-16 07:32:03,1.57,2.0,0.05,0.63,7,2,0,morning,23.0,kitchen_faucet,
2025-04-16 07:38:32,1.44,21.0,0.5,1.88,7,2,0,morning,389.0,,
2025-04-16 07:39:17,1.57,13.0,0.34,1.88,7,2,0,morning,45.0,,
2025-04-16 07:45:10,0.63,61.0,0.64,1.88,7,2,0,morning,353.0,,
2025-04-16 07:46:11,1.55,32.0,0.83,1.98,7,2,0,morning,61.0,,
2025-04-16 07:47:16,0.52,22.0,0.19,0.94,7,2,0,morning,65.0,,
2025-04-16 07:47:43,1.49,14.0,0.35,1.88,7,2,0,morning,27.0,,
2025-04-16 07:48:20,0.62,22.0,0.23,0.94,7,2,0,morning,37.0,,
2025-04-16 07:49:15,1.35,37.0,0.83,1.67,7,2,0,morning,55.0,,
2025-04-16 07:55:38,0.04,107.0,0.08,0.94,7,2,0,morning,383.0,,
2025-04-16 07:56:46,2.09,4.0,0.14,1.67,7,2,0,morning,68.0,kitchen_faucet,
2025-04-16 07:57:06,1.35,12.0,0.27,1.88,7,2,0,morning,20.0,,
2025-04-16 07:57:36,0.73,5.0,0.06,0.73,7,2,0,morning,30.0,kitchen_faucet,
2025-04-16 07:58:37,0.28,47.0,0.22,1.77,7,2,0,morning,61.0,,
2025-04-16 07:59:53,1.45,27.0,0.65,1.98,7,2,0,morning,76.0,,
2025-04-16 08:01:01,1.47,16.0,0.39,1.88,8,2,0,morning,68.0,,
2025-04-16 08:08:20,1.25,5.0,0.1,1.25,8,2,0,morning,439.0,kitchen_faucet,
2025-04-16 08:09:52,1.37,50.0,1.14,2.3,8,2,0,morning,92.0,,
2025-04-16 08:13:09,1.36,5.0,0.11,1.36,8,2,0,morning,197.0,kitchen_faucet,
2025-04-16 08:24:58,1.04,7.0,0.12,1.36,8,2,0,morning,709.0,kitchen_faucet,
2025-04-16 08:25:39,2.28,30.0,1.14,2.82,8,2,0,morning,41.0,,
2025-04-16 08:29:13,0.29,92.0,0.44,2.09,8,2,0,morning,214.0,,
2025-04-16 08:29:53,1.07,34.0,0.61,1.88,8,2,0,morning,40.0,,
2025-04-16 08:35:21,2.08,57.0,1.97,2.4,8,2,0,morning,328.0,,
2025-04-16 08:43:35,1.55,150.0,3.88,3.03,8,2,0,morning,494.0,,
2025-04-16 08:54:34,0.01,539.0,0.13,1.57,8,2,0,morning,659.0,,
2025-04-16 08:55:04,1.57,18.0,0.47,1.98,8,2,0,morning,30.0,,
2025-04-16 08:57:01,1.49,28.0,0.7,1.77,8,2,0,morning,117.0,,
2025-04-16 09:03:23,1.65,6.0,0.17,1.88,9,2,0,morning,382.0,kitchen_faucet,
2025-04-16 09:05:03,1.6,17.0,0.45,1.98,9,2,0,morning,100.0,,
2025-04-16 09:10:08,1.4,108.0,2.52,1.67,9,2,0,morning,305.0,,
2025-04-16 09:11:04,1.34,42.0,0.94,1.77,9,2,0,morning,56.0,,
2025-04-16 09:11:59,0.79,25.0,0.33,1.36,9,2,0,morning,55.0,,
2025-04-16 09:13:20,0.61,66.0,0.67,1.04,9,2,0,morning,81.0,,
2025-04-16 09:15:18,0.14,26.0,0.06,0.73,9,2,0,morning,118.0,,
2025-04-16 09:15:54,1.34,28.0,0.63,1.77,9,2,0,morning,36.0,,
2025-04-16 09:36:15,2.23,30.0,1.11,2.5,9,2,0,morning,1221.0,,
2025-04-16 10:28:05,1.52,22.0,0.56,1.98,10,2,0,morning,3110.0,,
2025-04-16 10:30:19,1.23,14.0,0.29,1.57,10,2,0,morning,134.0,,
2025-04-16 10:44:44,1.7,8.0,0.23,2.09,10,2,0,morning,865.0,kitchen_faucet,
2025-04-16 10:45:13,2.61,2.0,0.09,1.04,10,2,0,morning,29.0,kitchen_faucet,
2025-04-16 10:46:23,1.83,2.0,0.06,0.73,10,2,0,morning,70.0,kitchen_faucet,
2025-04-16 10:47:36,0.78,4.0,0.05,0.63,10,2,0,morning,73.0,kitchen_faucet,
2025-04-16 10:51:28,1.57,7.0,0.18,1.98,10,2,0,morning,232.0,kitchen_faucet,
2025-04-16 10:52:47,0.48,37.0,0.3,1.98,10,2,0,morning,79.0,,
2025-04-16 11:17:20,1.97,137.0,4.5,3.97,11,2,0,morning,1473.0,,shower
2025-04-16 11:18:13,1.53,16.0,0.41,1.88,11,2,0,morning,53.0,,
2025-04-16 11:23:39,0.71,47.0,0.56,1.98,11,2,0,morning,326.0,,
2025-04-16 11:42:37,1.57,11.0,0.29,1.98,11,2,0,morning,1138.0,,
2025-04-16 11:46:17,0.55,22.0,0.2,0.94,11,2,0,morning,220.0,,
2025-04-16 11:49:11,1.48,74.0,1.83,1.98,11,2,0,morning,174.0,,
2025-04-16 11:49:37,2.26,3.0,0.11,1.36,11,2,0,morning,26.0,kitchen_faucet,
2025-04-16 11:51:27,1.49,86.0,2.14,1.98,11,2,0,morning,110.0,,
2025-04-16 11:53:32,1.62,27.0,0.73,2.09,11,2,0,morning,125.0,,
2025-04-16 11:54:56,1.47,21.0,0.51,1.88,11,2,0,morning,84.0,,
2025-04-16 11:58:15,1.45,22.0,0.53,1.88,11,2,0,morning,199.0,,
2025-04-16 12:21:55,1.96,214.0,7.0,2.71,12,2,0,afternoon,1420.0,,shower
2025-04-16 12:22:59,2.28,29.0,1.1,2.61,12,2,0,afternoon,64.0,,
2025-04-16 12:43:35,0.02,383.0,0.13,0.83,12,2,0,afternoon,1236.0,,
2025-04-16 13:41:47,1.14,212.0,4.03,1.36,13,2,0,afternoon,3492.0,,
2025-04-16 14:02:24,0.92,99.0,1.51,1.36,14,2,0,afternoon,1237.0,,
2025-04-16 14:10:11,1.61,35.0,0.94,2.09,14,2,0,afternoon,467.0,,
2025-04-16 14:24:46,0.01,263.0,0.04,0.52,14,2,0,afternoon,875.0,,
2025-04-16 14:37:52,0.94,34.0,0.53,1.36,14,2,0,afternoon,786.0,,
2025-04-16 14:44:12,0.91,94.0,1.43,1.36,14,2,0,afternoon,380.0,,
2025-04-16 15:35:21,0.02,1113.0,0.32,2.09,15,2,0,afternoon,3069.0,,
2025-04-16 15:36:39,1.57,2.0,0.05,0.63,15,2,0,afternoon,78.0,kitchen_faucet,
2025-04-16 15:38:42,1.39,3.0,0.07,0.83,15,2,0,afternoon,123.0,kitchen_faucet,
2025-04-16 15:40:40,2.47,30.0,1.23,3.23,15,2,0,afternoon,118.0,,WC
2025-04-16 17:05:59,0.0,4921.0,0.04,0.52,17,2,0,afternoon,5119.0,,
2025-04-16 19:40:55,0.02,754.0,0.2,1.98,19,2,0,evening,9296.0,,
2025-04-16 19:41:21,0.78,16.0,0.21,1.15,19,2,0,evening,26.0,,
2025-04-16 19:44:49,1.58,28.0,0.74,1.98,19,2,0,evening,208.0,,
2025-04-16 19:45:59,0.08,33.0,0.04,0.52,19,2,0,evening,70.0,,
2025-04-16 19:46:16,1.86,7.0,0.22,1.98,19,2,0,evening,17.0,kitchen_faucet,
2025-04-16 19:49:12,2.22,42.0,1.56,2.82,19,2,0,evening,176.0,,WC
2025-04-16 19:51:51,1.37,16.0,0.37,1.67,19,2,0,evening,159.0,,
2025-04-16 20:04:53,2.28,30.0,1.14,3.03,20,2,0,evening,782.0,,
2025-04-16 20:54:44,0.65,4.0,0.04,0.52,20,2,0,evening,2991.0,kitchen_faucet,
2025-04-16 20:55:49,0.49,18.0,0.15,0.94,20,2,0,evening,65.0,,
2025-04-16 21:50:06,1.67,5.0,0.14,1.57,21,2,0,evening,3257.0,kitchen_faucet,
2025-04-16 21:51:15,0.56,13.0,0.12,0.94,21,2,0,evening,69.0,,
2025-04-17 01:25:51,0.0,7217.0,0.05,0.63,1,3,0,night,12876.0,,
2025-04-17 07:57:02,0.22,328.0,1.18,2.3,7,3,0,morning,23471.0,,
2025-04-17 07:58:36,1.17,59.0,1.15,2.19,7,3,0,morning,94.0,,
2025-04-17 08:00:06,1.71,7.0,0.2,2.19,8,3,0,morning,90.0,kitchen_faucet,
2025-04-17 08:00:37,2.35,2.0,0.08,0.94,8,3,0,morning,31.0,kitchen_faucet,
2025-04-17 08:00:57,1.74,3.0,0.09,1.04,8,3,0,morning,20.0,kitchen_faucet,
2025-04-17 08:01:12,1.57,9.0,0.23,1.98,8,3,0,morning,15.0,kitchen_faucet,
2025-04-17 08:03:19,1.49,51.0,1.27,1.98,8,3,0,morning,127.0,,
2025-04-17 08:05:40,0.05,57.0,0.04,0.52,8,3,0,morning,141.0,,
2025-04-17 08:06:55,1.6,15.0,0.4,1.98,8,3,0,morning,75.0,,
2025-04-17 08:08:37,0.42,84.0,0.59,1.98,8,3,0,morning,102.0,,
2025-04-17 08:09:06,3.13,1.0,0.05,0.63,8,3,0,morning,29.0,kitchen_faucet,
2025-04-17 08:09:27,1.04,3.0,0.05,0.63,8,3,0,morning,21.0,kitchen_faucet,
2025-04-17 08:23:08,1.43,30.0,0.71,1.88,8,3,0,morning,821.0,,
2025-04-17 08:23:56,1.53,13.0,0.33,1.88,8,3,0,morning,48.0,,
2025-04-17 08:24:43,1.51,18.0,0.45,1.88,8,3,0,morning,47.0,,
2025-04-17 08:25:53,1.6,33.0,0.88,2.09,8,3,0,morning,70.0,,
2025-04-17 08:26:44,1.53,14.0,0.36,1.98,8,3,0,morning,51.0,,
2025-04-17 08:29:13,1.39,6.0,0.14,1.57,8,3,0,morning,149.0,kitchen_faucet,
2025-04-17 08:32:19,2.04,34.0,1.16,2.5,8,3,0,morning,186.0,,
2025-04-17 08:37:11,0.03,162.0,0.08,0.94,8,3,0,morning,292.0,,
2025-04-17 08:38:29,3.13,1.0,0.05,0.63,8,3,0,morning,78.0,kitchen_faucet,
2025-04-17 08:39:40,1.52,12.0,0.3,1.88,8,3,0,morning,71.0,,
2025-04-17 08:40:27,1.67,5.0,0.14,1.67,8,3,0,morning,47.0,kitchen_faucet,
2025-04-17 08:44:11,0.01,176.0,0.04,0.52,8,3,0,morning,224.0,,
2025-04-17 08:45:28,1.51,20.0,0.5,1.88,8,3,0,morning,77.0,,
2025-04-17 08:49:54,0.65,8.0,0.09,0.94,8,3,0,morning,266.0,kitchen_faucet,
2025-04-17 09:02:55,1.76,161.0,4.73,3.55,9,3,0,morning,781.0,,
2025-04-17 10:41:58,0.01,3204.0,0.57,1.88,10,3,0,morning,5943.0,,
2025-04-17 11:24:43,1.5,32.0,0.8,1.88,11,3,0,morning,2565.0,,
2025-04-17 11:28:38,1.29,15.0,0.32,1.67,11,3,0,morning,235.0,,
2025-04-17 11:35:06,1.61,13.0,0.35,2.09,11,3,0,morning,388.0,,
2025-04-17 12:02:15,1.91,3.0,0.1,1.15,12,3,0,afternoon,1629.0,kitchen_faucet,
2025-04-17 12:05:56,1.7,8.0,0.23,1.98,12,3,0,afternoon,221.0,kitchen_faucet,
2025-04-17 12:15:36,1.57,3.0,0.08,0.94,12,3,0,afternoon,580.0,kitchen_faucet,
2025-04-17 12:53:01,1.62,212.0,5.71,3.34,12,3,0,afternoon,2245.0,,
2025-04-17 13:02:47,0.59,15.0,0.15,0.94,13,3,0,afternoon,586.0,,
2025-04-17 13:20:21,0.34,191.0,1.08,1.88,13,3,0,afternoon,1054.0,,
2025-04-17 13:25:15,1.51,60.0,1.51,1.98,13,3,0,afternoon,294.0,,
2025-04-17 13:27:23,1.44,46.0,1.1,1.88,13,3,0,afternoon,128.0,,
2025-04-17 13:36:50,0.9,530.0,7.93,2.4,13,3,0,afternoon,567.0,,
2025-04-17 13:37:43,2.45,29.0,1.18,3.34,13,3,0,afternoon,53.0,,
2025-04-17 13:46:40,0.58,152.0,1.46,1.04,13,3,0,afternoon,537.0,,
2025-04-17 13:52:44,1.04,3.0,0.05,0.63,13,3,0,afternoon,364.0,kitchen_faucet,
2025-04-17 14:46:19,0.0,1600.0,0.04,0.52,14,3,0,afternoon,3215.0,,
2025-04-17 15:03:10,2.09,2.0,0.07,0.83,15,3,0,afternoon,1011.0,kitchen_faucet,
2025-04-17 15:03:43,1.63,8.0,0.22,1.88,15,3,0,afternoon,33.0,kitchen_faucet,
2025-04-17 15:05:24,1.43,4.0,0.1,1.15,15,3,0,afternoon,101.0,kitchen_faucet,
2025-04-17 15:07:32,0.99,42.0,0.7,1.88,15,3,0,afternoon,128.0,,
2025-04-17 15:08:41,0.9,57.0,0.85,1.36,15,3,0,afternoon,69.0,,
2025-04-17 15:16:31,0.04,223.0,0.17,1.36,15,3,0,afternoon,470.0,,
2025-04-17 15:17:11,1.04,9.0,0.16,1.36,15,3,0,afternoon,40.0,kitchen_faucet,
2025-04-17 15:17:51,1.04,9.0,0.16,1.36,15,3,0,afternoon,40.0,kitchen_faucet,
2025-04-17 15:18:31,1.04,9.0,0.16,1.36,15,3,0,afternoon,40.0,kitchen_faucet,
2025-04-17 15:59:41,0.92,34.0,0.52,1.36,15,3,0,afternoon,2470.0,,
2025-04-17 16:06:01,0.9,94.0,1.41,1.36,16,3,0,afternoon,380.0,,
2025-04-17 16:13:14,1.6,14.0,0.37,1.98,16,3,0,afternoon,433.0,,
2025-04-17 16:15:02,0.55,19.0,0.17,0.94,16,3,0,afternoon,108.0,,
2025-04-17 16:15:51,0.55,20.0,0.18,0.94,16,3,0,afternoon,49.0,,
2025-04-17 16:17:22,1.57,8.0,0.21,1.98,16,3,0,afternoon,91.0,kitchen_faucet,
2025-04-17 16:18:41,0.14,22.0,0.05,0.63,16,3,0,afternoon,79.0,,
2025-04-17 16:19:53,1.57,8.0,0.21,1.88,16,3,0,afternoon,72.0,kitchen_faucet,
2025-04-17 16:24:12,1.57,9.0,0.23,2.09,16,3,0,afternoon,259.0,kitchen_faucet,
2025-04-17 16:34:21,3.13,1.0,0.05,0.63,16,3,0,afternoon,609.0,kitchen_faucet,
2025-04-17 16:36:48,1.57,5.0,0.13,1.57,16,3,0,afternoon,147.0,kitchen_faucet,
2025-04-17 16:40:54,0.02,171.0,0.06,0.73,16,3,0,afternoon,246.0,,
2025-04-17 16:42:17,2.35,2.0,0.08,0.94,16,3,0,afternoon,83.0,kitchen_faucet,
2025-04-17 17:04:21,0.89,45.0,0.67,1.36,17,3,0,afternoon,1324.0,,
2025-04-17 17:05:11,1.52,25.0,0.63,2.09,17,3,0,afternoon,50.0,,
2025-04-17 17:06:17,0.94,10.0,0.16,1.25,17,3,0,afternoon,66.0,,
2025-04-17 17:07:37,2.47,40.0,1.64,3.13,17,3,0,afternoon,80.0,,WC
2025-04-17 17:09:23,1.98,45.0,1.49,2.4,17,3,0,afternoon,106.0,,WC
2025-04-17 17:11:29,1.73,13.0,0.37,2.5,17,3,0,afternoon,126.0,,
2025-04-17 17:14:25,1.3,51.0,1.1,3.03,17,3,0,afternoon,176.0,,
2025-04-17 17:25:43,1.72,30.0,0.86,1.88,17,3,0,afternoon,678.0,,
2025-04-17 17:28:03,1.99,79.0,2.62,2.3,17,3,0,afternoon,140.0,,
2025-04-17 17:39:15,0.16,605.0,1.58,2.19,17,3,0,afternoon,672.0,,
2025-04-17 17:42:26,0.87,18.0,0.26,1.25,17,3,0,afternoon,191.0,,
2025-04-17 17:43:48,1.74,6.0,0.17,1.98,17,3,0,afternoon,82.0,kitchen_faucet,
2025-04-17 17:45:31,1.8,94.0,2.82,2.4,17,3,0,afternoon,103.0,,
2025-04-17 17:45:47,1.39,6.0,0.14,1.57,17,3,0,afternoon,16.0,kitchen_faucet,
2025-04-17 17:47:04,1.83,18.0,0.55,2.4,17,3,0,afternoon,77.0,,
2025-04-17 17:57:09,2.13,34.0,1.21,2.5,17,3,0,afternoon,605.0,,WC
2025-04-17 17:58:25,1.1,59.0,1.08,1.57,17,3,0,afternoon,76.0,,
2025-04-17 18:11:05,1.37,8.0,0.18,1.67,18,3,0,evening,760.0,kitchen_faucet,
2025-04-17 18:14:13,1.57,6.0,0.16,1.77,18,3,0,evening,188.0,kitchen_faucet,
2025-04-17 19:12:25,0.02,2266.0,0.7,2.71,19,3,0,evening,3492.0,,
2025-04-17 19:14:52,1.39,3.0,0.07,0.83,19,3,0,evening,147.0,kitchen_faucet,
2025-04-17 19:15:13,1.3,4.0,0.09,1.04,19,3,0,evening,21.0,kitchen_faucet,
2025-04-17 19:17:48,1.12,147.0,2.75,2.3,19,3,0,evening,155.0,,
2025-04-17 19:18:56,0.48,60.0,0.48,0.94,19,3,0,evening,68.0,,
2025-04-17 19:19:17,0.68,13.0,0.15,0.94,19,3,0,evening,21.0,,
2025-04-17 19:22:00,1.3,36.0,0.78,1.88,19,3,0,evening,163.0,,
2025-04-17 19:22:24,1.01,16.0,0.27,1.57,19,3,0,evening,24.0,,
2025-04-17 19:23:45,1.41,10.0,0.23,1.67,19,3,0,evening,81.0,,
2025-04-17 19:24:54,2.14,38.0,1.36,2.5,19,3,0,evening,69.0,,WC
2025-04-17 19:27:50,2.15,35.0,1.25,3.03,19,3,0,evening,176.0,,WC
2025-04-17 19:47:19,0.59,608.0,5.95,3.76,19,3,0,evening,1169.0,,
2025-04-17 19:54:52,0.14,317.0,0.76,1.88,19,3,0,evening,453.0,,
2025-04-17 19:55:53,1.39,27.0,0.63,1.77,19,3,0,evening,61.0,,
2025-04-17 20:21:03,1.65,6.0,0.17,1.88,20,3,0,evening,1510.0,kitchen_faucet,
2025-04-17 20:24:17,1.63,8.0,0.22,1.88,20,3,0,evening,194.0,kitchen_faucet,
2025-04-17 20:41:50,2.37,29.0,1.15,2.82,20,3,0,evening,1053.0,,
2025-04-17 21:17:55,0.04,2106.0,1.26,3.34,21,3,0,evening,2165.0,,
2025-04-17 21:19:13,3.13,1.0,0.05,0.63,21,3,0,evening,78.0,kitchen_faucet,
2025-04-17 21:22:04,1.63,17.0,0.46,1.98,21,3,0,evening,171.0,,
2025-04-17 21:39:42,1.57,6.0,0.16,1.77,21,3,0,evening,1058.0,kitchen_faucet,
2025-04-17 21:40:35,1.33,24.0,0.53,1.77,21,3,0,evening,53.0,,
2025-04-17 21:48:45,0.68,129.0,1.46,1.04,21,3,0,evening,490.0,,
2025-04-17 21:55:06,1.43,4.0,0.1,1.15,21,3,0,evening,381.0,kitchen_faucet,
2025-04-17 22:07:23,1.61,13.0,0.35,1.88,22,3,0,evening,737.0,,
2025-04-18 00:01:04,0.2,13.0,0.04,0.52,0,4,0,night,6821.0,,
2025-04-18 07:53:01,2.43,29.0,1.17,2.92,7,4,0,morning,28317.0,,
2025-04-18 07:55:36,1.57,13.0,0.34,1.88,7,4,0,morning,155.0,,
2025-04-18 08:08:43,1.51,28.0,0.7,1.98,8,4,0,morning,787.0,,
2025-04-18 08:12:29,1.57,48.0,1.25,2.61,8,4,0,morning,226.0,,WC
2025-04-18 08:12:45,1.36,5.0,0.11,1.36,8,4,0,morning,16.0,kitchen_faucet,
2025-04-18 08:13:40,1.13,6.0,0.11,1.36,8,4,0,morning,55.0,kitchen_faucet,
2025-04-18 08:15:53,1.57,9.0,0.23,1.98,8,4,0,morning,133.0,kitchen_faucet,
2025-04-18 08:21:04,1.01,15.0,0.25,1.77,8,4,0,morning,311.0,,
2025-04-18 08:22:41,0.06,82.0,0.08,0.94,8,4,0,morning,97.0,,
2025-04-18 08:23:49,0.36,36.0,0.22,1.36,8,4,0,morning,68.0,,
2025-04-18 08:27:07,2.61,1.0,0.04,0.52,8,4,0,morning,198.0,kitchen_faucet,
2025-04-18 08:28:38,0.68,40.0,0.45,1.25,8,4,0,morning,91.0,,
2025-04-18 08:31:02,1.74,9.0,0.26,1.98,8,4,0,morning,144.0,kitchen_faucet,
2025-04-18 08:35:55,1.57,7.0,0.18,1.77,8,4,0,morning,293.0,kitchen_faucet,
2025-04-18 08:38:36,1.39,3.0,0.07,0.83,8,4,0,morning,161.0,kitchen_faucet,
2025-04-18 08:39:35,0.67,7.0,0.08,0.94,8,4,0,morning,59.0,kitchen_faucet,
2025-04-18 08:46:28,1.7,241.0,6.81,3.34,8,4,0,morning,413.0,,
2025-04-18 08:49:43,1.07,71.0,1.26,2.5,8,4,0,morning,195.0,,
2025-04-18 08:50:35,1.34,32.0,0.71,1.88,8,4,0,morning,52.0,,
2025-04-18 08:55:16,0.06,181.0,0.19,1.98,8,4,0,morning,281.0,,
2025-04-18 08:57:42,2.03,35.0,1.18,2.61,8,4,0,morning,146.0,,
2025-04-18 10:10:35,0.02,2633.0,0.86,1.88,10,4,0,morning,4373.0,,
2025-04-18 10:13:01,1.97,87.0,2.85,2.4,10,4,0,morning,146.0,,
2025-04-18 10:13:58,2.03,17.0,0.57,2.3,10,4,0,morning,57.0,,
2025-04-18 10:15:20,1.93,13.0,0.42,2.4,10,4,0,morning,82.0,,
2025-04-18 10:28:48,0.02,682.0,0.2,2.3,10,4,0,morning,808.0,,
2025-04-18 10:30:29,1.8,91.0,2.73,2.4,10,4,0,morning,101.0,,
2025-04-18 10:30:44,1.3,6.0,0.13,1.57,10,4,0,morning,15.0,kitchen_faucet,
2025-04-18 10:31:51,1.83,26.0,0.79,2.3,10,4,0,morning,67.0,,
2025-04-18 10:38:45,1.12,58.0,1.08,1.67,10,4,0,morning,414.0,,
2025-04-18 10:51:25,2.08,153.0,5.3,3.97,10,4,0,morning,760.0,,shower
2025-04-18 11:15:41,0.01,1297.0,0.19,1.88,11,4,0,morning,1456.0,,
2025-04-18 11:17:12,1.44,43.0,1.03,1.88,11,4,0,morning,91.0,,
2025-04-18 11:18:55,1.42,59.0,1.4,1.88,11,4,0,morning,103.0,,
2025-04-18 11:19:53,1.47,32.0,0.78,1.88,11,4,0,morning,58.0,,
2025-04-18 11:31:37,1.36,5.0,0.11,1.36,11,4,0,morning,704.0,kitchen_faucet,
2025-04-18 11:36:39,0.02,281.0,0.08,0.94,11,4,0,morning,302.0,,
2025-04-18 11:39:31,1.36,18.0,0.41,1.88,11,4,0,morning,172.0,,
2025-04-18 11:43:10,1.83,6.0,0.18,1.88,11,4,0,morning,219.0,kitchen_faucet,
2025-04-18 11:43:24,1.57,7.0,0.18,1.88,11,4,0,morning,14.0,kitchen_faucet,
2025-04-18 11:49:54,1.48,25.0,0.62,1.77,11,4,0,morning,390.0,,
2025-04-18 12:08:31,1.14,50.0,0.95,1.56,12,4,0,afternoon,1117.0,,
2025-04-18 12:15:12,1.39,18.0,0.42,1.88,12,4,0,afternoon,401.0,,
2025-04-18 12:18:03,1.45,51.0,1.23,1.88,12,4,0,afternoon,171.0,,
2025-04-18 12:18:23,1.38,11.0,0.25,1.67,12,4,0,afternoon,20.0,,
2025-04-18 12:33:20,1.71,7.0,0.2,1.88,12,4,0,afternoon,897.0,kitchen_faucet,
2025-04-18 12:34:08,1.39,38.0,0.88,1.88,12,4,0,afternoon,48.0,,
2025-04-18 12:49:05,1.53,15.0,0.38,1.88,12,4,0,afternoon,897.0,,
2025-04-18 12:53:11,0.37,48.0,0.3,1.88,12,4,0,afternoon,246.0,,
2025-04-18 12:54:12,1.33,20.0,0.44,1.77,12,4,0,afternoon,61.0,,
2025-04-18 12:57:54,1.22,3.0,0.06,0.73,12,4,0,afternoon,222.0,kitchen_faucet,
2025-04-18 13:02:58,1.62,10.0,0.27,1.88,13,4,0,afternoon,304.0,,
2025-04-18 13:50:36,0.0,1749.0,0.04,0.52,13,4,0,afternoon,2858.0,,
2025-04-18 14:08:05,0.05,188.0,0.16,1.77,14,4,0,afternoon,1049.0,,
2025-04-18 14:08:28,1.51,9.0,0.23,1.88,14,4,0,afternoon,23.0,kitchen_faucet,
2025-04-18 14:10:55,1.51,9.0,0.23,1.88,14,4,0,afternoon,147.0,kitchen_faucet,
2025-04-18 14:12:57,1.43,23.0,0.55,1.98,14,4,0,afternoon,122.0,,
2025-04-18 14:30:30,0.01,743.0,0.17,1.98,14,4,0,afternoon,1053.0,,
2025-04-18 14:30:41,2.09,2.0,0.07,0.83,14,4,0,afternoon,11.0,kitchen_faucet,
2025-04-18 14:30:54,1.57,5.0,0.13,1.57,14,4,0,afternoon,13.0,kitchen_faucet,
2025-04-18 14:33:51,1.46,5.0,0.12,1.46,14,4,0,afternoon,177.0,kitchen_faucet,
2025-04-18 14:35:50,1.47,52.0,1.28,1.88,14,4,0,afternoon,119.0,,
2025-04-18 14:36:25,1.44,13.0,0.31,1.77,14,4,0,afternoon,35.0,,
2025-04-18 14:39:10,1.19,7.0,0.14,1.57,14,4,0,afternoon,165.0,kitchen_faucet,
2025-04-18 15:35:04,1.44,26.0,0.63,1.67,15,4,0,afternoon,3354.0,,
2025-04-18 15:53:08,0.6,13.0,0.13,0.94,15,4,0,afternoon,1084.0,,
2025-04-18 16:23:12,0.56,1396.0,13.04,3.23,16,4,0,afternoon,1804.0,,
2025-04-18 16:55:29,0.04,1837.0,1.35,2.82,16,4,0,afternoon,1937.0,,
2025-04-18 17:23:34,0.78,24.0,0.31,1.15,17,4,0,afternoon,1685.0,,
2025-04-18 17:23:51,0.7,9.0,0.1,1.04,17,4,0,afternoon,17.0,kitchen_faucet,
2025-04-18 17:24:15,0.92,17.0,0.26,1.88,17,4,0,afternoon,24.0,,
2025-04-18 17:34:05,2.03,35.0,1.18,2.5,17,4,0,afternoon,590.0,,
2025-04-18 17:34:37,1.96,4.0,0.13,1.57,17,4,0,afternoon,32.0,kitchen_faucet,
2025-04-18 17:36:19,1.57,26.0,0.68,1.88,17,4,0,afternoon,102.0,,
2025-04-18 17:38:51,0.88,100.0,1.46,1.36,17,4,0,afternoon,152.0,,
2025-04-18 17:39:09,1.57,7.0,0.18,1.88,17,4,0,afternoon,18.0,kitchen_faucet,
2025-04-18 17:41:40,0.55,18.0,0.17,1.36,17,4,0,afternoon,151.0,,
2025-04-18 17:42:20,0.99,9.0,0.15,1.36,17,4,0,afternoon,40.0,kitchen_faucet,
2025-04-18 17:50:00,1.53,160.0,4.08,2.71,17,4,0,afternoon,460.0,,
2025-04-18 18:11:21,0.55,17.0,0.16,0.94,18,4,0,evening,1281.0,,
2025-04-18 18:36:31,0.9,93.0,1.4,1.36,18,4,0,evening,1510.0,,
2025-04-18 18:46:06,0.21,414.0,1.43,1.36,18,4,0,evening,575.0,,
2025-04-18 19:00:11,0.24,814.0,3.27,3.34,19,4,0,evening,845.0,,
2025-04-18 19:09:12,0.03,410.0,0.17,0.94,19,4,0,evening,541.0,,
2025-04-18 20:35:21,0.0,2781.0,0.06,0.73,20,4,0,evening,5169.0,,
2025-04-18 21:23:53,2.5,30.0,1.25,3.34,21,4,0,evening,2912.0,,WC
2025-04-18 21:52:23,0.01,1682.0,0.2,0.94,21,4,0,evening,1710.0,,
2025-04-18 22:39:58,0.0,970.0,0.04,0.52,22,4,0,evening,2855.0,,
2025-04-18 22:47:53,1.74,3.0,0.09,1.04,22,4,0,evening,475.0,kitchen_faucet,
2025-04-18 23:32:53,0.02,452.0,0.12,0.94,23,4,0,evening,2700.0,,
2025-04-18 23:34:24,1.17,4.0,0.08,0.94,23,4,0,evening,91.0,kitchen_faucet,
2025-04-18 23:35:23,0.6,14.0,0.14,0.94,23,4,0,evening,59.0,,
2025-04-18 23:37:38,2.04,36.0,1.23,2.61,23,4,0,evening,135.0,,WC
2025-04-18 23:38:25,1.25,25.0,0.52,1.67,23,4,0,evening,47.0,,
2025-04-19 08:28:43,0.03,2216.0,1.21,2.61,8,5,1,morning,31818.0,,
2025-04-19 08:42:57,0.45,631.0,4.69,2.09,8,5,1,morning,854.0,,
2025-04-19 08:44:14,1.35,62.0,1.4,1.77,8,5,1,morning,77.0,,
2025-04-19 08:44:56,1.44,13.0,0.31,1.88,8,5,1,morning,42.0,,
2025-04-19 08:46:05,1.57,28.0,0.73,1.88,8,5,1,morning,69.0,,
2025-04-19 08:47:16,1.49,33.0,0.82,1.88,8,5,1,morning,71.0,,
2025-04-19 08:49:06,1.31,84.0,1.83,1.67,8,5,1,morning,110.0,,
2025-04-19 08:50:10,1.62,35.0,0.95,1.98,8,5,1,morning,64.0,,
2025-04-19 08:50:49,1.7,23.0,0.65,2.09,8,5,1,morning,39.0,,
2025-04-19 08:52:06,1.52,54.0,1.37,1.98,8,5,1,morning,77.0,,
2025-04-19 08:53:28,1.54,53.0,1.36,1.98,8,5,1,morning,82.0,,
2025-04-19 08:56:12,0.5,46.0,0.38,1.98,8,5,1,morning,164.0,,
2025-04-19 08:59:26,1.74,6.0,0.17,1.98,8,5,1,morning,194.0,kitchen_faucet,
2025-04-19 09:07:05,1.47,21.0,0.51,1.88,9,5,1,morning,459.0,,
2025-04-19 09:07:31,1.57,10.0,0.26,1.88,9,5,1,morning,26.0,,
2025-04-19 09:15:27,0.78,10.0,0.13,1.15,9,5,1,morning,476.0,,
2025-04-19 09:20:39,0.55,20.0,0.18,0.94,9,5,1,morning,312.0,,
2025-04-19 09:44:45,1.88,37.0,1.16,3.13,9,5,1,morning,1446.0,,
2025-04-19 09:46:56,1.0,22.0,0.37,1.36,9,5,1,morning,131.0,,
2025-04-19 09:48:37,1.04,4.0,0.07,0.83,9,5,1,morning,101.0,kitchen_faucet,
2025-04-19 09:51:55,2.13,34.0,1.21,2.4,9,5,1,morning,198.0,,WC
2025-04-19 10:19:40,1.33,295.0,6.52,1.98,10,5,1,morning,1665.0,,
2025-04-19 10:38:38,0.01,998.0,0.17,1.88,10,5,1,morning,1138.0,,
2025-04-19 12:08:01,0.68,13.0,0.15,1.04,12,5,1,afternoon,5363.0,,
2025-04-19 12:18:27,1.04,12.0,0.21,1.57,12,5,1,afternoon,626.0,,
2025-04-19 12:29:42,0.87,3.0,0.04,0.52,12,5,1,afternoon,675.0,kitchen_faucet,
2025-04-19 14:08:31,0.09,3181.0,4.83,2.5,14,5,1,afternoon,5929.0,,
2025-04-19 14:18:11,0.04,165.0,0.12,1.46,14,5,1,afternoon,580.0,,
2025-04-19 14:18:51,1.57,4.0,0.1,1.25,14,5,1,afternoon,40.0,kitchen_faucet,
2025-04-19 14:19:06,1.3,4.0,0.09,1.04,14,5,1,afternoon,15.0,kitchen_faucet,
2025-04-19 14:22:28,1.42,11.0,0.26,1.77,14,5,1,afternoon,202.0,,
2025-04-19 14:49:00,2.13,54.0,1.91,2.5,14,5,1,afternoon,1592.0,,
2025-04-19 16:36:19,1.49,14.0,0.35,1.88,16,5,1,afternoon,6439.0,,
2025-04-19 16:37:05,1.3,6.0,0.13,1.57,16,5,1,afternoon,46.0,kitchen_faucet,
2025-04-19 16:53:59,2.61,2.0,0.09,1.04,16,5,1,afternoon,1014.0,kitchen_faucet,
2025-04-19 16:54:30,1.59,19.0,0.5,1.98,16,5,1,afternoon,31.0,,
2025-04-19 16:59:35,1.52,38.0,0.97,1.88,16,5,1,afternoon,305.0,,
2025-04-19 17:01:10,1.45,61.0,1.48,1.88,17,5,1,afternoon,95.0,,
2025-04-19 17:01:44,0.33,11.0,0.06,0.73,17,5,1,afternoon,34.0,,
2025-04-19 17:03:33,2.24,52.0,1.94,2.71,17,5,1,afternoon,109.0,,
2025-04-19 17:09:11,1.74,3.0,0.09,1.04,17,5,1,afternoon,338.0,kitchen_faucet,
2025-04-19 17:13:36,1.57,3.0,0.08,0.94,17,5,1,afternoon,265.0,kitchen_faucet,
2025-04-19 17:20:21,1.74,3.0,0.09,1.04,17,5,1,afternoon,405.0,kitchen_faucet,
2025-04-19 17:21:05,0.57,20.0,0.19,0.94,17,5,1,afternoon,44.0,,
2025-04-19 17:25:48,1.68,9.0,0.25,1.88,17,5,1,afternoon,283.0,kitchen_faucet,
2025-04-19 17:42:06,1.5,25.0,0.63,1.88,17,5,1,afternoon,978.0,,
2025-04-19 17:53:18,0.07,95.0,0.1,1.25,17,5,1,afternoon,672.0,,
2025-04-19 17:54:08,1.43,31.0,0.74,1.88,17,5,1,afternoon,50.0,,
2025-04-19 18:37:18,1.91,3.0,0.1,1.15,18,5,1,evening,2590.0,kitchen_faucet,
2025-04-19 18:37:25,2.61,1.0,0.04,0.52,18,5,1,evening,7.0,kitchen_faucet,
2025-04-19 18:38:32,1.83,6.0,0.18,1.98,18,5,1,evening,67.0,kitchen_faucet,
2025-04-19 18:41:58,1.91,45.0,1.43,2.82,18,5,1,evening,206.0,,WC
2025-04-19 18:44:01,2.52,29.0,1.22,3.23,18,5,1,evening,123.0,,WC
2025-04-19 18:57:46,0.59,15.0,0.15,0.94,18,5,1,evening,825.0,,
2025-04-19 20:33:54,0.0,3423.0,0.06,0.73,20,5,1,evening,5768.0,,
2025-04-19 21:00:32,3.13,73.0,3.81,3.97,21,5,1,evening,1598.0,,
2025-04-19 21:02:17,1.46,10.0,0.24,1.88,21,5,1,evening,105.0,,
2025-04-19 21:03:38,2.2,23.0,0.84,2.61,21,5,1,evening,81.0,,
2025-04-19 21:08:42,2.66,95.0,4.22,3.23,21,5,1,evening,304.0,,
2025-04-19 21:14:14,1.42,14.0,0.33,1.98,21,5,1,evening,332.0,,
2025-04-19 21:15:20,1.48,31.0,0.77,1.88,21,5,1,evening,66.0,,
2025-04-19 21:24:58,0.01,550.0,0.05,0.63,21,5,1,evening,578.0,,
2025-04-19 21:26:36,1.3,6.0,0.13,1.57,21,5,1,evening,98.0,kitchen_faucet,
2025-04-19 21:40:41,0.03,823.0,0.37,1.36,21,5,1,evening,845.0,,
2025-04-19 21:44:34,0.36,82.0,0.49,1.88,21,5,1,evening,233.0,,
2025-04-19 21:47:17,3.13,1.0,0.05,0.63,21,5,1,evening,163.0,kitchen_faucet,
2025-04-19 22:02:04,1.44,46.0,1.1,1.88,22,5,1,evening,887.0,,
2025-04-19 22:06:56,1.47,11.0,0.27,1.88,22,5,1,evening,292.0,,
2025-04-19 22:12:03,1.3,8.0,0.17,1.57,22,5,1,evening,307.0,kitchen_faucet,
2025-04-19 22:18:21,1.67,10.0,0.28,1.98,22,5,1,evening,378.0,,
2025-04-19 22:30:18,1.5,8.0,0.2,1.98,22,5,1,evening,717.0,kitchen_faucet,
2025-04-19 22:43:08,0.12,556.0,1.15,1.98,22,5,1,evening,770.0,,
2025-04-19 22:43:32,1.57,10.0,0.26,1.88,22,5,1,evening,24.0,,
2025-04-19 22:43:44,1.57,5.0,0.13,1.57,22,5,1,evening,12.0,kitchen_faucet,
2025-04-19 22:47:43,1.03,97.0,1.66,1.46,22,5,1,evening,239.0,,
2025-04-19 23:11:00,0.05,122.0,0.1,1.15,23,5,1,evening,1397.0,,
2025-04-19 23:21:39,0.59,16.0,0.16,0.94,23,5,1,evening,639.0,,
2025-04-19 23:46:55,0.01,313.0,0.04,0.52,23,5,1,evening,1516.0,,
2025-04-19 23:56:07,1.51,10.0,0.25,1.88,23,5,1,evening,552.0,,
2025-04-19 23:56:50,0.58,18.0,0.17,0.94,23,5,1,evening,43.0,,
2025-04-19 23:58:52,1.55,40.0,1.03,1.98,23,5,1,evening,122.0,,
2025-04-20 00:00:39,1.59,21.0,0.56,1.98,0,6,1,night,107.0,,
2025-04-20 00:03:04,1.68,14.0,0.39,1.98,0,6,1,night,145.0,,
2025-04-20 00:04:07,2.5,29.0,1.21,3.03,0,6,1,night,63.0,,WC
2025-04-20 00:06:12,1.01,106.0,1.78,1.98,0,6,1,night,125.0,,
2025-04-20 00:08:51,1.77,28.0,0.83,1.88,0,6,1,night,159.0,,
2025-04-20 00:11:06,1.95,75.0,2.44,2.4,0,6,1,night,135.0,,
2025-04-20 00:28:29,2.22,4.0,0.15,1.77,0,6,1,night,1043.0,kitchen_faucet,
2025-04-20 00:30:11,1.82,91.0,2.76,2.3,0,6,1,night,102.0,,
2025-04-20 00:30:27,1.3,6.0,0.13,1.57,0,6,1,night,16.0,kitchen_faucet,
2025-04-20 00:36:59,1.34,70.0,1.57,1.98,0,6,1,night,392.0,,
2025-04-20 00:43:19,0.9,94.0,1.42,1.36,0,6,1,night,380.0,,
2025-04-20 02:58:02,0.0,756.0,0.04,0.52,2,6,1,night,8083.0,,
2025-04-20 07:46:30,2.13,36.0,1.28,2.71,7,6,1,morning,17308.0,,WC
2025-04-20 08:09:00,2.13,59.0,2.1,2.71,8,6,1,morning,1350.0,,
2025-04-20 08:27:42,1.83,4.0,0.12,1.46,8,6,1,morning,1122.0,kitchen_faucet,
2025-04-20 08:38:03,0.03,555.0,0.25,1.67,8,6,1,morning,621.0,,
2025-04-20 08:49:48,0.57,24.0,0.23,0.94,8,6,1,morning,705.0,,
2025-04-20 08:51:35,3.65,1.0,0.06,0.73,8,6,1,morning,107.0,kitchen_faucet,
2025-04-20 08:54:04,1.57,2.0,0.05,0.63,8,6,1,morning,149.0,kitchen_faucet,
2025-04-20 09:02:50,2.06,34.0,1.17,2.71,9,6,1,morning,526.0,,
2025-04-20 09:52:40,1.57,2.0,0.05,0.63,9,6,1,morning,2990.0,kitchen_faucet,
2025-04-20 09:53:29,0.67,18.0,0.2,1.25,9,6,1,morning,49.0,,
2025-04-20 09:54:00,1.73,22.0,0.63,2.5,9,6,1,morning,31.0,,
2025-04-20 09:54:57,1.34,45.0,1.01,2.92,9,6,1,morning,57.0,,
2025-04-20 09:55:09,1.57,3.0,0.08,0.94,9,6,1,morning,12.0,kitchen_faucet,
2025-04-20 09:55:52,0.87,34.0,0.5,1.57,9,6,1,morning,43.0,,
2025-04-20 09:57:54,1.63,8.0,0.22,1.88,9,6,1,morning,122.0,kitchen_faucet,
2025-04-20 09:58:21,1.63,8.0,0.22,1.88,9,6,1,morning,27.0,kitchen_faucet,
2025-04-20 10:07:31,0.17,225.0,0.63,1.57,10,6,1,morning,550.0,,
2025-04-20 10:08:05,0.78,4.0,0.05,0.63,10,6,1,morning,34.0,kitchen_faucet,
2025-04-20 10:12:59,1.43,4.0,0.1,1.15,10,6,1,morning,294.0,kitchen_faucet,
2025-04-20 10:14:49,1.29,27.0,0.58,1.67,10,6,1,morning,110.0,,
2025-04-20 10:27:01,1.99,287.0,9.53,2.92,10,6,1,morning,732.0,,shower
2025-04-20 10:30:19,0.04,98.0,0.07,0.83,10,6,1,morning,198.0,,
2025-04-20 10:34:47,1.57,6.0,0.16,1.67,10,6,1,morning,268.0,kitchen_faucet,
2025-04-20 10:35:45,1.88,5.0,0.16,1.88,10,6,1,morning,58.0,kitchen_faucet,
2025-04-20 10:42:55,2.15,34.0,1.22,2.5,10,6,1,morning,430.0,,WC
2025-04-20 10:45:51,1.43,20.0,0.48,1.77,10,6,1,morning,176.0,,
2025-04-20 10:50:29,1.54,201.0,5.17,3.44,10,6,1,morning,278.0,,
2025-04-20 10:53:13,1.01,93.0,1.57,1.46,10,6,1,morning,164.0,,
2025-04-20 10:58:23,2.17,59.0,2.13,2.61,10,6,1,morning,310.0,,
2025-04-20 11:13:52,1.59,326.0,8.66,3.55,11,6,1,morning,929.0,,
2025-04-20 13:33:25,0.0,8258.0,0.04,0.52,13,6,1,afternoon,8373.0,,
2025-04-20 14:20:24,0.0,2095.0,0.04,0.52,14,6,1,afternoon,2819.0,,
2025-04-20 15:33:20,0.0,3349.0,0.04,0.52,15,6,1,afternoon,4376.0,,
2025-04-20 19:29:21,0.01,5753.0,1.43,2.5,19,6,1,evening,14161.0,,
2025-04-20 19:31:34,1.47,33.0,0.81,1.88,19,6,1,evening,133.0,,
2025-04-20 19:43:48,2.06,35.0,1.2,2.61,19,6,1,evening,734.0,,WC
2025-04-20 19:45:47,0.06,79.0,0.08,0.94,19,6,1,evening,119.0,,
2025-04-20 19:48:51,0.55,19.0,0.17,0.94,19,6,1,evening,184.0,,
2025-04-20 19:49:25,0.61,12.0,0.12,0.94,19,6,1,evening,34.0,,
2025-04-20 19:50:49,3.07,46.0,2.36,3.97,19,6,1,evening,84.0,,
2025-04-20 20:10:45,0.02,1082.0,0.4,2.09,20,6,1,evening,1196.0,,
2025-04-20 20:20:39,0.05,488.0,0.43,1.88,20,6,1,evening,594.0,,
2025-04-20 20:21:25,1.09,11.0,0.2,1.88,20,6,1,evening,46.0,,
2025-04-20 20:21:40,0.78,6.0,0.08,0.94,20,6,1,evening,15.0,kitchen_faucet,
2025-04-20 20:41:39,2.5,29.0,1.21,2.92,20,6,1,evening,1199.0,,WC
2025-04-20 20:43:05,0.38,75.0,0.47,0.83,20,6,1,evening,86.0,,
2025-04-20 21:37:40,1.57,2.0,0.05,0.63,21,6,1,evening,3275.0,kitchen_faucet,
2025-04-20 21:48:34,0.91,12.0,0.18,1.25,21,6,1,evening,654.0,,
2025-04-20 21:49:58,0.74,29.0,0.36,1.88,21,6,1,evening,84.0,,
2025-04-20 21:51:50,0.84,91.0,1.28,1.98,21,6,1,evening,112.0,,
2025-04-20 21:52:20,1.6,16.0,0.43,2.09,21,6,1,evening,30.0,,
2025-04-20 21:52:42,1.67,10.0,0.28,2.09,21,6,1,evening,22.0,,
2025-04-20 21:52:58,1.37,8.0,0.18,1.46,21,6,1,evening,16.0,kitchen_faucet,
2025-04-20 22:03:34,0.28,474.0,2.21,2.61,22,6,1,evening,636.0,,
2025-04-20 22:21:20,1.17,8.0,0.16,1.46,22,6,1,evening,1066.0,kitchen_faucet,
2025-04-21 00:20:29,0.01,2374.0,0.32,3.13,0,0,0,night,7149.0,,
2025-04-21 07:00:15,2.36,31.0,1.22,2.82,7,0,0,morning,23986.0,,WC
2025-04-21 07:33:47,2.16,34.0,1.23,2.61,7,0,0,morning,2012.0,,WC
2025-04-21 07:48:49,2.39,29.0,1.16,2.92,7,0,0,morning,902.0,,
2025-04-21 07:50:03,2.5,30.0,1.25,2.92,7,0,0,morning,74.0,,WC
2025-04-21 07:55:39,2.35,2.0,0.08,0.94,7,0,0,morning,336.0,kitchen_faucet,
2025-04-21 08:05:44,0.09,135.0,0.21,0.94,8,0,0,morning,605.0,,
2025-04-21 08:08:47,1.39,115.0,2.67,1.98,8,0,0,morning,183.0,,
2025-04-21 08:11:44,0.93,108.0,1.68,2.4,8,0,0,morning,177.0,,
2025-04-21 08:14:17,0.55,20.0,0.18,0.94,8,0,0,morning,153.0,,
2025-04-21 08:19:59,1.45,35.0,0.84,1.88,8,0,0,morning,342.0,,
2025-04-21 08:20:59,1.42,22.0,0.52,1.88,8,0,0,morning,60.0,,
2025-04-21 08:22:32,1.46,10.0,0.24,1.88,8,0,0,morning,93.0,,
2025-04-21 08:30:17,1.5,187.0,4.68,3.55,8,0,0,morning,465.0,,
2025-04-21 08:33:17,1.51,18.0,0.45,1.88,8,0,0,morning,180.0,,
2025-04-21 08:34:33,1.3,4.0,0.09,1.04,8,0,0,morning,76.0,kitchen_faucet,
2025-04-21 08:34:59,1.51,18.0,0.45,1.88,8,0,0,morning,26.0,,
2025-04-21 08:37:51,1.57,15.0,0.39,1.98,8,0,0,morning,172.0,,
2025-04-21 08:38:11,1.57,9.0,0.23,1.88,8,0,0,morning,20.0,kitchen_faucet,
2025-04-21 08:42:14,0.73,5.0,0.06,0.73,8,0,0,morning,243.0,kitchen_faucet,
2025-04-21 08:51:13,1.57,9.0,0.23,1.88,8,0,0,morning,539.0,kitchen_faucet,
2025-04-21 08:56:53,1.13,6.0,0.11,1.36,8,0,0,morning,340.0,kitchen_faucet,
2025-04-21 10:09:57,1.62,31.0,0.83,1.88,10,0,0,morning,4384.0,,
2025-04-21 10:12:29,1.96,94.0,3.07,2.5,10,0,0,morning,152.0,,
2025-04-21 10:18:46,0.01,241.0,0.04,0.52,10,0,0,morning,377.0,,
2025-04-21 10:26:18,1.5,43.0,1.08,1.98,10,0,0,morning,452.0,,
2025-04-21 10:30:36,1.39,9.0,0.21,1.98,10,0,0,morning,258.0,kitchen_faucet,
2025-04-21 10:31:08,1.98,5.0,0.17,1.98,10,0,0,morning,32.0,kitchen_faucet,
2025-04-21 10:32:49,1.82,91.0,2.77,2.3,10,0,0,morning,101.0,,
2025-04-21 10:33:05,1.57,5.0,0.13,1.57,10,0,0,morning,16.0,kitchen_faucet,
2025-04-21 10:34:38,1.97,13.0,0.43,2.3,10,0,0,morning,93.0,,
2025-04-21 10:38:36,1.57,25.0,0.65,1.88,10,0,0,morning,238.0,,
2025-04-21 10:40:11,1.74,3.0,0.09,1.04,10,0,0,morning,95.0,kitchen_faucet,
2025-04-21 10:43:05,1.11,59.0,1.09,1.57,10,0,0,morning,174.0,,
2025-04-21 10:55:43,1.69,29.0,0.82,1.88,10,0,0,morning,758.0,,
2025-04-21 10:57:55,1.97,72.0,2.37,2.4,10,0,0,morning,132.0,,
2025-04-21 10:58:25,1.77,5.0,0.15,1.67,10,0,0,morning,30.0,kitchen_faucet,
2025-04-21 10:58:48,1.91,12.0,0.38,2.3,10,0,0,morning,23.0,,
2025-04-21 10:59:32,1.92,16.0,0.51,2.5,10,0,0,morning,44.0,,
2025-04-21 11:00:21,2.24,30.0,1.12,3.03,11,0,0,morning,49.0,,
2025-04-21 11:01:16,1.98,10.0,0.33,2.4,11,0,0,morning,55.0,,
2025-04-21 11:17:58,0.01,887.0,0.19,2.19,11,0,0,morning,1002.0,,
2025-04-21 11:19:38,1.8,92.0,2.76,2.3,11,0,0,morning,100.0,,
2025-04-21 11:19:56,1.19,7.0,0.14,1.57,11,0,0,morning,18.0,kitchen_faucet,
2025-04-21 11:20:57,1.85,22.0,0.68,2.19,11,0,0,morning,61.0,,
2025-04-21 11:26:36,1.11,59.0,1.09,1.57,11,0,0,morning,339.0,,
2025-04-21 11:32:32,1.64,160.0,4.38,3.55,11,0,0,morning,356.0,,
2025-04-21 11:37:43,0.73,5.0,0.06,0.73,11,0,0,morning,311.0,kitchen_faucet,
2025-04-21 11:40:24,1.72,17.0,0.49,2.09,11,0,0,morning,161.0,,
2025-04-21 11:51:13,1.65,30.0,0.83,1.88,11,0,0,morning,649.0,,
2025-04-21 11:53:58,1.97,106.0,3.48,2.4,11,0,0,morning,165.0,,
2025-04-21 11:56:10,1.94,14.0,0.45,2.5,11,0,0,morning,132.0,,
2025-04-21 12:01:23,0.01,203.0,0.04,0.52,12,0,0,afternoon,313.0,,
2025-04-21 12:16:33,2.19,5.0,0.18,2.09,12,0,0,afternoon,910.0,kitchen_faucet,
2025-04-21 12:18:22,1.77,100.0,2.96,2.3,12,0,0,afternoon,109.0,,
2025-04-21 12:18:39,1.27,7.0,0.15,1.57,12,0,0,afternoon,17.0,kitchen_faucet,
2025-04-21 12:19:15,2.03,17.0,0.57,2.3,12,0,0,afternoon,36.0,,
2025-04-21 12:25:15,1.09,59.0,1.07,1.57,12,0,0,afternoon,360.0,,
2025-04-21 12:47:40,1.7,4.0,0.11,1.36,12,0,0,afternoon,1345.0,kitchen_faucet,
2025-04-21 12:49:03,2.06,36.0,1.23,2.61,12,0,0,afternoon,83.0,,WC
2025-04-21 12:51:08,1.75,29.0,0.84,1.88,12,0,0,afternoon,125.0,,
2025-04-21 12:53:53,1.94,104.0,3.37,2.19,12,0,0,afternoon,165.0,,
2025-04-21 12:58:47,0.02,171.0,0.04,0.52,12,0,0,afternoon,294.0,,
2025-04-21 13:09:17,1.98,5.0,0.17,1.98,13,0,0,afternoon,630.0,kitchen_faucet,
2025-04-21 13:11:03,1.76,96.0,2.82,2.19,13,0,0,afternoon,106.0,,
2025-04-21 13:11:17,1.3,6.0,0.13,1.57,13,0,0,afternoon,14.0,kitchen_faucet,
2025-04-21 13:11:54,1.87,17.0,0.53,2.19,13,0,0,afternoon,37.0,,
2025-04-21 13:12:20,1.51,9.0,0.23,1.88,13,0,0,afternoon,26.0,kitchen_faucet,
2025-04-21 13:12:54,1.2,10.0,0.2,1.88,13,0,0,afternoon,34.0,,
2025-04-21 13:13:26,1.38,17.0,0.39,1.88,13,0,0,afternoon,32.0,,
2025-04-21 13:16:51,1.13,31.0,0.58,1.98,13,0,0,afternoon,205.0,,
2025-04-21 13:19:09,1.21,80.0,1.62,2.19,13,0,0,afternoon,138.0,,
2025-04-21 13:24:14,2.15,32.0,1.15,3.03,13,0,0,afternoon,305.0,,
2025-04-21 13:31:01,2.03,152.0,5.15,3.13,13,0,0,afternoon,407.0,,shower
2025-04-21 14:38:35,0.06,478.0,0.48,1.98,14,0,0,afternoon,4054.0,,
2025-04-21 14:39:58,1.38,14.0,0.32,1.77,14,0,0,afternoon,83.0,,
2025-04-21 14:42:03,1.37,19.0,0.43,1.88,14,0,0,afternoon,125.0,,
2025-04-21 14:56:40,1.67,5.0,0.14,1.57,14,0,0,afternoon,877.0,kitchen_faucet,
2025-04-21 14:57:55,1.57,6.0,0.16,1.77,14,0,0,afternoon,75.0,kitchen_faucet,
2025-04-21 15:01:23,1.46,26.0,0.63,1.88,15,0,0,afternoon,208.0,,
2025-04-21 15:17:39,1.57,15.0,0.39,1.67,15,0,0,afternoon,976.0,,
2025-04-21 15:19:09,1.48,29.0,0.71,1.98,15,0,0,afternoon,90.0,,
2025-04-21 15:20:35,1.71,14.0,0.4,2.09,15,0,0,afternoon,86.0,,
2025-04-21 15:27:46,0.05,297.0,0.26,1.98,15,0,0,afternoon,431.0,,
2025-04-21 15:28:01,1.22,3.0,0.06,0.73,15,0,0,afternoon,15.0,kitchen_faucet,
2025-04-21 15:28:20,0.91,12.0,0.18,1.15,15,0,0,afternoon,19.0,,
2025-04-21 15:28:45,1.42,7.0,0.17,1.88,15,0,0,afternoon,25.0,kitchen_faucet,
2025-04-21 15:29:51,1.62,35.0,0.95,1.98,15,0,0,afternoon,66.0,,
2025-04-21 15:30:45,1.65,13.0,0.36,1.98,15,0,0,afternoon,54.0,,
2025-04-21 15:31:00,1.65,6.0,0.17,1.88,15,0,0,afternoon,15.0,kitchen_faucet,
2025-04-21 15:31:54,1.43,8.0,0.19,1.98,15,0,0,afternoon,54.0,kitchen_faucet,
2025-04-21 15:32:52,1.37,8.0,0.18,1.88,15,0,0,afternoon,58.0,kitchen_faucet,
2025-04-21 15:34:05,1.41,20.0,0.47,1.57,15,0,0,afternoon,73.0,,
2025-04-21 15:34:53,1.64,7.0,0.19,1.98,15,0,0,afternoon,48.0,kitchen_faucet,
2025-04-21 15:35:08,1.91,3.0,0.1,1.15,15,0,0,afternoon,15.0,kitchen_faucet,
2025-04-21 15:35:37,4.17,1.0,0.07,0.83,15,0,0,afternoon,29.0,kitchen_faucet,
2025-04-21 15:36:22,1.17,4.0,0.08,0.94,15,0,0,afternoon,45.0,kitchen_faucet,
2025-04-21 15:38:07,0.92,91.0,1.39,1.46,15,0,0,afternoon,105.0,,
2025-04-21 15:39:19,2.12,35.0,1.23,2.71,15,0,0,afternoon,72.0,,WC
2025-04-21 15:40:57,1.04,9.0,0.16,1.36,15,0,0,afternoon,98.0,kitchen_faucet,
2025-04-21 15:41:37,1.04,9.0,0.16,1.36,15,0,0,afternoon,40.0,kitchen_faucet,
2025-04-21 15:45:57,1.04,9.0,0.16,1.36,15,0,0,afternoon,260.0,kitchen_faucet,
2025-04-21 15:46:37,1.04,9.0,0.16,1.36,15,0,0,afternoon,40.0,kitchen_faucet,
2025-04-21 15:47:16,1.11,8.0,0.15,1.36,15,0,0,afternoon,39.0,kitchen_faucet,
2025-04-21 15:47:57,1.04,9.0,0.16,1.36,15,0,0,afternoon,41.0,kitchen_faucet,
2025-04-21 15:50:26,1.57,35.0,0.91,1.98,15,0,0,afternoon,149.0,,
2025-04-21 15:55:28,0.49,53.0,0.43,2.09,15,0,0,afternoon,302.0,,
2025-04-21 16:26:42,0.94,34.0,0.53,1.36,16,0,0,afternoon,1874.0,,
2025-04-21 16:33:02,0.89,94.0,1.4,1.36,16,0,0,afternoon,380.0,,
2025-04-21 18:18:13,0.03,6184.0,2.63,2.5,18,0,0,evening,6311.0,,
2025-04-21 18:18:50,0.38,11.0,0.07,0.63,18,0,0,evening,37.0,,
2025-04-21 19:44:31,0.0,5132.0,0.06,0.73,19,0,0,evening,5141.0,,
2025-04-21 20:33:28,2.47,30.0,1.23,3.13,20,0,0,evening,2937.0,,WC
2025-04-21 21:09:28,1.7,4.0,0.11,1.36,21,0,0,evening,2160.0,kitchen_faucet,
2025-04-21 21:09:43,1.57,6.0,0.16,1.77,21,0,0,evening,15.0,kitchen_faucet,
2025-04-21 21:10:17,1.57,6.0,0.16,1.77,21,0,0,evening,34.0,kitchen_faucet,
2025-04-21 21:10:51,1.61,12.0,0.32,1.98,21,0,0,evening,34.0,,
2025-04-21 21:11:51,0.92,13.0,0.2,1.25,21,0,0,evening,60.0,,
2025-04-21 22:31:43,0.03,830.0,0.46,1.98,22,0,0,evening,4792.0,,
2025-04-21 22:33:28,3.13,1.0,0.05,0.63,22,0,0,evening,105.0,kitchen_faucet,
2025-04-22 05:24:54,0.0,20026.0,1.21,3.03,5,1,0,night,24686.0,,
2025-04-22 07:43:24,1.99,37.0,1.23,2.5,7,1,0,morning,8310.0,,WC
2025-04-22 07:45:28,1.57,13.0,0.34,1.88,7,1,0,morning,124.0,,
2025-04-22 07:50:42,1.64,7.0,0.19,1.88,7,1,0,morning,314.0,kitchen_faucet,
2025-04-22 07:53:07,1.42,26.0,0.62,1.88,7,1,0,morning,145.0,,
2025-04-22 07:54:01,1.38,34.0,0.78,1.77,7,1,0,morning,54.0,,
2025-04-22 07:59:20,0.54,24.0,0.22,0.94,7,1,0,morning,319.0,,
2025-04-22 07:59:36,0.87,3.0,0.04,0.52,7,1,0,morning,16.0,kitchen_faucet,
2025-04-22 08:00:08,0.55,19.0,0.17,0.94,8,1,0,morning,32.0,,
2025-04-22 08:01:13,1.97,49.0,1.61,2.4,8,1,0,morning,65.0,,WC
2025-04-22 08:03:05,0.15,67.0,0.17,1.57,8,1,0,morning,112.0,,
2025-04-22 08:07:12,1.49,22.0,0.55,1.88,8,1,0,morning,247.0,,
2025-04-22 08:09:19,1.48,18.0,0.44,1.88,8,1,0,morning,127.0,,
2025-04-22 08:09:53,1.5,25.0,0.63,1.98,8,1,0,morning,34.0,,
2025-04-22 08:12:14,1.51,73.0,1.83,1.98,8,1,0,morning,141.0,,
2025-04-22 08:17:16,1.61,229.0,6.16,3.65,8,1,0,morning,302.0,,
2025-04-22 08:19:01,0.2,44.0,0.15,1.67,8,1,0,morning,105.0,,
2025-04-22 08:20:53,1.57,8.0,0.21,1.77,8,1,0,morning,112.0,kitchen_faucet,
2025-04-22 08:24:35,1.46,20.0,0.49,1.88,8,1,0,morning,222.0,,
2025-04-22 08:30:35,1.31,114.0,2.49,1.77,8,1,0,morning,360.0,,
2025-04-22 08:31:04,3.13,1.0,0.05,0.63,8,1,0,morning,29.0,kitchen_faucet,
2025-04-22 08:37:35,2.09,3.0,0.1,1.25,8,1,0,morning,391.0,kitchen_faucet,
2025-04-22 08:37:46,2.61,1.0,0.04,0.52,8,1,0,morning,11.0,kitchen_faucet,
2025-04-22 08:38:23,1.4,25.0,0.58,1.88,8,1,0,morning,37.0,,
2025-04-22 08:39:04,1.16,28.0,0.54,1.67,8,1,0,morning,41.0,,
2025-04-22 08:40:58,1.57,11.0,0.29,1.88,8,1,0,morning,114.0,,
2025-04-22 08:41:18,2.09,4.0,0.14,1.66,8,1,0,morning,20.0,kitchen_faucet,
2025-04-22 08:42:52,2.24,63.0,2.35,2.92,8,1,0,morning,94.0,,
2025-04-22 08:52:50,0.33,479.0,2.66,1.98,8,1,0,morning,598.0,,
2025-04-22 09:13:35,0.01,179.0,0.04,0.52,9,1,0,morning,1245.0,,
2025-04-22 10:03:29,0.01,184.0,0.04,0.52,10,1,0,morning,2994.0,,
2025-04-22 12:51:49,0.0,9965.0,0.23,1.88,12,1,0,afternoon,10100.0,,
2025-04-22 12:57:15,1.61,12.0,0.32,1.88,12,1,0,afternoon,326.0,,
2025-04-22 12:58:20,1.65,6.0,0.17,1.88,12,1,0,afternoon,65.0,kitchen_faucet,
2025-04-22 13:06:46,0.1,60.0,0.1,1.25,13,1,0,afternoon,506.0,,
2025-04-22 13:09:23,0.24,13.0,0.05,0.63,13,1,0,afternoon,157.0,,
2025-04-22 13:11:25,0.02,107.0,0.04,0.52,13,1,0,afternoon,122.0,,
2025-04-22 13:12:33,0.05,57.0,0.04,0.52,13,1,0,afternoon,68.0,,
2025-04-22 13:36:18,0.01,1299.0,0.22,1.88,13,1,0,afternoon,1425.0,,
2025-04-22 13:50:16,1.42,36.0,0.85,1.98,13,1,0,afternoon,838.0,,
2025-04-22 13:53:29,1.5,57.0,1.43,1.88,13,1,0,afternoon,193.0,,
2025-04-22 14:00:36,1.62,20.0,0.54,1.98,14,1,0,afternoon,427.0,,
2025-04-22 14:02:23,1.36,10.0,0.23,1.88,14,1,0,afternoon,107.0,,
2025-04-22 14:03:12,1.45,14.0,0.34,1.98,14,1,0,afternoon,49.0,,
2025-04-22 14:05:11,1.54,24.0,0.62,1.98,14,1,0,afternoon,119.0,,
2025-04-22 14:06:42,1.61,12.0,0.32,1.88,14,1,0,afternoon,91.0,,
2025-04-22 14:06:53,1.83,2.0,0.06,0.73,14,1,0,afternoon,11.0,kitchen_faucet,
2025-04-22 14:07:18,1.83,2.0,0.06,0.73,14,1,0,afternoon,25.0,kitchen_faucet,
2025-04-22 14:09:17,1.36,5.0,0.11,1.36,14,1,0,afternoon,119.0,kitchen_faucet,
2025-04-22 14:09:26,2.09,3.0,0.1,1.25,14,1,0,afternoon,9.0,kitchen_faucet,
2025-04-22 14:14:52,1.4,25.0,0.58,1.88,14,1,0,afternoon,326.0,,
2025-04-22 14:17:57,1.45,176.0,4.25,1.88,14,1,0,afternoon,185.0,,
2025-04-22 14:22:46,0.01,198.0,0.04,0.52,14,1,0,afternoon,289.0,,
2025-04-22 14:23:06,0.57,12.0,0.11,0.94,14,1,0,afternoon,20.0,,
2025-04-22 14:25:47,2.0,38.0,1.27,2.61,14,1,0,afternoon,161.0,,WC
2025-04-22 15:12:07,1.39,12.0,0.28,1.98,15,1,0,afternoon,2780.0,,
2025-04-22 15:16:22,1.47,62.0,1.52,1.88,15,1,0,afternoon,255.0,,
2025-04-22 15:21:42,0.96,202.0,3.22,1.98,15,1,0,afternoon,320.0,,
2025-04-22 15:23:36,1.43,54.0,1.29,1.77,15,1,0,afternoon,114.0,,
2025-04-22 15:25:09,1.59,39.0,1.03,2.09,15,1,0,afternoon,93.0,,
2025-04-22 15:27:34,1.64,89.0,2.43,2.09,15,1,0,afternoon,145.0,,
2025-04-22 15:28:16,1.47,32.0,0.78,1.88,15,1,0,afternoon,42.0,,
2025-04-22 15:29:42,1.55,32.0,0.83,2.09,15,1,0,afternoon,86.0,,
2025-04-22 15:34:20,0.01,192.0,0.04,0.52,15,1,0,afternoon,278.0,,
2025-04-22 15:36:02,1.04,5.0,0.09,0.94,15,1,0,afternoon,102.0,kitchen_faucet,
2025-04-22 15:37:26,1.39,9.0,0.21,1.67,15,1,0,afternoon,84.0,kitchen_faucet,
2025-04-22 17:05:51,0.0,4346.0,0.1,0.83,17,1,0,afternoon,5305.0,,
2025-04-22 17:29:40,1.23,11.0,0.23,1.46,17,1,0,afternoon,1429.0,,
2025-04-22 17:29:59,1.04,11.0,0.19,1.36,17,1,0,afternoon,19.0,,
2025-04-22 17:30:35,0.81,29.0,0.39,1.04,17,1,0,afternoon,36.0,,
2025-04-22 17:31:32,0.83,47.0,0.65,1.25,17,1,0,afternoon,57.0,,
2025-04-22 17:46:34,2.07,34.0,1.17,2.5,17,1,0,afternoon,902.0,,
2025-04-22 17:47:05,1.4,13.0,0.3,1.77,17,1,0,afternoon,31.0,,
2025-04-22 18:00:09,0.94,67.0,1.05,1.36,18,1,0,evening,784.0,,
2025-04-22 18:01:00,1.29,28.0,0.6,1.46,18,1,0,evening,51.0,,
2025-04-22 18:01:14,1.11,8.0,0.15,1.77,18,1,0,evening,14.0,kitchen_faucet,
2025-04-22 18:03:31,1.39,15.0,0.35,1.77,18,1,0,evening,137.0,,
2025-04-22 18:05:00,2.09,34.0,1.18,2.5,18,1,0,evening,89.0,,
2025-04-22 18:16:51,1.7,12.0,0.34,2.09,18,1,0,evening,711.0,,
2025-04-22 18:22:29,1.67,5.0,0.14,1.67,18,1,0,evening,338.0,kitchen_faucet,
2025-04-22 18:22:36,3.13,1.0,0.05,0.63,18,1,0,evening,7.0,kitchen_faucet,
2025-04-22 18:31:04,2.34,130.0,5.08,3.44,18,1,0,evening,508.0,,shower
2025-04-22 18:31:11,2.61,1.0,0.04,0.52,18,1,0,evening,7.0,kitchen_faucet,
2025-04-22 18:34:52,0.8,15.0,0.2,1.04,18,1,0,evening,221.0,,
2025-04-22 18:36:15,0.22,61.0,0.23,2.5,18,1,0,evening,83.0,,
2025-04-22 18:36:50,1.8,24.0,0.72,2.71,18,1,0,evening,35.0,,
2025-04-22 18:37:45,2.09,2.0,0.07,0.83,18,1,0,evening,55.0,kitchen_faucet,
2025-04-22 18:38:53,0.75,34.0,0.43,2.3,18,1,0,evening,68.0,,
2025-04-22 18:43:46,0.59,15.0,0.15,1.04,18,1,0,evening,293.0,,
2025-04-22 19:16:15,0.48,14.0,0.11,0.83,19,1,0,evening,1949.0,,
2025-04-22 19:23:15,1.57,14.0,0.37,1.88,19,1,0,evening,420.0,,
2025-04-22 19:42:38,0.65,4.0,0.04,0.52,19,1,0,evening,1163.0,kitchen_faucet,
2025-04-22 19:43:55,2.61,1.0,0.04,0.52,19,1,0,evening,77.0,kitchen_faucet,
2025-04-22 20:08:45,2.26,30.0,1.13,2.71,20,1,0,evening,1490.0,,
2025-04-22 21:06:35,1.31,68.0,1.49,1.77,21,1,0,evening,3470.0,,
2025-04-22 21:07:52,1.5,8.0,0.2,2.09,21,1,0,evening,77.0,kitchen_faucet,
2025-04-22 21:08:11,0.89,7.0,0.1,1.15,21,1,0,evening,19.0,kitchen_faucet,
2025-04-22 21:15:26,0.47,10.0,0.08,0.83,21,1,0,evening,435.0,,
2025-04-22 21:38:01,0.81,43.0,0.58,1.25,21,1,0,evening,1355.0,,
2025-04-22 21:39:45,2.01,50.0,1.68,2.3,21,1,0,evening,104.0,,WC
2025-04-22 22:06:57,0.04,100.0,0.07,0.83,22,1,0,evening,1632.0,,
